id,lat,lon,data_hora_gmt,satelite,municipio,estado,pais,municipio_id,estado_id,pais_id,numero_dias_sem_chuva,precipitacao,risco_fogo,bioma,frp
e984fb6b-359d-3dfc-a73a-e700e8fad276,  -6.818500, -59.727300,2026-08-27 00:00:00,GOES-19,APUÍ,AMAZONAS,Brasil,1300144,13,33,,,,Amazônia,52.1
9a637e6a-47f7-3382-af48-190cbf15cc01, -19.223000, -42.322400,2026-08-27 00:00:00,GOES-19,NAQUE,MINAS GERAIS,Brasil,3144359,31,33,,,,Mata Atlântica,85.9
89349121-1179-310f-acc1-da4662b7d101,  -6.267700, -53.356500,2026-08-27 00:00:00,GOES-19,ALTAMIRA,PARÁ,Brasil,1500602,15,33,,,,Amazônia,64.4
8dc0592a-12fd-354a-a95e-449468f5d43b, -10.372300, -45.076700,2026-08-27 00:00:00,GOES-19,CORRENTE,PIAUÍ,Brasil,2202901,22,33,,,,Cerrado,92.1
bfe354f8-8c69-307e-8cc5-f83824540a39,  -8.241000, -55.000300,2026-08-27 00:00:00,GOES-19,ALTAMIRA,PARÁ,Brasil,1500602,15,33,,,,Amazônia,62.7
ebc0aaca-689f-3372-875d-6e684834d3b9,  -9.228200, -51.542800,2026-08-27 00:00:00,GOES-19,SÃO FÉLIX DO XINGU,PARÁ,Brasil,1507300,15,33,,,,Amazônia,385.4
eadf13b4-0495-3422-85ec-d95aaf74968e, -14.798100, -48.785100,2026-08-27 00:00:00,GOES-19,BARRO ALTO,GOIÁS,Brasil,5203203,52,33,,,,Cerrado,86.3
a41a33d5-edf7-3be8-bd03-9bf6e33cc5c5,  -8.795000, -50.038700,2026-08-27 00:00:00,GOES-19,SANTA MARIA DAS BARREIRAS,PARÁ,Brasil,1506583,15,33,,,,Amazônia,71.2
a301578f-5f4d-344b-b90d-6b234293286b, -10.353300, -45.079100,2026-08-27 00:00:00,GOES-19,CORRENTE,PIAUÍ,Brasil,2202901,22,33,,,,Cerrado,64.6
de78d7bd-80d9-3280-b96b-42d5e84b8174, -13.470700, -57.057400,2026-08-27 00:00:00,GOES-19,NOVA MARINGÁ,MATO GROSSO,Brasil,5108907,51,33,,,,Cerrado,68.8
5950cb5e-4224-3e12-8aee-84624eb0053e,  -6.639600, -53.193400,2026-08-27 00:00:00,GOES-19,SÃO FÉLIX DO XINGU,PARÁ,Brasil,1507300,15,33,,,,Amazônia,115.5
c425b825-06a8-3d0b-829b-acedef003757,  -4.569200, -44.088700,2026-08-27 00:00:00,GOES-19,CODÓ,MARANHÃO,Brasil,2103307,21,33,,,,Cerrado,802.6
6be9759a-a296-30cf-978e-e00666b12325,   2.580000, -60.697300,2026-08-27 00:00:00,GOES-19,CANTÁ,RORAIMA,Brasil,1400175,14,33,,,,Amazônia,72.5
f108463c-c524-3f81-a957-500fbfee9b48,   2.598300, -60.697000,2026-08-27 00:00:00,GOES-19,CANTÁ,RORAIMA,Brasil,1400175,14,33,,,,Amazônia,57.8
2d14f95a-16c9-39eb-b89a-9b1e79c143f7, -11.754600, -54.520900,2026-08-27 00:00:00,GOES-19,UNIÃO DO SUL,MATO GROSSO,Brasil,5108303,51,33,,,,Amazônia,69.4
efd22c67-4cf0-3a18-a65a-505e49e8a35b,  -8.927300, -48.367900,2026-08-27 00:00:00,GOES-19,TUPIRAMA,TOCANTINS,Brasil,1721257,17,33,,,,Cerrado,74.9
66e37437-5375-38a8-9c82-7e9a7ecd31f2,   2.580100, -60.678300,2026-08-27 00:00:00,GOES-19,CANTÁ,RORAIMA,Brasil,1400175,14,33,,,,Amazônia,46.7
6e63f4b6-c300-3ac6-a9d5-29495f6ef7a2, -10.353600, -45.056100,2026-08-27 00:00:00,GOES-19,CORRENTE,PIAUÍ,Brasil,2202901,22,33,,,,Cerrado,80.2
d8ecb3c5-9e65-3156-b127-052961e25664,  -6.303400, -53.557900,2026-08-27 00:00:00,GOES-19,ALTAMIRA,PARÁ,Brasil,1500602,15,33,,,,Amazônia,50.4
9ddbb8ed-a9db-33be-ac6c-852c8108cb66, -10.372700, -45.053700,2026-08-27 00:00:00,GOES-19,CORRENTE,PIAUÍ,Brasil,2202901,22,33,,,,Cerrado,123.4
cf52ba20-9ead-3d7c-9991-b77fe4d96942,  -8.813300, -50.079700,2026-08-27 00:00:00,GOES-19,SANTA MARIA DAS BARREIRAS,PARÁ,Brasil,1506583,15,33,,,,Amazônia,60.4
93880dec-cb10-35c4-b30b-8317dca38e5b, -19.203400, -42.302700,2026-08-27 00:00:00,GOES-19,NAQUE,MINAS GERAIS,Brasil,3144359,31,33,,,,Mata Atlântica,71.5
11a74830-39c6-3748-9c07-d38c37dd8502,  -8.813500, -50.058300,2026-08-27 00:00:00,GOES-19,SANTA MARIA DAS BARREIRAS,PARÁ,Brasil,1506583,15,33,,,,Amazônia,95.7
f867c64c-524b-394c-9ddd-26a239f9c9ba,  -4.569400, -44.065700,2026-08-27 00:00:00,GOES-19,CODÓ,MARANHÃO,Brasil,2103307,21,33,,,,Cerrado,309.3
86d31619-8938-3ca5-94af-c8c33ee0e85d, -13.471000, -57.037300,2026-08-27 00:00:00,GOES-19,NOVA MARINGÁ,MATO GROSSO,Brasil,5108907,51,33,,,,Cerrado,64.9
09eedb33-620c-326e-b1de-7ab161800242, -11.735700, -54.522700,2026-08-27 00:00:00,GOES-19,UNIÃO DO SUL,MATO GROSSO,Brasil,5108303,51,33,,,,Amazônia,86.1
6f9fd26a-6548-3a4e-8961-10984381737d, -13.360700, -51.465900,2026-08-27 00:00:00,GOES-19,RIBEIRÃO CASCALHEIRA,MATO GROSSO,Brasil,5107180,51,33,,,,Cerrado,93.8
99dd0f2e-6eb9-303b-aca1-95295d3874e8,  -5.864000, -43.584400,2026-08-27 00:00:00,GOES-19,LAGOA DO MATO,MARANHÃO,Brasil,2105922,21,33,,,,Cerrado,55.5
14746b63-84d3-3b15-a86b-ebfd19c09104, -10.389800, -61.192500,2026-08-27 00:00:00,GOES-19,RONDOLÂNDIA,MATO GROSSO,Brasil,5107578,51,33,,,,Amazônia,51.7
70ac276f-f709-3c41-84f6-7bb60252024f,  -7.069800, -44.910700,2026-08-27 00:00:00,GOES-19,SÃO FÉLIX DE BALSAS,MARANHÃO,Brasil,2110807,21,33,,,,Cerrado,81.8
dde24742-62a2-3f7d-aa18-a5d227284caa,  -9.228000, -51.563800,2026-08-27 00:00:00,GOES-19,SÃO FÉLIX DO XINGU,PARÁ,Brasil,1507300,15,33,,,,Amazônia,113.0
e794557f-d9e7-361c-8e58-88321a2ff156,  -8.794700, -50.060000,2026-08-27 00:00:00,GOES-19,SANTA MARIA DAS BARREIRAS,PARÁ,Brasil,1506583,15,33,,,,Amazônia,70.2
0dedfba0-b0b0-30ae-94d0-f459964fa367,  -9.209400, -51.544400,2026-08-27 00:00:00,GOES-19,SÃO FÉLIX DO XINGU,PARÁ,Brasil,1507300,15,33,,,,Amazônia,75.9
f0823c75-19f9-3e4b-860d-fcc3506ffe30,  -6.800000, -59.728100,2026-08-27 00:00:00,GOES-19,APUÍ,AMAZONAS,Brasil,1300144,13,33,,,,Amazônia,62.1
9132a1b5-116c-3c7a-9ee0-a1bdd97c1351, -11.754400, -54.541400,2026-08-27 00:00:00,GOES-19,UNIÃO DO SUL,MATO GROSSO,Brasil,5108303,51,33,,,,Amazônia,73.9
cf62e9b1-3f45-311d-a5aa-513104c3f51e,  -7.337800, -44.451400,2026-08-27 00:00:00,GOES-19,URUÇUÍ,PIAUÍ,Brasil,2211209,22,33,,,,Cerrado,73.1
4f128ad3-999d-3d2a-9586-d89dd75ffd06,  -4.550700, -44.066800,2026-08-27 00:00:00,GOES-19,CODÓ,MARANHÃO,Brasil,2103307,21,33,,,,Cerrado,303.9
95a70130-eda3-31e0-9eec-27ae8fd9b037, -11.735400, -54.543100,2026-08-27 00:00:00,GOES-19,UNIÃO DO SUL,MATO GROSSO,Brasil,5108303,51,33,,,,Amazônia,119.8
cdf40591-a961-3621-879b-99586d9f42ec,  -7.338100, -44.428300,2026-08-27 00:00:00,GOES-19,URUÇUÍ,PIAUÍ,Brasil,2211209,22,33,,,,Cerrado,87.1
006304eb-7100-3ac2-9464-d1c2f957672f,  -6.267600, -53.376800,2026-08-27 00:00:00,GOES-19,ALTAMIRA,PARÁ,Brasil,1500602,15,33,,,,Amazônia,61.4
fca80a01-e989-3e7e-8ede-008804ef258a,  -6.800200, -59.708800,2026-08-27 00:00:00,GOES-19,APUÍ,AMAZONAS,Brasil,1300144,13,33,,,,Amazônia,67.1
8db19af1-42e6-3fce-95c1-61090ea89620,  -4.587900, -44.087600,2026-08-27 00:00:00,GOES-19,CODÓ,MARANHÃO,Brasil,2103307,21,33,,,,Cerrado,116.3
58786622-1655-3209-b63d-cc26fd9e292f,  -9.228400, -51.521900,2026-08-27 00:00:00,GOES-19,SÃO FÉLIX DO XINGU,PARÁ,Brasil,1507300,15,33,,,,Amazônia,66.7
506020a9-c3aa-393d-b1c5-384003838b5b,  -4.569000, -44.111700,2026-08-27 00:00:00,GOES-19,CODÓ,MARANHÃO,Brasil,2103307,21,33,,,,Cerrado,63.3
a7857044-05ae-37b6-ada7-929115319715,  -6.303500, -53.537600,2026-08-27 00:00:00,GOES-19,ALTAMIRA,PARÁ,Brasil,1500602,15,33,,,,Amazônia,58.2
e684e280-a948-3c68-8094-0d5ed83d0d61,  -4.550500, -44.089900,2026-08-27 00:00:00,GOES-19,CODÓ,MARANHÃO,Brasil,2103307,21,33,,,,Cerrado,640.1
78aa1d89-3c47-3dfe-91c1-126c1b781d89,  -3.735000, -59.323500,2026-08-27 00:00:00,GOES-19,AUTAZES,AMAZONAS,Brasil,1300300,13,33,,,,Amazônia,56.3
a42d6a5d-1782-38ea-91a9-15d9523102db, -19.223800, -42.297100,2026-08-27 00:00:00,GOES-19,NAQUE,MINAS GERAIS,Brasil,3144359,31,33,,,,Mata Atlântica,91.5
b97222d3-60ef-3eb2-96fd-0d79ec9caa4c,  -7.510400, -61.383200,2026-08-27 00:00:00,GOES-19,MANICORÉ,AMAZONAS,Brasil,1302702,13,33,,,,Amazônia,52.6
8ce13b58-eab3-359b-bc97-dfcfe5eacedc,  -6.639700, -53.173000,2026-08-27 00:00:00,GOES-19,SÃO FÉLIX DO XINGU,PARÁ,Brasil,1507300,15,33,,,,Amazônia,59.7
ccbb3961-cfcc-3233-975e-6dadd3326830,  -8.795500, -49.996000,2026-08-27 00:10:00,GOES-19,SANTA MARIA DAS BARREIRAS,PARÁ,Brasil,1506583,15,33,,,,Amazônia,62.5
89fba1be-d7cd-3b35-885e-7cd3495c283b,  -6.621000, -53.194500,2026-08-27 00:10:00,GOES-19,SÃO FÉLIX DO XINGU,PARÁ,Brasil,1507300,15,33,,,,Amazônia,48.3
bfe6c1c6-4b25-3bfc-98f0-51e0b9d3e184,  -8.813500, -50.058300,2026-08-27 00:10:00,GOES-19,SANTA MARIA DAS BARREIRAS,PARÁ,Brasil,1506583,15,33,,,,Amazônia,84.7
3d4a58f4-141a-3fc0-83f9-a1d1583fe07c,  -6.267600, -53.376800,2026-08-27 00:10:00,GOES-19,ALTAMIRA,PARÁ,Brasil,1500602,15,33,,,,Amazônia,57.4
91cf9f52-a8d8-3950-9258-2ef3860a146e, -11.735400, -54.543100,2026-08-27 00:10:00,GOES-19,UNIÃO DO SUL,MATO GROSSO,Brasil,5108303,51,33,,,,Amazônia,118.7
e51881ef-51de-3adf-99a7-d1b63328b07c,  -7.338100, -44.428300,2026-08-27 00:10:00,GOES-19,URUÇUÍ,PIAUÍ,Brasil,2211209,22,33,,,,Cerrado,61.6
5d0a09e5-4b27-3094-bfbd-311a00d6ea11,  -6.800000, -59.728100,2026-08-27 00:10:00,GOES-19,APUÍ,AMAZONAS,Brasil,1300144,13,33,,,,Amazônia,58.3
a97a69cd-65a5-3716-82bc-a49b1939b7dd,   2.580000, -60.697300,2026-08-27 00:10:00,GOES-19,CANTÁ,RORAIMA,Brasil,1400175,14,33,,,,Amazônia,53.1
f5402a76-827f-3549-87de-4a4e567770b5, -14.798100, -48.785100,2026-08-27 00:10:00,GOES-19,BARRO ALTO,GOIÁS,Brasil,5203203,52,33,,,,Cerrado,85.1
7ee5e692-19e4-3343-a07e-24776abb5e44,  -4.550400, -44.112800,2026-08-27 00:10:00,GOES-19,CODÓ,MARANHÃO,Brasil,2103307,21,33,,,,Cerrado,66.1
289c5e81-81eb-359e-9b7b-277d563cc781,  -5.999500, -57.844400,2026-08-27 00:10:00,GOES-19,JACAREACANGA,PARÁ,Brasil,1503754,15,33,,,,Amazônia,72.2
225d2e55-1c56-3ce5-b213-44daead9e33a, -10.372700, -45.053700,2026-08-27 00:10:00,GOES-19,CORRENTE,PIAUÍ,Brasil,2202901,22,33,,,,Cerrado,143.5
dfc1508d-529a-30cb-9505-b416f00e41d3,  -9.209400, -51.544400,2026-08-27 00:10:00,GOES-19,SÃO FÉLIX DO XINGU,PARÁ,Brasil,1507300,15,33,,,,Amazônia,104.8
e542d77c-8c9d-3b68-b741-3701a6655b86,  -6.018000, -57.824200,2026-08-27 00:10:00,GOES-19,JACAREACANGA,PARÁ,Brasil,1503754,15,33,,,,Amazônia,52.8
01c8d537-6f78-3404-9607-22c3514060b2,  -7.366500, -55.153400,2026-08-27 00:10:00,GOES-19,ALTAMIRA,PARÁ,Brasil,1500602,15,33,,,,Amazônia,72.1
dc43c2b8-43a0-3188-aa20-a23d85b8d7a8,  -2.798400, -48.623000,2026-08-27 00:10:00,GOES-19,TAILÂNDIA,PARÁ,Brasil,1507953,15,33,,,,Amazônia,45.6
daf5d72b-2e43-3f10-9142-6514903599a3, -13.360700, -51.465900,2026-08-27 00:10:00,GOES-19,RIBEIRÃO CASCALHEIRA,MATO GROSSO,Brasil,5107180,51,33,,,,Cerrado,106.5
237e5e56-de4d-3122-92ab-01a6e8a0e0f3,  -5.999600, -57.824900,2026-08-27 00:10:00,GOES-19,JACAREACANGA,PARÁ,Brasil,1503754,15,33,,,,Amazônia,91.5
1601a843-0f7e-3962-995b-fa673091f0d8, -13.471000, -57.037300,2026-08-27 00:10:00,GOES-19,NOVA MARINGÁ,MATO GROSSO,Brasil,5108907,51,33,,,,Cerrado,67.0
b6f5852a-bd8d-3c6f-9801-cd09f3adf29f,  -4.569000, -44.111700,2026-08-27 00:10:00,GOES-19,CODÓ,MARANHÃO,Brasil,2103307,21,33,,,,Cerrado,139.0
919a4cd6-d67a-3759-b086-37f4728e93af, -13.470700, -57.057400,2026-08-27 00:10:00,GOES-19,NOVA MARINGÁ,MATO GROSSO,Brasil,5108907,51,33,,,,Cerrado,73.6
27830d41-c22f-3e3e-bbb6-a47d1530f113, -10.372300, -45.076700,2026-08-27 00:10:00,GOES-19,CORRENTE,PIAUÍ,Brasil,2202901,22,33,,,,Cerrado,119.6
9cfca412-3a08-3805-80ba-c0c901dcb3a9,  -6.639600, -53.193400,2026-08-27 00:10:00,GOES-19,SÃO FÉLIX DO XINGU,PARÁ,Brasil,1507300,15,33,,,,Amazônia,128.2
bc9a4178-8cc0-3802-b5a8-f8f4bcc9fcd1,  -6.800200, -59.708800,2026-08-27 00:10:00,GOES-19,APUÍ,AMAZONAS,Brasil,1300144,13,33,,,,Amazônia,64.5
c2410514-ccb2-39ba-b678-9b564dfddb5a,  -6.658100, -53.192400,2026-08-27 00:10:00,GOES-19,SÃO FÉLIX DO XINGU,PARÁ,Brasil,1507300,15,33,,,,Amazônia,53.4
ed328398-47b9-3f88-8915-196e9c9362e9,  -2.816800, -48.643900,2026-08-27 00:10:00,GOES-19,TAILÂNDIA,PARÁ,Brasil,1507953,15,33,,,,Amazônia,30.0
74827acb-3b06-39fd-ba25-fc588860aebc,  -4.550500, -44.089900,2026-08-27 00:10:00,GOES-19,CODÓ,MARANHÃO,Brasil,2103307,21,33,,,,Cerrado,459.4
1b028467-555f-3b26-aee6-3ca9c1597180,  -4.550700, -44.066800,2026-08-27 00:10:00,GOES-19,CODÓ,MARANHÃO,Brasil,2103307,21,33,,,,Cerrado,294.4
ec3cbeea-9245-32b9-9144-c8731e9a8245,  -8.795000, -50.038700,2026-08-27 00:10:00,GOES-19,SANTA MARIA DAS BARREIRAS,PARÁ,Brasil,1506583,15,33,,,,Amazônia,60.5
1f54c91a-b810-31be-9cfb-ae199154c633,  -8.927300, -48.367900,2026-08-27 00:10:00,GOES-19,TUPIRAMA,TOCANTINS,Brasil,1721257,17,33,,,,Cerrado,88.2
b6edb2ed-bc2d-3c1d-bccc-5a64b4e75966,  -8.241000, -55.000300,2026-08-27 00:10:00,GOES-19,ALTAMIRA,PARÁ,Brasil,1500602,15,33,,,,Amazônia,64.4
032d01f7-6fd4-393f-9734-a9699979b2fe,  -6.818600, -59.708100,2026-08-27 00:10:00,GOES-19,APUÍ,AMAZONAS,Brasil,1300144,13,33,,,,Amazônia,52.5
de7e7dd2-0545-3553-938f-4d9a3fca10c4, -14.797700, -48.807400,2026-08-27 00:10:00,GOES-19,BARRO ALTO,GOIÁS,Brasil,5203203,52,33,,,,Cerrado,85.2
2e54a6d0-1c5c-3923-9913-1c3083967a31,  -6.818500, -59.727300,2026-08-27 00:10:00,GOES-19,APUÍ,AMAZONAS,Brasil,1300144,13,33,,,,Amazônia,53.7
25fe8b93-58a3-373b-b7c1-8deb78c5998d,  -4.182400, -49.405300,2026-08-27 00:10:00,GOES-19,GOIANÉSIA DO PARÁ,PARÁ,Brasil,1503093,15,33,,,,Amazônia,46.3
67bb1dbe-a86f-3d78-a4dd-844c1f28afbe, -13.379900, -51.463400,2026-08-27 00:10:00,GOES-19,RIBEIRÃO CASCALHEIRA,MATO GROSSO,Brasil,5107180,51,33,,,,Cerrado,110.8
a2388960-3896-3720-82b5-06cb51d8d2bf,  -4.569200, -44.088700,2026-08-27 00:10:00,GOES-19,CODÓ,MARANHÃO,Brasil,2103307,21,33,,,,Cerrado,941.7
e2140908-2a34-375d-aa59-5cdad0e1ff03,  -9.228000, -51.563800,2026-08-27 00:10:00,GOES-19,SÃO FÉLIX DO XINGU,PARÁ,Brasil,1507300,15,33,,,,Amazônia,61.8
01bdf18b-d637-34d6-be20-00656894ee59, -11.735700, -54.522700,2026-08-27 00:10:00,GOES-19,UNIÃO DO SUL,MATO GROSSO,Brasil,5108303,51,33,,,,Amazônia,85.5
9d889b7d-37fe-3d78-9226-863db39d92ad,  -4.569400, -44.065700,2026-08-27 00:10:00,GOES-19,CODÓ,MARANHÃO,Brasil,2103307,21,33,,,,Cerrado,555.0
52dce0bf-64ac-3ee7-8c87-32e54adc6f8d, -10.389800, -61.192500,2026-08-27 00:10:00,GOES-19,RONDOLÂNDIA,MATO GROSSO,Brasil,5107578,51,33,,,,Amazônia,46.8
4fbbef86-29f9-3f95-9cd4-85de2a7397fc,  -9.228200, -51.542800,2026-08-27 00:10:00,GOES-19,SÃO FÉLIX DO XINGU,PARÁ,Brasil,1507300,15,33,,,,Amazônia,211.4
6467d8f3-73b4-34e3-aaff-a6554bb773db,  -6.267700, -53.356500,2026-08-27 00:10:00,GOES-19,ALTAMIRA,PARÁ,Brasil,1500602,15,33,,,,Amazônia,59.1
73e9f65d-b1b2-3d85-9427-98b1f17d3b1d,  -6.639700, -53.173000,2026-08-27 00:10:00,GOES-19,SÃO FÉLIX DO XINGU,PARÁ,Brasil,1507300,15,33,,,,Amazônia,54.6
310370df-c681-3c73-a3f2-c959ad081737,  -2.816900, -48.622400,2026-08-27 00:10:00,GOES-19,TAILÂNDIA,PARÁ,Brasil,1507953,15,33,,,,Amazônia,61.5
3b4aae22-8c69-38d5-bbf2-462eaf21d386, -13.361100, -51.444500,2026-08-27 00:10:00,GOES-19,RIBEIRÃO CASCALHEIRA,MATO GROSSO,Brasil,5107180,51,33,,,,Cerrado,161.6
898197ba-d8a6-3ae2-b597-8539ecc44d70,  -7.069800, -44.910700,2026-08-27 00:10:00,GOES-19,SÃO FÉLIX DE BALSAS,MARANHÃO,Brasil,2110807,21,33,,,,Cerrado,80.5
8f92ddd9-ca38-3b3d-9fab-cfdb59235bc9, -10.848700, -50.518902,2026-08-27 00:14:00,METOP-C,LAGOA DA CONFUSÃO,TOCANTINS,Brasil,1711902,17,33,,,,Cerrado,
2f90ab2a-3ade-3047-99c7-e175ad673393, -11.729600, -54.513401,2026-08-27 00:14:00,METOP-C,UNIÃO DO SUL,MATO GROSSO,Brasil,5108303,51,33,,,,Amazônia,
1cbb4683-f471-3e18-a737-e297c319389c,  -8.798600, -50.069000,2026-08-27 00:14:00,METOP-C,SANTA MARIA DAS BARREIRAS,PARÁ,Brasil,1506583,15,33,,,,Amazônia,
6c598f63-7754-3e02-bf29-54688700b450,  -6.253600, -53.359600,2026-08-27 00:14:00,METOP-C,ALTAMIRA,PARÁ,Brasil,1500602,15,33,,,,Amazônia,
92a05d4b-4244-37d9-aed6-53a62d25e379,  -9.226400, -51.555000,2026-08-27 00:14:00,METOP-C,SÃO FÉLIX DO XINGU,PARÁ,Brasil,1507300,15,33,,,,Amazônia,
5b6c3bac-8ee7-3ac3-9f74-2c5ba18543a8,  -6.921700, -46.423199,2026-08-27 00:14:00,METOP-C,FEIRA NOVA DO MARANHÃO,MARANHÃO,Brasil,2104073,21,33,,,,Cerrado,
07316c4c-e95a-371d-9844-3ca0d81924fb,  -7.643800, -47.143002,2026-08-27 00:14:00,METOP-C,RIACHÃO,MARANHÃO,Brasil,2109502,21,33,,,,Cerrado,
a90ff9c4-ac9e-3b2a-8314-4f66f425f0dd,  -7.743400, -44.751598,2026-08-27 00:14:00,METOP-C,URUÇUÍ,PIAUÍ,Brasil,2211209,22,33,,,,Cerrado,
ff23092a-9759-39ce-8c9e-5d8de2c571a6,  -8.234300, -54.968102,2026-08-27 00:14:00,METOP-C,ALTAMIRA,PARÁ,Brasil,1500602,15,33,,,,Amazônia,
2b78baba-37f5-3e59-bf45-88f699063d32,  -4.544300, -44.084801,2026-08-27 00:14:00,METOP-C,CODÓ,MARANHÃO,Brasil,2103307,21,33,,,,Cerrado,
93ac3ec4-25b6-3ec1-8e74-1cc49a8ae0d9,  -7.014100, -47.968800,2026-08-27 00:14:00,METOP-C,WANDERLÂNDIA,TOCANTINS,Brasil,1722081,17,33,,,,Cerrado,
07198af3-c1fe-334d-a220-628184c7785e,  -7.271400, -45.357300,2026-08-27 00:14:00,METOP-C,LORETO,MARANHÃO,Brasil,2106102,21,33,,,,Cerrado,
b0e00cd4-be17-3774-8475-ead0ae9a187b,  -7.999200, -42.822102,2026-08-27 00:14:00,METOP-C,PAJEÚ DO PIAUÍ,PIAUÍ,Brasil,2207355,22,33,,,,Caatinga,
9f0197ff-26bf-3425-8cdc-3924dfad3c94,  -6.963800, -42.082600,2026-08-27 00:14:00,METOP-C,OEIRAS,PIAUÍ,Brasil,2207009,22,33,,,,Caatinga,
5922bfba-a46e-338e-a6f9-ba3f781114c4,  -8.148100, -46.210701,2026-08-27 00:14:00,METOP-C,BALSAS,MARANHÃO,Brasil,2101400,21,33,,,,Cerrado,
e9fba162-c406-33e4-bcde-f7642ae10270, -11.285100, -46.891399,2026-08-27 00:14:00,METOP-C,ALMAS,TOCANTINS,Brasil,1700400,17,33,,,,Cerrado,
dc326167-c51d-3fda-8ff7-32549aca1b17,  -7.065100, -44.893299,2026-08-27 00:14:00,METOP-C,SÃO FÉLIX DE BALSAS,MARANHÃO,Brasil,2110807,21,33,,,,Cerrado,
28cf9132-3180-3c34-be80-186e2ed7c06b,  -8.792700, -49.991600,2026-08-27 00:14:00,METOP-C,SANTA MARIA DAS BARREIRAS,PARÁ,Brasil,1506583,15,33,,,,Amazônia,
427133ba-a171-3109-b5d7-a022c1f3ffd5,  -5.807400, -46.217999,2026-08-27 00:14:00,METOP-C,GRAJAÚ,MARANHÃO,Brasil,2104800,21,33,,,,Cerrado,
6c7200fc-fe4a-339f-a6aa-1e54eabd57fa,  -3.709800, -45.949501,2026-08-27 00:14:00,METOP-C,ALTO ALEGRE DO PINDARÉ,MARANHÃO,Brasil,2100477,21,33,,,,Amazônia,
cd1aac35-8112-3992-8f0b-58142f8e874c,  -8.824100, -49.606300,2026-08-27 00:14:00,METOP-C,SANTA MARIA DAS BARREIRAS,PARÁ,Brasil,1506583,15,33,,,,Amazônia,
2deaa544-20d2-31a9-8167-b05fd6775e67,  -9.268000, -45.652401,2026-08-27 00:14:00,METOP-C,SANTA FILOMENA,PIAUÍ,Brasil,2209203,22,33,,,,Cerrado,
3362b278-80e5-34b1-a014-5fdc515ee1a1,  -7.055300, -44.895500,2026-08-27 00:14:00,METOP-C,SÃO FÉLIX DE BALSAS,MARANHÃO,Brasil,2110807,21,33,,,,Cerrado,
6c46f35a-4788-3a9d-9dde-6c5bad5e758b,  -5.230300, -44.792702,2026-08-27 00:14:00,METOP-C,TUNTUM,MARANHÃO,Brasil,2112308,21,33,,,,Cerrado,
7be5e39b-97c2-32a0-9aed-0ab1093b5477, -10.758100, -53.962799,2026-08-27 00:14:00,METOP-C,MARCELÂNDIA,MATO GROSSO,Brasil,5105580,51,33,,,,Amazônia,
57d0510a-7da9-344d-9540-c21db55ac1e6,  -7.748300, -44.727402,2026-08-27 00:14:00,METOP-C,URUÇUÍ,PIAUÍ,Brasil,2211209,22,33,,,,Cerrado,
b07bc3d4-300c-36e2-b282-829c5cdfe73c,  -8.795800, -50.006599,2026-08-27 00:14:00,METOP-C,SANTA MARIA DAS BARREIRAS,PARÁ,Brasil,1506583,15,33,,,,Amazônia,
bc9fbc1e-5288-3bc7-9e9d-95ac37a9b8e5,  -6.107000, -46.177898,2026-08-27 00:14:00,METOP-C,GRAJAÚ,MARANHÃO,Brasil,2104800,21,33,,,,Cerrado,
d547418a-b14b-352e-bfab-a5d241a244fe, -11.280800, -46.870899,2026-08-27 00:14:00,METOP-C,ALMAS,TOCANTINS,Brasil,1700400,17,33,,,,Cerrado,
5ff781b3-76b8-3e2e-9a1d-24a50036fcde,  -8.231300, -55.002701,2026-08-27 00:14:00,METOP-C,ALTAMIRA,PARÁ,Brasil,1500602,15,33,,,,Amazônia,
863612ee-b332-3a7d-b836-529309f2395c,  -8.782600, -50.040699,2026-08-27 00:14:00,METOP-C,SANTA MARIA DAS BARREIRAS,PARÁ,Brasil,1506583,15,33,,,,Amazônia,
4c7f9c9b-f73e-308c-82f1-2bd06229d34a, -10.756300, -54.057899,2026-08-27 00:14:00,METOP-C,MARCELÂNDIA,MATO GROSSO,Brasil,5105580,51,33,,,,Amazônia,
b7ea6441-e22b-3258-afce-2f517fcbeb61, -10.861900, -50.534599,2026-08-27 00:14:00,METOP-C,LAGOA DA CONFUSÃO,TOCANTINS,Brasil,1711902,17,33,,,,Cerrado,
bff741ae-01c2-35b5-8070-a361088e7495,  -6.919800, -46.414799,2026-08-27 00:14:00,METOP-C,SÃO PEDRO DOS CRENTES,MARANHÃO,Brasil,2111573,21,33,,,,Cerrado,
eca9674f-febe-3769-b043-92e66285b46b, -10.941100, -51.033100,2026-08-27 00:14:00,METOP-C,LUCIARA,MATO GROSSO,Brasil,5105309,51,33,,,,Cerrado,
4d7aa515-ab8a-3294-8971-37508d59aa7d,  -8.776300, -50.010601,2026-08-27 00:14:00,METOP-C,SANTA MARIA DAS BARREIRAS,PARÁ,Brasil,1506583,15,33,,,,Amazônia,
bae3873f-659a-3e4e-b08d-4571ed1f450d,  -3.708100, -45.942001,2026-08-27 00:14:00,METOP-C,ALTO ALEGRE DO PINDARÉ,MARANHÃO,Brasil,2100477,21,33,,,,Amazônia,
3c4dfdfd-7e1d-37c7-b0dd-d9b78d4b9425, -10.773500, -53.991299,2026-08-27 00:14:00,METOP-C,MARCELÂNDIA,MATO GROSSO,Brasil,5105580,51,33,,,,Amazônia,
ddd5d55a-3092-30e2-93da-5504e2b8f55d,  -9.378400, -48.702400,2026-08-27 00:14:00,METOP-C,MIRANORTE,TOCANTINS,Brasil,1713304,17,33,,,,Cerrado,
a47b8847-589f-3c64-87ab-1b61a6a82960,  -6.929900, -41.621601,2026-08-27 00:14:00,METOP-C,DOM EXPEDITO LOPES,PIAUÍ,Brasil,2203404,22,33,,,,Caatinga,
5aee73fb-3087-36b1-b4cd-97d1657f3eed,  -8.779500, -50.025700,2026-08-27 00:14:00,METOP-C,SANTA MARIA DAS BARREIRAS,PARÁ,Brasil,1506583,15,33,,,,Amazônia,
ae582b45-06d4-3953-80a4-07a27052eb8e,  -9.208700, -51.518002,2026-08-27 00:14:00,METOP-C,SÃO FÉLIX DO XINGU,PARÁ,Brasil,1507300,15,33,,,,Amazônia,
f5eb3209-663a-3440-bcee-21510e83376d,  -9.437500, -51.698502,2026-08-27 00:14:00,METOP-C,SÃO FÉLIX DO XINGU,PARÁ,Brasil,1507300,15,33,,,,Amazônia,
319bee77-f556-361b-bea2-a7fd93495bee,  -8.116400, -45.506001,2026-08-27 00:14:00,METOP-C,RIBEIRO GONÇALVES,PIAUÍ,Brasil,2208908,22,33,,,,Cerrado,
c0ed70cf-caf2-3765-96da-f949b791d517,  -5.867500, -43.602798,2026-08-27 00:14:00,METOP-C,LAGOA DO MATO,MARANHÃO,Brasil,2105922,21,33,,,,Cerrado,
c3d7a8ba-0e95-3fce-99ed-2f1ee645faed,  -3.959000, -43.102402,2026-08-27 00:14:00,METOP-C,BURITI,MARANHÃO,Brasil,2102200,21,33,,,,Cerrado,
24579635-840f-3103-b1b6-5f8c79bbfed8,  -4.168200, -42.441299,2026-08-27 00:14:00,METOP-C,BARRAS,PIAUÍ,Brasil,2201200,22,33,,,,Caatinga,
d3ac1894-1678-34fe-914b-3b5ab47c8699, -10.754200, -53.994900,2026-08-27 00:14:00,METOP-C,MARCELÂNDIA,MATO GROSSO,Brasil,5105580,51,33,,,,Amazônia,
8ac5494a-17f0-3af6-ac01-bfa00b72f914,  -9.222500, -51.535500,2026-08-27 00:14:00,METOP-C,SÃO FÉLIX DO XINGU,PARÁ,Brasil,1507300,15,33,,,,Amazônia,
e9415c64-dffd-3ec0-b27f-355673186acd,  -8.917800, -48.357300,2026-08-27 00:14:00,METOP-C,GUARAÍ,TOCANTINS,Brasil,1709302,17,33,,,,Cerrado,
c0b9113d-7d6c-37e4-8b99-0e41bfd1223a,  -3.462200, -43.365002,2026-08-27 00:14:00,METOP-C,URBANO SANTOS,MARANHÃO,Brasil,2112605,21,33,,,,Cerrado,
d4f920e8-abf3-3d88-9987-33fa5ea621e4,  -7.738500, -44.729599,2026-08-27 00:14:00,METOP-C,URUÇUÍ,PIAUÍ,Brasil,2211209,22,33,,,,Cerrado,
0cb3a98a-9195-3818-9a9c-20dba2858253,  -7.740500, -46.131401,2026-08-27 00:14:00,METOP-C,BALSAS,MARANHÃO,Brasil,2101400,21,33,,,,Cerrado,
49571533-b8dc-3e03-9dfd-56f5ca86e070,  -7.107300, -42.799400,2026-08-27 00:14:00,METOP-C,NAZARÉ DO PIAUÍ,PIAUÍ,Brasil,2206704,22,33,,,,Caatinga,
1fe3d9fb-d211-3387-a9b2-043a9da5baf2,  -4.693100, -44.376598,2026-08-27 00:14:00,METOP-C,CAPINZAL DO NORTE,MARANHÃO,Brasil,2102754,21,33,,,,Cerrado,
681011f8-8d7d-38af-8e95-91147ad06db5,  -4.560700, -44.066700,2026-08-27 00:14:00,METOP-C,CODÓ,MARANHÃO,Brasil,2103307,21,33,,,,Cerrado,
da75a709-f4ec-38dd-9ab5-158992b223c2,  -5.865900, -43.596001,2026-08-27 00:14:00,METOP-C,LAGOA DO MATO,MARANHÃO,Brasil,2105922,21,33,,,,Cerrado,
d4e44c79-bc99-3cb2-b5d9-2b3fafcbc1be, -11.794600, -47.672501,2026-08-27 00:14:00,METOP-C,NATIVIDADE,TOCANTINS,Brasil,1714203,17,33,,,,Cerrado,
e6f985ba-29de-34ec-ad22-39ec48097916,  -7.058600, -44.910198,2026-08-27 00:14:00,METOP-C,SÃO FÉLIX DE BALSAS,MARANHÃO,Brasil,2110807,21,33,,,,Cerrado,
70e9730b-def5-3858-8314-afef08471b9e,  -7.511500, -44.957500,2026-08-27 00:14:00,METOP-C,URUÇUÍ,PIAUÍ,Brasil,2211209,22,33,,,,Cerrado,
e8b88a9e-f598-356e-8e8a-99555ada2298, -10.744600, -53.996799,2026-08-27 00:14:00,METOP-C,MARCELÂNDIA,MATO GROSSO,Brasil,5105580,51,33,,,,Amazônia,
267a1596-bc3f-3b33-b1a6-5ba947c88549,  -7.324000, -42.981300,2026-08-27 00:14:00,METOP-C,FLORIANO,PIAUÍ,Brasil,2203909,22,33,,,,Caatinga,
14a4509d-38b2-32dd-9d5e-d45e5bb353c4,  -4.563900, -44.080399,2026-08-27 00:14:00,METOP-C,CODÓ,MARANHÃO,Brasil,2103307,21,33,,,,Cerrado,
53444890-01f8-34ad-8712-26e1b7a6b91b, -11.282900, -46.881100,2026-08-27 00:14:00,METOP-C,ALMAS,TOCANTINS,Brasil,1700400,17,33,,,,Cerrado,
2e34c432-48e0-3c61-927d-3de864baa156,  -7.144200, -43.187500,2026-08-27 00:14:00,METOP-C,FLORIANO,PIAUÍ,Brasil,2203909,22,33,,,,Caatinga,
43aa4ffb-69b7-388a-b30b-1e7fb906bad6,  -7.997600, -42.815300,2026-08-27 00:14:00,METOP-C,PAJEÚ DO PIAUÍ,PIAUÍ,Brasil,2207355,22,33,,,,Caatinga,
271e429c-8f53-3740-83c5-807e7790e326,  -9.385600, -48.687901,2026-08-27 00:14:00,METOP-C,MIRANORTE,TOCANTINS,Brasil,1713304,17,33,,,,Cerrado,
e378816e-531b-3c5f-a8ff-aec8c79f700c, -11.268800, -46.862801,2026-08-27 00:14:00,METOP-C,ALMAS,TOCANTINS,Brasil,1700400,17,33,,,,Cerrado,
4cd45679-2562-3b62-ac28-b66785ccc0b3,  -9.483700, -40.351002,2026-08-27 00:14:00,METOP-C,JUAZEIRO,BAHIA,Brasil,2918407,29,33,,,,Caatinga,
98b38bd1-5d59-3907-aa0a-9aab47b51b55, -10.371700, -45.063999,2026-08-27 00:14:00,METOP-C,CORRENTE,PIAUÍ,Brasil,2202901,22,33,,,,Cerrado,
fb9bed07-bdc5-3793-8e64-23d8a72459e1,  -6.621500, -53.187000,2026-08-27 00:14:00,METOP-C,SÃO FÉLIX DO XINGU,PARÁ,Brasil,1507300,15,33,,,,Amazônia,
d92bf184-17d1-39b4-825d-a9fdddb2daca,  -7.337200, -44.453701,2026-08-27 00:14:00,METOP-C,URUÇUÍ,PIAUÍ,Brasil,2211209,22,33,,,,Cerrado,
4002458a-1946-38d4-adf6-03b27825fc7e,  -4.554100, -44.082600,2026-08-27 00:14:00,METOP-C,CODÓ,MARANHÃO,Brasil,2103307,21,33,,,,Cerrado,
5cdb0929-8d68-3a76-8190-dae7f92dfdbe,  -6.658700, -43.910599,2026-08-27 00:14:00,METOP-C,NOVA IORQUE,MARANHÃO,Brasil,2107308,21,33,,,,Cerrado,
f3836697-00e5-3cad-8c74-763249b69b5f,  -6.268200, -53.381199,2026-08-27 00:14:00,METOP-C,ALTAMIRA,PARÁ,Brasil,1500602,15,33,,,,Amazônia,
67d3cc8e-2747-3fbf-b8e3-19571f289b27,  -4.550900, -44.068901,2026-08-27 00:14:00,METOP-C,CODÓ,MARANHÃO,Brasil,2103307,21,33,,,,Cerrado,
4afbe368-ae28-348b-b225-2d73da7e8149,  -8.930100, -48.366901,2026-08-27 00:14:00,METOP-C,TUPIRAMA,TOCANTINS,Brasil,1721257,17,33,,,,Cerrado,
96a47025-1d22-3eae-9729-efc10a46e9cc, -10.492500, -46.241600,2026-08-27 00:14:00,METOP-C,MATEIROS,TOCANTINS,Brasil,1712702,17,33,,,,Cerrado,
50d15027-3e7e-313c-93bc-41b4cd92e243,  -8.792300, -50.038700,2026-08-27 00:14:00,METOP-C,SANTA MARIA DAS BARREIRAS,PARÁ,Brasil,1506583,15,33,,,,Amazônia,
b70e5a93-6fa3-3bdc-bc61-9ce797501544,  -8.943900, -44.135502,2026-08-27 00:14:00,METOP-C,SANTA LUZ,PIAUÍ,Brasil,2209302,22,33,,,,Cerrado,
26bceed4-8320-3ed0-b164-0407d387f3f1,  -8.114600, -45.498100,2026-08-27 00:14:00,METOP-C,RIBEIRO GONÇALVES,PIAUÍ,Brasil,2208908,22,33,,,,Cerrado,
75d9a048-a1c3-35df-9c79-f48cbcdfc78b,  -7.333900, -44.439400,2026-08-27 00:14:00,METOP-C,URUÇUÍ,PIAUÍ,Brasil,2211209,22,33,,,,Cerrado,
4772102a-d9ac-3c32-8c3e-1afcff0c704b, -10.370000, -45.056000,2026-08-27 00:14:00,METOP-C,CORRENTE,PIAUÍ,Brasil,2202901,22,33,,,,Cerrado,
950a6696-9cd9-34af-93a8-0fad19ffb282,  -5.228700, -44.785702,2026-08-27 00:14:00,METOP-C,TUNTUM,MARANHÃO,Brasil,2112308,21,33,,,,Cerrado,
2c46ee00-a292-3aaa-903e-d8c67b5075ea,  -6.657200, -43.903702,2026-08-27 00:14:00,METOP-C,NOVA IORQUE,MARANHÃO,Brasil,2107308,21,33,,,,Cerrado,
b66818ed-5276-34a2-a4e5-5d4267f6636c,  -6.879000, -43.745399,2026-08-27 00:14:00,METOP-C,GUADALUPE,PIAUÍ,Brasil,2204501,22,33,,,,Cerrado,
65fb0c9c-864f-35aa-9f78-5b545e0f02d4,  -7.753200, -44.749401,2026-08-27 00:14:00,METOP-C,URUÇUÍ,PIAUÍ,Brasil,2211209,22,33,,,,Cerrado,
0f8b1812-6a4d-356a-9ba9-456fec868eaa,  -8.164000, -47.510300,2026-08-27 00:14:00,METOP-C,GOIATINS,TOCANTINS,Brasil,1709005,17,33,,,,Cerrado,
b6492fc2-76c2-32e3-ba77-b7783df15e7b,  -7.730300, -44.739101,2026-08-27 00:14:00,METOP-C,URUÇUÍ,PIAUÍ,Brasil,2211209,22,33,,,,Cerrado,
4f8e234b-d8fd-3023-9983-587431e96ca0,  -7.751600, -44.742001,2026-08-27 00:14:00,METOP-C,URUÇUÍ,PIAUÍ,Brasil,2211209,22,33,,,,Cerrado,
779d1bb9-cd33-3551-b465-4934bf568a44,  -9.356200, -48.694000,2026-08-27 00:14:00,METOP-C,MIRANORTE,TOCANTINS,Brasil,1713304,17,33,,,,Cerrado,
4d9939d2-d171-35a9-b903-aea26e6e6416, -11.600700, -46.739700,2026-08-27 00:14:00,METOP-C,DIANÓPOLIS,TOCANTINS,Brasil,1707009,17,33,,,,Cerrado,
f7992a0e-c136-34d3-bca3-c2f428b8f4b0, -10.494500, -46.250702,2026-08-27 00:14:00,METOP-C,MATEIROS,TOCANTINS,Brasil,1712702,17,33,,,,Cerrado,
788d91fd-3d6d-3f7c-8815-c72e9134b812,  -7.456500, -43.110199,2026-08-27 00:14:00,METOP-C,ITAUEIRA,PIAUÍ,Brasil,2205102,22,33,,,,Caatinga,
65bac908-a944-3ed8-8e5e-953df5c48800, -10.927600, -51.015900,2026-08-27 00:14:00,METOP-C,LUCIARA,MATO GROSSO,Brasil,5105309,51,33,,,,Cerrado,
3810a185-8033-3b75-847b-5034407596d9,  -9.218500, -51.515999,2026-08-27 00:14:00,METOP-C,SÃO FÉLIX DO XINGU,PARÁ,Brasil,1507300,15,33,,,,Amazônia,
a7c25abb-4a98-3cc6-a120-1c97e49bafdb,  -8.152000, -47.502300,2026-08-27 00:14:00,METOP-C,GOIATINS,TOCANTINS,Brasil,1709005,17,33,,,,Cerrado,
c2949499-6244-399c-9461-6a51f6e97b92, -10.748400, -53.964600,2026-08-27 00:14:00,METOP-C,MARCELÂNDIA,MATO GROSSO,Brasil,5105580,51,33,,,,Amazônia,
59c6accc-1463-3d09-8bca-d7616f16b04c,  -5.981800, -43.743000,2026-08-27 00:14:00,METOP-C,PASSAGEM FRANCA,MARANHÃO,Brasil,2107902,21,33,,,,Cerrado,
13fe3384-c057-3f83-b0c3-623188887d13,  -6.592900, -47.447899,2026-08-27 00:14:00,METOP-C,ESTREITO,MARANHÃO,Brasil,2104057,21,33,,,,Cerrado,
fcfe1add-aec0-3e3a-a436-77f1f24de07d,  -8.106600, -45.508099,2026-08-27 00:14:00,METOP-C,RIBEIRO GONÇALVES,PIAUÍ,Brasil,2208908,22,33,,,,Cerrado,
9c046ee4-81c9-3d90-a632-38e400c882cd,  -7.275600, -46.819099,2026-08-27 00:14:00,METOP-C,CAROLINA,MARANHÃO,Brasil,2102804,21,33,,,,Cerrado,
4758fd69-2bd7-37f8-a419-08e43be8a5bc,  -7.271700, -46.801201,2026-08-27 00:14:00,METOP-C,CAROLINA,MARANHÃO,Brasil,2102804,21,33,,,,Cerrado,
9f18ac83-f924-3431-9c86-3ad342c8d283,  -8.789200, -50.023701,2026-08-27 00:14:00,METOP-C,SANTA MARIA DAS BARREIRAS,PARÁ,Brasil,1506583,15,33,,,,Amazônia,
7d037615-1986-3892-b26e-d1e5a1c43368, -12.210700, -50.606998,2026-08-27 00:14:00,METOP-C,FORMOSO DO ARAGUAIA,TOCANTINS,Brasil,1708205,17,33,,,,Cerrado,
5e9acd47-08ab-3406-abd5-66c8eb257290,  -6.230100, -53.487999,2026-08-27 00:14:00,METOP-C,ALTAMIRA,PARÁ,Brasil,1500602,15,33,,,,Amazônia,
09655fbb-ca8b-39f8-9932-3dc3e4c9417d,  -4.576800, -44.091900,2026-08-27 00:14:00,METOP-C,CODÓ,MARANHÃO,Brasil,2103307,21,33,,,,Cerrado,
9ebeaae0-bf4b-3555-b615-008b47d5d34a,  -5.805700, -46.209999,2026-08-27 00:14:00,METOP-C,GRAJAÚ,MARANHÃO,Brasil,2104800,21,33,,,,Cerrado,
ce0d840d-a687-3fb6-ac68-c3b54cc1d3fa,  -4.562300, -44.073601,2026-08-27 00:14:00,METOP-C,CODÓ,MARANHÃO,Brasil,2103307,21,33,,,,Cerrado,
660d86b5-5961-318f-b67f-2c1621eb98cf,  -6.482100, -51.425701,2026-08-27 00:14:00,METOP-C,SÃO FÉLIX DO XINGU,PARÁ,Brasil,1507300,15,33,,,,Amazônia,
97bab6bf-e7b8-315a-b6fe-3bc83d674e64,  -7.269700, -45.349701,2026-08-27 00:14:00,METOP-C,LORETO,MARANHÃO,Brasil,2106102,21,33,,,,Cerrado,
a33cf7aa-950b-3c2c-944d-41b91e43c25f,  -9.778200, -43.538300,2026-08-27 00:14:00,METOP-C,PILÃO ARCADO,BAHIA,Brasil,2924405,29,33,,,,Cerrado,
7981b4a9-8d32-375d-8bf6-2dcdcf56db6e,  -8.795500, -50.053799,2026-08-27 00:14:00,METOP-C,SANTA MARIA DAS BARREIRAS,PARÁ,Brasil,1506583,15,33,,,,Amazônia,
ecaa12e8-d67d-37ce-9288-d825e399715f,  -4.171700, -49.390099,2026-08-27 00:14:00,METOP-C,GOIANÉSIA DO PARÁ,PARÁ,Brasil,1503093,15,33,,,,Amazônia,
804bde81-8ee1-3ef1-994a-04bc41ba43cb,  -7.641800, -47.133598,2026-08-27 00:14:00,METOP-C,RIACHÃO,MARANHÃO,Brasil,2109502,21,33,,,,Cerrado,
ddca42e8-7cec-3fe1-a77f-4feb86bbd176, -11.720000, -54.515099,2026-08-27 00:14:00,METOP-C,UNIÃO DO SUL,MATO GROSSO,Brasil,5108303,51,33,,,,Amazônia,
467fb46f-b711-332a-aed8-1d945df95f0c,  -9.358900, -48.706501,2026-08-27 00:14:00,METOP-C,MIRANORTE,TOCANTINS,Brasil,1713304,17,33,,,,Cerrado,
dffca83d-4572-3cba-8d78-2d60f52b1071,  -7.309600, -42.963001,2026-08-27 00:14:00,METOP-C,FLORIANO,PIAUÍ,Brasil,2203909,22,33,,,,Caatinga,
e93d6b3d-d7a7-3832-b822-38555ead0fa0,  -7.097500, -42.801601,2026-08-27 00:14:00,METOP-C,NAZARÉ DO PIAUÍ,PIAUÍ,Brasil,2206704,22,33,,,,Caatinga,
53420f27-877a-38c4-a01f-205087641471, -10.299100, -49.956001,2026-08-27 00:14:00,METOP-C,PIUM,TOCANTINS,Brasil,1717503,17,33,,,,Cerrado,
94c62fca-ade3-3d2f-b754-d2ca779539ea, -10.871600, -50.532700,2026-08-27 00:14:00,METOP-C,LAGOA DA CONFUSÃO,TOCANTINS,Brasil,1711902,17,33,,,,Cerrado,
78f780c1-10b8-3bfc-846a-65dba9196306,  -8.785800, -50.055801,2026-08-27 00:14:00,METOP-C,SANTA MARIA DAS BARREIRAS,PARÁ,Brasil,1506583,15,33,,,,Amazônia,
0944b2a3-a2c6-38a6-b5d7-a7c94867374f, -10.361900, -45.066200,2026-08-27 00:14:00,METOP-C,CORRENTE,PIAUÍ,Brasil,2202901,22,33,,,,Cerrado,
2a0ac782-4571-3f40-a48d-9297f51bdc40,  -5.924400, -43.626099,2026-08-27 00:14:00,METOP-C,LAGOA DO MATO,MARANHÃO,Brasil,2105922,21,33,,,,Cerrado,
2082729f-2d41-37c9-87c8-9f7992d822aa,  -7.273700, -46.810101,2026-08-27 00:14:00,METOP-C,CAROLINA,MARANHÃO,Brasil,2102804,21,33,,,,Cerrado,
fa341803-7c6d-3be0-9364-897fdd371448,  -3.962200, -43.116199,2026-08-27 00:14:00,METOP-C,BURITI,MARANHÃO,Brasil,2102200,21,33,,,,Cerrado,
ca88b7fb-d832-38a9-a446-91f8179f8e38,  -5.864400, -43.589100,2026-08-27 00:14:00,METOP-C,LAGOA DO MATO,MARANHÃO,Brasil,2105922,21,33,,,,Cerrado,
49ab3da6-75ed-34f6-90a9-c2c004632dad,  -6.874500, -41.739399,2026-08-27 00:14:00,METOP-C,IPIRANGA DO PIAUÍ,PIAUÍ,Brasil,2204808,22,33,,,,Caatinga,
f80cc8c9-0fc3-32ff-95de-2a58e01828d7,  -9.366000, -48.692001,2026-08-27 00:14:00,METOP-C,MIRANORTE,TOCANTINS,Brasil,1713304,17,33,,,,Cerrado,
9c37a638-67e2-3f87-a3a8-516c7ccb5f83,  -6.189400, -45.902100,2026-08-27 00:14:00,METOP-C,GRAJAÚ,MARANHÃO,Brasil,2104800,21,33,,,,Cerrado,
243ede45-822a-3630-b9af-e372d5bf544c,  -4.691500, -44.369701,2026-08-27 00:14:00,METOP-C,CAPINZAL DO NORTE,MARANHÃO,Brasil,2102754,21,33,,,,Cerrado,
53fdf6f7-3135-3466-aa1b-1de1b449d0fa,  -6.616700, -53.163898,2026-08-27 00:14:00,METOP-C,SÃO FÉLIX DO XINGU,PARÁ,Brasil,1507300,15,33,,,,Amazônia,
5eec4c28-09d6-3f9e-95cd-e27e4c80ac12,  -7.259900, -45.351898,2026-08-27 00:14:00,METOP-C,LORETO,MARANHÃO,Brasil,2106102,21,33,,,,Cerrado,
db07cc1a-804a-3fc7-9867-6ccc42740764,  -8.805300, -50.051800,2026-08-27 00:14:00,METOP-C,SANTA MARIA DAS BARREIRAS,PARÁ,Brasil,1506583,15,33,,,,Amazônia,
8c289119-b689-3641-8aea-2917a221fe21,  -7.261600, -45.359501,2026-08-27 00:14:00,METOP-C,LORETO,MARANHÃO,Brasil,2106102,21,33,,,,Cerrado,
1080d04c-f14a-32d0-a44b-0a36947e8496,  -8.766600, -50.012600,2026-08-27 00:14:00,METOP-C,SANTA MARIA DAS BARREIRAS,PARÁ,Brasil,1506583,15,33,,,,Amazônia,
821eb00f-2afb-3025-90e5-72531562e543, -10.392500, -48.285900,2026-08-27 00:14:00,METOP-C,PALMAS,TOCANTINS,Brasil,1721000,17,33,,,,Cerrado,
11262e8e-b8fc-327c-bcfd-523edcc0826d,  -7.070000, -44.915298,2026-08-27 00:14:00,METOP-C,SÃO FÉLIX DE BALSAS,MARANHÃO,Brasil,2110807,21,33,,,,Cerrado,
35eb0acb-1191-394a-9525-218cc6243b58,  -9.340600, -48.232300,2026-08-27 00:14:00,METOP-C,TOCANTÍNIA,TOCANTINS,Brasil,1721109,17,33,,,,Cerrado,
d82b966e-2af2-3bdf-ba10-e33079bfb47f,  -9.443100, -51.676399,2026-08-27 00:14:00,METOP-C,SÃO FÉLIX DO XINGU,PARÁ,Brasil,1507300,15,33,,,,Amazônia,
6c547ef6-dc4b-3979-b2dd-925d51947b0a,  -6.108700, -46.185902,2026-08-27 00:14:00,METOP-C,GRAJAÚ,MARANHÃO,Brasil,2104800,21,33,,,,Cerrado,
746bebb6-377f-3268-8753-51cd62186b65,  -4.565400, -44.087299,2026-08-27 00:14:00,METOP-C,CODÓ,MARANHÃO,Brasil,2103307,21,33,,,,Cerrado,
b7d94de2-448b-3c66-80ff-b784dc1d9304,  -5.635300, -44.305698,2026-08-27 00:14:00,METOP-C,SÃO DOMINGOS DO MARANHÃO,MARANHÃO,Brasil,2110708,21,33,,,,Cerrado,
7bce1a90-f3d0-3d44-b58e-51338e8b72c6,  -6.876100, -41.746498,2026-08-27 00:14:00,METOP-C,IPIRANGA DO PIAUÍ,PIAUÍ,Brasil,2204808,22,33,,,,Caatinga,
461d1fd5-f371-3a53-bb63-a573256112ad,  -3.960600, -43.109299,2026-08-27 00:14:00,METOP-C,BURITI,MARANHÃO,Brasil,2102200,21,33,,,,Cerrado,
6a9a316a-3117-302e-9970-6e2f9e8fc104,  -7.732000, -44.746399,2026-08-27 00:14:00,METOP-C,URUÇUÍ,PIAUÍ,Brasil,2211209,22,33,,,,Cerrado,
9cd5c9df-06d4-35d4-b57b-63ac20ccee87,  -8.827100, -49.620399,2026-08-27 00:14:00,METOP-C,SANTA MARIA DAS BARREIRAS,PARÁ,Brasil,1506583,15,33,,,,Amazônia,
4771a570-84e8-3e69-8d22-6a239cfcd4fb,  -7.345300, -44.444302,2026-08-27 00:14:00,METOP-C,URUÇUÍ,PIAUÍ,Brasil,2211209,22,33,,,,Cerrado,
d9ab5c4c-afbe-3d20-97a1-a7d7af42927f,  -8.769700, -50.027699,2026-08-27 00:14:00,METOP-C,SANTA MARIA DAS BARREIRAS,PARÁ,Brasil,1506583,15,33,,,,Amazônia,
2435d584-e28c-3c60-b6f9-4737d7d06f74, -11.271000, -46.873001,2026-08-27 00:14:00,METOP-C,ALMAS,TOCANTINS,Brasil,1700400,17,33,,,,Cerrado,
c4c934a3-9ba9-3dad-9b54-07d7881bbcce,  -7.348300, -55.142601,2026-08-27 00:14:00,METOP-C,ALTAMIRA,PARÁ,Brasil,1500602,15,33,,,,Amazônia,
3f0ca7c5-d360-39f7-9501-de9032584c0d,  -9.212700, -51.537498,2026-08-27 00:14:00,METOP-C,SÃO FÉLIX DO XINGU,PARÁ,Brasil,1507300,15,33,,,,Amazônia,
56e71271-e98c-3242-9181-34d3ebd4e9e4, -11.275300, -46.893501,2026-08-27 00:14:00,METOP-C,ALMAS,TOCANTINS,Brasil,1700400,17,33,,,,Cerrado,
430e2c47-10e8-38d2-9c25-aeeb02d66560,  -8.175900, -47.518299,2026-08-27 00:14:00,METOP-C,GOIATINS,TOCANTINS,Brasil,1709005,17,33,,,,Cerrado,
9350ec99-7912-3622-b7aa-98cfc77ba822,  -6.268000, -53.332199,2026-08-27 00:14:00,METOP-C,ALTAMIRA,PARÁ,Brasil,1500602,15,33,,,,Amazônia,
8d80cb84-f80e-3e3b-9d61-1d9167273570,  -7.733600, -44.753799,2026-08-27 00:14:00,METOP-C,URUÇUÍ,PIAUÍ,Brasil,2211209,22,33,,,,Cerrado,
40dd3f56-93e7-35f4-917a-eb399a705462,  -7.126900, -42.794899,2026-08-27 00:14:00,METOP-C,NAZARÉ DO PIAUÍ,PIAUÍ,Brasil,2206704,22,33,,,,Caatinga,
e5ba0591-286a-3e09-98bf-79d2dc8a8467,  -8.786000, -50.008598,2026-08-27 00:14:00,METOP-C,SANTA MARIA DAS BARREIRAS,PARÁ,Brasil,1506583,15,33,,,,Amazônia,
6fa896af-30de-3570-839e-332e38120484,  -9.264400, -45.635899,2026-08-27 00:14:00,METOP-C,SANTA FILOMENA,PIAUÍ,Brasil,2209203,22,33,,,,Cerrado,
a938b8a1-1708-38b4-9e95-00b9073de1a3,  -7.740100, -44.736900,2026-08-27 00:14:00,METOP-C,URUÇUÍ,PIAUÍ,Brasil,2211209,22,33,,,,Cerrado,
2153af6d-1b06-3943-8ba5-b2e5228dc21c,  -6.918000, -46.406399,2026-08-27 00:14:00,METOP-C,SÃO PEDRO DOS CRENTES,MARANHÃO,Brasil,2111573,21,33,,,,Cerrado,
690a13cc-924b-3422-bfc3-e724c9be2f4d,  -7.056900, -44.902802,2026-08-27 00:14:00,METOP-C,SÃO FÉLIX DE BALSAS,MARANHÃO,Brasil,2110807,21,33,,,,Cerrado,
18ba91cc-1d6f-32f8-8b52-fe1da50a497e,  -7.273100, -45.365002,2026-08-27 00:14:00,METOP-C,LORETO,MARANHÃO,Brasil,2106102,21,33,,,,Cerrado,
93841112-1933-37f4-bdaf-469794c2f67d,  -4.181500, -49.388000,2026-08-27 00:14:00,METOP-C,GOIANÉSIA DO PARÁ,PARÁ,Brasil,1503093,15,33,,,,Amazônia,
4ea15ee2-9804-3df8-9583-b69768a3a964,  -5.922800, -43.619301,2026-08-27 00:14:00,METOP-C,LAGOA DO MATO,MARANHÃO,Brasil,2105922,21,33,,,,Cerrado,
afd69e01-11b5-34f0-9a8c-be6ee4e559c3,  -4.851600, -40.359402,2026-08-27 00:14:00,METOP-C,TAMBORIL,CEARÁ,Brasil,2313203,23,33,,,,Caatinga,
0dcc231a-6dc1-32cd-b555-c04877553383, -10.760000, -54.025398,2026-08-27 00:14:00,METOP-C,MARCELÂNDIA,MATO GROSSO,Brasil,5105580,51,33,,,,Amazônia,
1644a051-cf1e-3077-baa3-3026eb50ed34,  -7.100700, -42.815399,2026-08-27 00:14:00,METOP-C,NAZARÉ DO PIAUÍ,PIAUÍ,Brasil,2206704,22,33,,,,Caatinga,
ff8801e4-3e90-30c8-8f17-f555e1caeca1,  -4.573700, -44.078201,2026-08-27 00:14:00,METOP-C,CODÓ,MARANHÃO,Brasil,2103307,21,33,,,,Cerrado,
6577de5c-8e3a-3094-8918-6e86279ca979,  -9.779700, -43.545399,2026-08-27 00:14:00,METOP-C,PILÃO ARCADO,BAHIA,Brasil,2924405,29,33,,,,Cerrado,
4b404f57-f2ff-344c-9270-5e9d118eb966,  -7.068400, -44.908001,2026-08-27 00:14:00,METOP-C,SÃO FÉLIX DE BALSAS,MARANHÃO,Brasil,2110807,21,33,,,,Cerrado,
c77632ec-cc69-384e-8a4f-bcf3bbf1501d,  -6.272900, -53.355598,2026-08-27 00:14:00,METOP-C,ALTAMIRA,PARÁ,Brasil,1500602,15,33,,,,Amazônia,
ebfba50b-80a6-35c7-858e-10d2cbfea2e2, -11.273100, -46.883202,2026-08-27 00:14:00,METOP-C,ALMAS,TOCANTINS,Brasil,1700400,17,33,,,,Cerrado,
192ab6cb-ff5e-3edf-a86d-cd644adaf4b6,  -7.197600, -42.742901,2026-08-27 00:14:00,METOP-C,NAZARÉ DO PIAUÍ,PIAUÍ,Brasil,2206704,22,33,,,,Caatinga,
fd3ea223-770c-3e6f-8326-c94db6a0ab26, -10.931400, -51.035000,2026-08-27 00:14:00,METOP-C,LUCIARA,MATO GROSSO,Brasil,5105309,51,33,,,,Cerrado,
ce869a8c-9fad-3df5-9869-c9cb621485c0,  -6.225100, -53.464100,2026-08-27 00:14:00,METOP-C,ALTAMIRA,PARÁ,Brasil,1500602,15,33,,,,Amazônia,
b6886304-516e-354d-8f37-6b3e4358b17b, -10.937300, -51.014000,2026-08-27 00:14:00,METOP-C,LUCIARA,MATO GROSSO,Brasil,5105309,51,33,,,,Cerrado,
15ca4ab6-3ba3-3103-9638-9bc518015f70, -10.360200, -45.058201,2026-08-27 00:14:00,METOP-C,CORRENTE,PIAUÍ,Brasil,2202901,22,33,,,,Cerrado,
6b9f50a7-a133-31ee-8b8b-1c74ec9d7648,  -7.089300, -42.810699,2026-08-27 00:14:00,METOP-C,NAZARÉ DO PIAUÍ,PIAUÍ,Brasil,2206704,22,33,,,,Caatinga,
c58f964b-fec9-3b81-9682-418e2550a14c,  -3.473600, -43.369701,2026-08-27 00:14:00,METOP-C,URBANO SANTOS,MARANHÃO,Brasil,2112605,21,33,,,,Cerrado,
407a0212-7354-3fe1-b240-b206c73d0d05,  -7.335500, -44.446499,2026-08-27 00:14:00,METOP-C,URUÇUÍ,PIAUÍ,Brasil,2211209,22,33,,,,Cerrado,
08422ff2-2c2e-375d-8d3b-261c2095f801,  -5.809200, -46.226002,2026-08-27 00:14:00,METOP-C,GRAJAÚ,MARANHÃO,Brasil,2104800,21,33,,,,Cerrado,
d01272bd-c360-3817-84e2-4445c4e64123,  -6.215400, -53.466099,2026-08-27 00:14:00,METOP-C,ALTAMIRA,PARÁ,Brasil,1500602,15,33,,,,Amazônia,
3305d062-459f-30e2-bd0c-cf273e6809e6,  -8.808400, -50.066898,2026-08-27 00:14:00,METOP-C,SANTA MARIA DAS BARREIRAS,PARÁ,Brasil,1506583,15,33,,,,Amazônia,
12aac825-69a3-3f0e-8992-2ae7b466ebf5, -10.779400, -54.021801,2026-08-27 00:14:00,METOP-C,MARCELÂNDIA,MATO GROSSO,Brasil,5105580,51,33,,,,Amazônia,
995ed0e6-b620-3421-9481-bb240666c548,  -4.557200, -44.096298,2026-08-27 00:14:00,METOP-C,CODÓ,MARANHÃO,Brasil,2103307,21,33,,,,Cerrado,
237ea3c5-fdc3-353a-b048-612df0333346,  -8.108300, -45.515999,2026-08-27 00:14:00,METOP-C,RIBEIRO GONÇALVES,PIAUÍ,Brasil,2208908,22,33,,,,Cerrado,
e0da87d5-acc1-3046-8cb7-414b07ce70b5,  -7.105800, -42.792599,2026-08-27 00:14:00,METOP-C,NAZARÉ DO PIAUÍ,PIAUÍ,Brasil,2206704,22,33,,,,Caatinga,
ea890a55-978c-3453-9ab4-9c555591bcaf,  -6.931500, -41.628700,2026-08-27 00:14:00,METOP-C,DOM EXPEDITO LOPES,PIAUÍ,Brasil,2203404,22,33,,,,Caatinga,
9e356c6e-a5b7-3f09-83ac-d0754d633cd7,  -7.342100, -44.430000,2026-08-27 00:14:00,METOP-C,URUÇUÍ,PIAUÍ,Brasil,2211209,22,33,,,,Cerrado,
7b64378b-671f-3f4f-be62-72d6877af1ed,  -6.777300, -44.895401,2026-08-27 00:14:00,METOP-C,SÃO FÉLIX DE BALSAS,MARANHÃO,Brasil,2110807,21,33,,,,Cerrado,
b98e83fc-4165-3528-b028-6afae168ee80,  -9.447200, -51.696499,2026-08-27 00:14:00,METOP-C,SÃO FÉLIX DO XINGU,PARÁ,Brasil,1507300,15,33,,,,Amazônia,
bedf4cab-2ea0-3706-b849-d48c40da3ac4,  -6.631200, -53.185101,2026-08-27 00:14:00,METOP-C,SÃO FÉLIX DO XINGU,PARÁ,Brasil,1507300,15,33,,,,Amazônia,
bcef099f-9135-357e-9ab2-ec53b407bbd9, -10.769700, -54.023602,2026-08-27 00:14:00,METOP-C,MARCELÂNDIA,MATO GROSSO,Brasil,5105580,51,33,,,,Amazônia,
30463a06-be51-347b-987c-23091d117271,  -8.240900, -55.000702,2026-08-27 00:14:00,METOP-C,ALTAMIRA,PARÁ,Brasil,1500602,15,33,,,,Amazônia,
355a6e5c-68a3-3ceb-8c33-ea64f92a9550, -10.763900, -53.993099,2026-08-27 00:14:00,METOP-C,MARCELÂNDIA,MATO GROSSO,Brasil,5105580,51,33,,,,Amazônia,
4c3525da-0649-3234-9862-c1ded14fdae9,  -8.166100, -47.520302,2026-08-27 00:14:00,METOP-C,GOIATINS,TOCANTINS,Brasil,1709005,17,33,,,,Cerrado,
9d499690-8fad-3781-9ac1-7d90e8e6a3e1,  -9.388200, -48.700401,2026-08-27 00:14:00,METOP-C,MIRANORTE,TOCANTINS,Brasil,1713304,17,33,,,,Cerrado,
c195e209-28ac-332b-9348-0778e71cb587, -10.767700, -53.960999,2026-08-27 00:14:00,METOP-C,MARCELÂNDIA,MATO GROSSO,Brasil,5105580,51,33,,,,Amazônia,
2ba59636-7382-31cd-ac19-069665ed6df8,  -7.143000, -42.820202,2026-08-27 00:14:00,METOP-C,NAZARÉ DO PIAUÍ,PIAUÍ,Brasil,2206704,22,33,,,,Caatinga,
7ef80a46-3c19-33d0-9aa3-5c0ce6706776,  -8.782900, -49.993599,2026-08-27 00:14:00,METOP-C,SANTA MARIA DAS BARREIRAS,PARÁ,Brasil,1506583,15,33,,,,Amazônia,
c3cb9307-abac-38b7-8d8c-fad04642e1df,  -3.472000, -43.362801,2026-08-27 00:14:00,METOP-C,URBANO SANTOS,MARANHÃO,Brasil,2112605,21,33,,,,Cerrado,
522d5d5e-9925-3910-b168-e4afa20fc973,  -8.789600, -49.976601,2026-08-27 00:14:00,METOP-C,SANTA MARIA DAS BARREIRAS,PARÁ,Brasil,1506583,15,33,,,,Amazônia,
03edaaea-8c7e-3a99-b8ed-7a567e6e1a39, -11.602900, -46.749901,2026-08-27 00:14:00,METOP-C,DIANÓPOLIS,TOCANTINS,Brasil,1707009,17,33,,,,Cerrado,
f3ed842c-87ed-3b04-8a80-0968e2fba987,  -8.814400, -49.608299,2026-08-27 00:14:00,METOP-C,SANTA MARIA DAS BARREIRAS,PARÁ,Brasil,1506583,15,33,,,,Amazônia,
2603c587-a247-3dad-b167-2a4603ae23b1,  -7.322500, -42.974499,2026-08-27 00:14:00,METOP-C,FLORIANO,PIAUÍ,Brasil,2203909,22,33,,,,Caatinga,
7c6dcb3b-0920-3d37-8cb0-d801ebdd5151,  -7.343700, -44.437199,2026-08-27 00:14:00,METOP-C,URUÇUÍ,PIAUÍ,Brasil,2211209,22,33,,,,Cerrado,
29ee18bd-6844-3983-b340-f0cb3ed43e3f,  -4.184000, -49.399601,2026-08-27 00:14:00,METOP-C,GOIANÉSIA DO PARÁ,PARÁ,Brasil,1503093,15,33,,,,Amazônia,
db644d92-a512-352f-b9f2-865c9527074f,  -3.970400, -43.107101,2026-08-27 00:14:00,METOP-C,BURITI,MARANHÃO,Brasil,2102200,21,33,,,,Cerrado,
eeb1d68c-e0cf-3294-808a-6f7ee93a98ef,  -4.572100, -44.071400,2026-08-27 00:14:00,METOP-C,CODÓ,MARANHÃO,Brasil,2103307,21,33,,,,Cerrado,
f904b244-2fe3-380e-8b51-9056ad02a065,  -7.082500, -42.195202,2026-08-27 00:14:00,METOP-C,OEIRAS,PIAUÍ,Brasil,2207009,22,33,,,,Caatinga,
827bb0cf-f854-3edc-bf52-0cb174869f23,  -6.655600, -43.896801,2026-08-27 00:14:00,METOP-C,NOVA IORQUE,MARANHÃO,Brasil,2107308,21,33,,,,Cerrado,
133fe1a8-c5ee-3940-9615-a66c038fd06b,  -4.567000, -44.094101,2026-08-27 00:14:00,METOP-C,CODÓ,MARANHÃO,Brasil,2103307,21,33,,,,Cerrado,
5fe3936a-efb8-30f0-847c-415f7d708ea8,  -5.874200, -43.586899,2026-08-27 00:14:00,METOP-C,LAGOA DO MATO,MARANHÃO,Brasil,2105922,21,33,,,,Cerrado,
b3afbc12-6acd-3067-89b9-ab5e91b8689b,  -6.640800, -53.183102,2026-08-27 00:14:00,METOP-C,SÃO FÉLIX DO XINGU,PARÁ,Brasil,1507300,15,33,,,,Amazônia,
7b517c22-293e-36b3-8e1a-ac6e75ce242d,  -8.118100, -45.513802,2026-08-27 00:14:00,METOP-C,RIBEIRO GONÇALVES,PIAUÍ,Brasil,2208908,22,33,,,,Cerrado,
5aceca49-40bc-344f-9df4-aa5d967e5115,  -7.849900, -46.302101,2026-08-27 00:14:00,METOP-C,BALSAS,MARANHÃO,Brasil,2101400,21,33,,,,Cerrado,
ef3626c5-3641-3911-9e29-ea6e31bf3401,  -6.191200, -45.909901,2026-08-27 00:14:00,METOP-C,GRAJAÚ,MARANHÃO,Brasil,2104800,21,33,,,,Cerrado,
71b819b5-94fa-380b-8db4-b6e182bc6f95,  -4.575200, -44.085098,2026-08-27 00:14:00,METOP-C,CODÓ,MARANHÃO,Brasil,2103307,21,33,,,,Cerrado,
54c84c2c-268c-3290-992c-9d4188a0da36,  -5.913000, -43.621498,2026-08-27 00:14:00,METOP-C,LAGOA DO MATO,MARANHÃO,Brasil,2105922,21,33,,,,Cerrado,
7c83a6a3-397c-37b8-9606-950d53eb6b9b,  -7.851800, -46.310600,2026-08-27 00:14:00,METOP-C,BALSAS,MARANHÃO,Brasil,2101400,21,33,,,,Cerrado,
f5cb9c14-fc46-3dbb-9728-225d0d2a739d,  -7.153300, -46.542599,2026-08-27 00:14:00,METOP-C,RIACHÃO,MARANHÃO,Brasil,2109502,21,33,,,,Cerrado,
beaae4a0-93f8-39ac-8c4e-bdcda5182c30,  -6.880500, -43.752300,2026-08-27 00:14:00,METOP-C,GUADALUPE,PIAUÍ,Brasil,2204501,22,33,,,,Cerrado,
d20b1f15-97ca-340f-b56c-9a1767df03d2,  -8.173800, -47.508202,2026-08-27 00:14:00,METOP-C,GOIATINS,TOCANTINS,Brasil,1709005,17,33,,,,Cerrado,
c9cf5fef-11a1-3f2a-b1d8-4493151c364e,  -7.602100, -47.281200,2026-08-27 00:14:00,METOP-C,CAROLINA,MARANHÃO,Brasil,2102804,21,33,,,,Cerrado,
ef7edfdf-f5e8-3fbe-ad33-6b7bc6ad757e,  -8.920300, -48.368999,2026-08-27 00:14:00,METOP-C,GUARAÍ,TOCANTINS,Brasil,1709302,17,33,,,,Cerrado,
204397cd-edbe-3274-b0fc-7ca14c0235b9,  -9.375800, -48.689899,2026-08-27 00:14:00,METOP-C,MIRANORTE,TOCANTINS,Brasil,1713304,17,33,,,,Cerrado,
ce14edbc-3016-3f91-ae32-d26f1a546ec6,  -8.079200, -47.496899,2026-08-27 00:14:00,METOP-C,GOIATINS,TOCANTINS,Brasil,1709005,17,33,,,,Cerrado,
9c83301b-240b-3ab7-94de-b8dbf63758fd,  -4.657900, -37.788898,2026-08-27 00:14:00,METOP-C,ARACATI,CEARÁ,Brasil,2301109,23,33,,,,Caatinga,
2c6314cb-c459-3634-a778-bd208462105c,  -7.066400, -42.169498,2026-08-27 00:14:00,METOP-C,OEIRAS,PIAUÍ,Brasil,2207009,22,33,,,,Caatinga,
07139b57-9d88-3c1f-8269-7509589ae8e8,  -4.555600, -44.089500,2026-08-27 00:14:00,METOP-C,CODÓ,MARANHÃO,Brasil,2103307,21,33,,,,Cerrado,
69dcae33-d008-3444-9e7a-5c8c24f23650, -10.363700, -45.074200,2026-08-27 00:14:00,METOP-C,CORRENTE,PIAUÍ,Brasil,2202901,22,33,,,,Cerrado,
bf959549-abb5-3b64-a019-aa1b09d89658,  -7.338800, -44.460800,2026-08-27 00:14:00,METOP-C,URUÇUÍ,PIAUÍ,Brasil,2211209,22,33,,,,Cerrado,
62a6b9c8-a477-32a7-9533-9e589e69d785, -10.740800, -54.029099,2026-08-27 00:14:00,METOP-C,MARCELÂNDIA,MATO GROSSO,Brasil,5105580,51,33,,,,Amazônia,
2e3abbfd-271b-3a1f-84f2-75e05fcab2ec,  -9.368600, -48.704399,2026-08-27 00:14:00,METOP-C,MIRANORTE,TOCANTINS,Brasil,1713304,17,33,,,,Cerrado,
8739cf9a-d81a-32f2-a3ec-00fbd09d9c46,  -7.604200, -47.290699,2026-08-27 00:14:00,METOP-C,CAROLINA,MARANHÃO,Brasil,2102804,21,33,,,,Cerrado,
b9a8d202-d0a7-3bb4-9400-7bb01a4fed4e,  -9.350400, -48.230202,2026-08-27 00:14:00,METOP-C,TOCANTÍNIA,TOCANTINS,Brasil,1721109,17,33,,,,Cerrado,
fe504fb0-56f7-3bbe-adfa-d2295519a45c,  -9.713300, -46.572498,2026-08-27 00:14:00,METOP-C,ALTO PARNAÍBA,MARANHÃO,Brasil,2100501,21,33,,,,Cerrado,
c8551167-5cba-3d32-9f59-9a24d11b6968,  -6.485800, -51.443100,2026-08-27 00:14:00,METOP-C,SÃO FÉLIX DO XINGU,PARÁ,Brasil,1507300,15,33,,,,Amazônia,
e61441a7-46a4-370e-9462-ea3558e6c426,  -5.914600, -43.628300,2026-08-27 00:14:00,METOP-C,LAGOA DO MATO,MARANHÃO,Brasil,2105922,21,33,,,,Cerrado,
ebc2769c-529c-3efa-bbc2-1458ad15c588,  -6.636100, -53.208302,2026-08-27 00:14:00,METOP-C,SÃO FÉLIX DO XINGU,PARÁ,Brasil,1507300,15,33,,,,Amazônia,
ea18c2c0-ce1f-392e-8b37-8d45c0eb150b,  -4.552500, -44.075802,2026-08-27 00:14:00,METOP-C,CODÓ,MARANHÃO,Brasil,2103307,21,33,,,,Cerrado,
fd060d7d-f8b6-36f3-8cd6-2e8ca1e8c9ea,  -9.390000, -45.505699,2026-08-27 00:14:00,METOP-C,SANTA FILOMENA,PIAUÍ,Brasil,2209203,22,33,,,,Cerrado,
b5192c38-b122-3458-9cba-1c51a096a0f7,  -5.865200, -43.819401,2026-08-27 00:14:00,METOP-C,BURITI BRAVO,MARANHÃO,Brasil,2102309,21,33,,,,Cerrado,
d03a4086-1761-385b-adf5-89c9c931fcfd,  -7.102200, -42.822201,2026-08-27 00:14:00,METOP-C,NAZARÉ DO PIAUÍ,PIAUÍ,Brasil,2206704,22,33,,,,Caatinga,
d2a3d1b2-5666-38fd-8dc3-6376fc5efe92, -10.750400, -54.027302,2026-08-27 00:14:00,METOP-C,MARCELÂNDIA,MATO GROSSO,Brasil,5105580,51,33,,,,Amazônia,
8c91cfe2-4f7f-36cf-a976-7f8039c763fb,  -9.487200, -40.366100,2026-08-27 00:14:00,METOP-C,JUAZEIRO,BAHIA,Brasil,2918407,29,33,,,,Caatinga,
cdb17d31-5a28-3368-8030-524f5d380648,  -8.922800, -48.380699,2026-08-27 00:14:00,METOP-C,GUARAÍ,TOCANTINS,Brasil,1709302,17,33,,,,Cerrado,
1fd66688-cee2-334e-88b8-d595db9a6003,  -6.263300, -53.357601,2026-08-27 00:14:00,METOP-C,ALTAMIRA,PARÁ,Brasil,1500602,15,33,,,,Amazônia,
02258ccb-7fd4-3f99-a1b1-e67068cbcd3e,  -7.639700, -47.124199,2026-08-27 00:14:00,METOP-C,RIACHÃO,MARANHÃO,Brasil,2109502,21,33,,,,Cerrado,
2f508f0d-9792-30ee-a398-94ba1f2d87ef,  -7.728700, -44.731800,2026-08-27 00:14:00,METOP-C,URUÇUÍ,PIAUÍ,Brasil,2211209,22,33,,,,Cerrado,
bdf3fe02-6415-3d13-9c28-b81999565087,  -5.523500, -46.604500,2026-08-27 00:14:00,METOP-C,AMARANTE DO MARANHÃO,MARANHÃO,Brasil,2100600,21,33,,,,Cerrado,
e53c69fe-5153-36b2-b0ef-bdb4fe2406ba,  -6.968600, -42.103600,2026-08-27 00:14:00,METOP-C,OEIRAS,PIAUÍ,Brasil,2207009,22,33,,,,Caatinga,
0a78a4d6-319e-384f-812d-02621cf65012,  -7.741800, -44.744202,2026-08-27 00:14:00,METOP-C,URUÇUÍ,PIAUÍ,Brasil,2211209,22,33,,,,Cerrado,
ea87b5bc-652a-3d83-aa5a-238456464058,  -9.266200, -45.644100,2026-08-27 00:14:00,METOP-C,SANTA FILOMENA,PIAUÍ,Brasil,2209203,22,33,,,,Cerrado,
cf5b0449-28d9-3885-8920-2116f1f2afbc,  -8.161800, -47.500198,2026-08-27 00:14:00,METOP-C,GOIATINS,TOCANTINS,Brasil,1709005,17,33,,,,Cerrado,
3c383dec-4deb-3d3c-aa7e-492c144259dc,  -8.802100, -50.036701,2026-08-27 00:14:00,METOP-C,SANTA MARIA DAS BARREIRAS,PARÁ,Brasil,1506583,15,33,,,,Amazônia,
cc5295b0-fac3-3ae2-a3a6-14e3afd8f26e,  -8.224700, -54.970001,2026-08-27 00:14:00,METOP-C,ALTAMIRA,PARÁ,Brasil,1500602,15,33,,,,Amazônia,
b857b84b-ddc7-3e4d-b9eb-8e29f66730c2,  -8.163500, -54.914700,2026-08-27 00:14:00,METOP-C,ALTAMIRA,PARÁ,Brasil,1500602,15,33,,,,Amazônia,
270bb37e-a57d-3473-be3e-df867d69f058,  -5.875700, -43.593800,2026-08-27 00:14:00,METOP-C,LAGOA DO MATO,MARANHÃO,Brasil,2105922,21,33,,,,Cerrado,
bdf4a84b-d35b-341b-8a6f-40eb135cbb66,  -7.340500, -44.422901,2026-08-27 00:14:00,METOP-C,URUÇUÍ,PIAUÍ,Brasil,2211209,22,33,,,,Cerrado,
8cdd97a9-4d8c-3c6f-bbf4-90f398c1169e,  -8.104800, -45.500301,2026-08-27 00:14:00,METOP-C,RIBEIRO GONÇALVES,PIAUÍ,Brasil,2208908,22,33,,,,Cerrado,
d6069445-5aba-30d7-9bf3-d837510a4209,  -4.176800, -49.413300,2026-08-27 00:14:00,METOP-C,GOIANÉSIA DO PARÁ,PARÁ,Brasil,1503093,15,33,,,,Amazônia,
3b15ae3f-5bed-3075-b2c6-a2376fe8c8d5,  -9.485400, -40.358501,2026-08-27 00:14:00,METOP-C,JUAZEIRO,BAHIA,Brasil,2918407,29,33,,,,Caatinga,
aaa21a3f-9df9-3643-8661-cba32f2960bf, -10.373500, -45.071999,2026-08-27 00:14:00,METOP-C,CORRENTE,PIAUÍ,Brasil,2202901,22,33,,,,Cerrado,
864caf88-aae2-3c98-91fd-d137b88874e8,  -8.817400, -49.622398,2026-08-27 00:14:00,METOP-C,SANTA MARIA DAS BARREIRAS,PARÁ,Brasil,1506583,15,33,,,,Amazônia,
9eaf58d5-9c25-3855-8871-9b7c4c9a3b72,  -8.799000, -50.021599,2026-08-27 00:14:00,METOP-C,SANTA MARIA DAS BARREIRAS,PARÁ,Brasil,1506583,15,33,,,,Amazônia,
ed1e53c1-a0cd-3db3-8b53-a1fd0559478b,  -8.779800, -49.978699,2026-08-27 00:14:00,METOP-C,SANTA MARIA DAS BARREIRAS,PARÁ,Brasil,1506583,15,33,,,,Amazônia,
0776f603-0b0b-38b7-8350-27a233a1af27,  -7.099100, -42.808498,2026-08-27 00:14:00,METOP-C,NAZARÉ DO PIAUÍ,PIAUÍ,Brasil,2206704,22,33,,,,Caatinga,
a21a6557-616b-3593-b294-f8cb86faa8f8,  -3.968800, -43.100201,2026-08-27 00:14:00,METOP-C,BURITI,MARANHÃO,Brasil,2102200,21,33,,,,Cerrado,
785c65a6-6f0c-3f39-a002-22100bbf69c0,  -7.749900, -44.734699,2026-08-27 00:14:00,METOP-C,URUÇUÍ,PIAUÍ,Brasil,2211209,22,33,,,,Cerrado,
fc3211f8-3752-365c-a137-98b6ff123255,  -7.546500, -48.585499,2026-08-27 00:14:00,METOP-C,NOVA OLINDA,TOCANTINS,Brasil,1714880,17,33,,,,Cerrado,
1cc1c6cd-3334-3330-bf59-161bfd697949,  -7.199200, -42.749802,2026-08-27 00:14:00,METOP-C,NAZARÉ DO PIAUÍ,PIAUÍ,Brasil,2206704,22,33,,,,Caatinga,
3de13a33-20ed-3e5b-ae1a-fed917c83747,  -6.626400, -53.161999,2026-08-27 00:14:00,METOP-C,SÃO FÉLIX DO XINGU,PARÁ,Brasil,1507300,15,33,,,,Amazônia,
b71a7098-b780-38ad-acdd-c6ae5a98c518,  -5.748000, -42.628101,2026-08-27 00:14:00,METOP-C,MIGUEL LEÃO,PIAUÍ,Brasil,2206308,22,33,,,,Caatinga,
dee64768-5f79-322c-bc6f-9855a6ed5643,  -7.016400, -47.979198,2026-08-27 00:14:00,METOP-C,WANDERLÂNDIA,TOCANTINS,Brasil,1722081,17,33,,,,Cerrado,
d00eee30-fa6d-3e59-940e-54bfaa6fb2d0,  -7.066700, -44.900600,2026-08-27 00:14:00,METOP-C,SÃO FÉLIX DE BALSAS,MARANHÃO,Brasil,2110807,21,33,,,,Cerrado,
8f58e549-4ee6-32c5-a203-64605f9266c4,  -9.216600, -51.556999,2026-08-27 00:14:00,METOP-C,SÃO FÉLIX DO XINGU,PARÁ,Brasil,1507300,15,33,,,,Amazônia,
aaa521cb-4c0b-333c-919a-93a743fb40df,  -7.332300, -44.432201,2026-08-27 00:14:00,METOP-C,URUÇUÍ,PIAUÍ,Brasil,2211209,22,33,,,,Cerrado,
2406a1d3-286c-30b9-a6e8-0698c4cd176e,  -4.174200, -49.401699,2026-08-27 00:14:00,METOP-C,GOIANÉSIA DO PARÁ,PARÁ,Brasil,1503093,15,33,,,,Amazônia,
f185ba7e-c8fe-35e2-94be-9e2a1a40f318, -11.804400, -47.670399,2026-08-27 00:14:00,METOP-C,NATIVIDADE,TOCANTINS,Brasil,1714203,17,33,,,,Cerrado,
09699e94-2fb1-3fa5-921b-e0cfb37b6215,  -8.159600, -47.490200,2026-08-27 00:14:00,METOP-C,GOIATINS,TOCANTINS,Brasil,1709005,17,33,,,,Cerrado,
5511b549-39fc-3233-8ff3-41755e003c81,  -7.357900, -55.140598,2026-08-27 00:14:00,METOP-C,ALTAMIRA,PARÁ,Brasil,1500602,15,33,,,,Amazônia,
79f1c62a-d02d-34d5-844d-d03cee229011,  -7.454900, -43.103401,2026-08-27 00:14:00,METOP-C,ITAUEIRA,PIAUÍ,Brasil,2205102,22,33,,,,Caatinga,
91427519-71fe-3538-a708-ca7cc81ba88b, -10.490600, -46.232399,2026-08-27 00:14:00,METOP-C,MATEIROS,TOCANTINS,Brasil,1712702,17,33,,,,Cerrado,
7dba178b-b7f2-3eb6-9573-579a5f22d5cc,  -4.542700, -44.077999,2026-08-27 00:14:00,METOP-C,CODÓ,MARANHÃO,Brasil,2103307,21,33,,,,Cerrado,
eaa1d0dc-9645-32ff-aa30-e337d576b84d,  -4.560000, -44.040000,2026-08-27 00:15:00,MSG-03,CODÓ,MARANHÃO,Brasil,2103307,21,33,,,,Cerrado,
9ca85e06-9112-3908-9a40-4ec6c8bb0934, -10.770000, -54.040000,2026-08-27 00:15:00,MSG-03,MARCELÂNDIA,MATO GROSSO,Brasil,5105580,51,33,,,,Amazônia,
0c940135-82ae-30fc-847c-782c8d925757,  -4.560000, -44.090000,2026-08-27 00:15:00,MSG-03,CODÓ,MARANHÃO,Brasil,2103307,21,33,,,,Cerrado,
a493b0b9-4344-385b-9228-b0997e5877a3,  -4.540000, -44.080000,2026-08-27 00:15:00,MSG-03,CODÓ,MARANHÃO,Brasil,2103307,21,33,,,,Cerrado,
b95e84b3-c859-3b73-a9e4-c14279ba86ac,  -4.590000, -44.090000,2026-08-27 00:15:00,MSG-03,CODÓ,MARANHÃO,Brasil,2103307,21,33,,,,Cerrado,
c9d66d12-140e-3966-9169-c1ea21cb370a,  -4.560000, -44.130000,2026-08-27 00:15:00,MSG-03,CODÓ,MARANHÃO,Brasil,2103307,21,33,,,,Cerrado,
31970ddc-8afb-3a3a-8f14-93242f7bd180, -11.257400, -46.867400,2026-08-27 00:20:00,GOES-19,ALMAS,TOCANTINS,Brasil,1700400,17,33,,,,Cerrado,69.5
18c3cde8-3b31-3297-ac0c-aaec0d6fb7a4,  -8.167000, -47.520100,2026-08-27 00:20:00,GOES-19,GOIATINS,TOCANTINS,Brasil,1709005,17,33,,,,Cerrado,104.8
a0249427-d653-3d71-8472-98beadff5dec,  -8.259600, -54.999200,2026-08-27 00:20:00,GOES-19,ALTAMIRA,PARÁ,Brasil,1500602,15,33,,,,Amazônia,73.5
c905a453-6201-3b90-858f-848f654800af, -11.276500, -46.864900,2026-08-27 00:20:00,GOES-19,ALMAS,TOCANTINS,Brasil,1700400,17,33,,,,Cerrado,376.3
762e0b21-aaf9-3947-b7a4-73d75bc84626, -10.353600, -45.056100,2026-08-27 00:20:00,GOES-19,CORRENTE,PIAUÍ,Brasil,2202901,22,33,,,,Cerrado,76.3
bf35468d-f051-32bb-8208-8319648ac889,  -8.927300, -48.367900,2026-08-27 00:20:00,GOES-19,TUPIRAMA,TOCANTINS,Brasil,1721257,17,33,,,,Cerrado,60.9
6f34962b-23a8-3e21-a0c7-483a1efb3643,  -5.999500, -57.844400,2026-08-27 00:20:00,GOES-19,JACAREACANGA,PARÁ,Brasil,1503754,15,33,,,,Amazônia,77.4
34bad57a-4b09-3e30-bfd5-fbd74266c1a9,  -9.228200, -51.542800,2026-08-27 00:20:00,GOES-19,SÃO FÉLIX DO XINGU,PARÁ,Brasil,1507300,15,33,,,,Amazônia,208.9
263db29e-2cd4-3b9c-8bdb-40553767d6b3,  -8.241000, -55.000300,2026-08-27 00:20:00,GOES-19,ALTAMIRA,PARÁ,Brasil,1500602,15,33,,,,Amazônia,138.1
3c85a713-b9f6-38f9-ab16-6f1971d46393, -10.389700, -61.211800,2026-08-27 00:20:00,GOES-19,RONDOLÂNDIA,MATO GROSSO,Brasil,5107578,51,33,,,,Amazônia,44.9
0403c797-2535-3b4c-9932-30b81c2402ff, -10.372300, -45.076700,2026-08-27 00:20:00,GOES-19,CORRENTE,PIAUÍ,Brasil,2202901,22,33,,,,Cerrado,80.0
328f50cd-d424-3b35-b828-d88fc703a4e7,  -9.209400, -51.544400,2026-08-27 00:20:00,GOES-19,SÃO FÉLIX DO XINGU,PARÁ,Brasil,1507300,15,33,,,,Amazônia,58.9
32938ea6-409a-3c12-bcd0-be472f8decab, -13.379900, -51.463400,2026-08-27 00:20:00,GOES-19,RIBEIRÃO CASCALHEIRA,MATO GROSSO,Brasil,5107180,51,33,,,,Cerrado,111.3
a8e1065e-8d6e-390b-82c9-733e4e3c2555,  -7.510400, -61.383200,2026-08-27 00:20:00,GOES-19,MANICORÉ,AMAZONAS,Brasil,1302702,13,33,,,,Amazônia,57.7
d27dc60f-b3d8-3fb6-8ffa-e10f87cf6756,  -5.864000, -43.584400,2026-08-27 00:20:00,GOES-19,LAGOA DO MATO,MARANHÃO,Brasil,2105922,21,33,,,,Cerrado,56.4
0b7120d5-9fa1-39c0-84a1-3214096dc544,  -8.795000, -50.038700,2026-08-27 00:20:00,GOES-19,SANTA MARIA DAS BARREIRAS,PARÁ,Brasil,1506583,15,33,,,,Amazônia,59.3
e16824a0-d399-352c-8035-1e47ec04c6b1,  -2.798400, -48.623000,2026-08-27 00:20:00,GOES-19,TAILÂNDIA,PARÁ,Brasil,1507953,15,33,,,,Amazônia,63.3
89cbf333-14de-3253-9f5c-68f829eb65d9,  -7.337800, -44.451400,2026-08-27 00:20:00,GOES-19,URUÇUÍ,PIAUÍ,Brasil,2211209,22,33,,,,Cerrado,62.3
308cb1cf-1abc-32e9-b5c3-08cdc61faf2e,  -2.816800, -48.643900,2026-08-27 00:20:00,GOES-19,TAILÂNDIA,PARÁ,Brasil,1507953,15,33,,,,Amazônia,44.1
0e2d4094-38c0-3e8c-95a3-3b111e6d40ad, -11.754400, -54.541400,2026-08-27 00:20:00,GOES-19,UNIÃO DO SUL,MATO GROSSO,Brasil,5108303,51,33,,,,Amazônia,59.6
702d02ee-0a3e-353f-a53e-1499202a8813,  -4.182400, -49.405300,2026-08-27 00:20:00,GOES-19,GOIANÉSIA DO PARÁ,PARÁ,Brasil,1503093,15,33,,,,Amazônia,58.1
deb71ff6-87fb-3097-a9f9-2cae2d16b8bd, -10.372700, -45.053700,2026-08-27 00:20:00,GOES-19,CORRENTE,PIAUÍ,Brasil,2202901,22,33,,,,Cerrado,128.7
d5ed994c-a98f-36a7-8617-a15a3e2ba6a2,  -7.069800, -44.910700,2026-08-27 00:20:00,GOES-19,SÃO FÉLIX DE BALSAS,MARANHÃO,Brasil,2110807,21,33,,,,Cerrado,69.2
7aa36d66-b5d9-3a9b-a27f-1e1ef7aa866d,  -9.228000, -51.563800,2026-08-27 00:20:00,GOES-19,SÃO FÉLIX DO XINGU,PARÁ,Brasil,1507300,15,33,,,,Amazônia,77.5
2eb1d3ff-fbb1-3aa9-9835-0742b30cb512,  -6.639600, -53.193400,2026-08-27 00:20:00,GOES-19,SÃO FÉLIX DO XINGU,PARÁ,Brasil,1507300,15,33,,,,Amazônia,65.1
7338cc84-52ac-383b-8920-d7693aa2f94d,  -2.816900, -48.622400,2026-08-27 00:20:00,GOES-19,TAILÂNDIA,PARÁ,Brasil,1507953,15,33,,,,Amazônia,64.4
fe98c481-416a-3cb3-90d9-b344fcc4c010, -11.735700, -54.522700,2026-08-27 00:20:00,GOES-19,UNIÃO DO SUL,MATO GROSSO,Brasil,5108303,51,33,,,,Amazônia,69.4
f1c35df5-8e2c-32c4-9e9d-ba8d84e20ceb,  -7.366500, -55.153400,2026-08-27 00:20:00,GOES-19,ALTAMIRA,PARÁ,Brasil,1500602,15,33,,,,Amazônia,90.1
4211da1f-232a-3624-93e1-da78f78bd893, -11.754600, -54.520900,2026-08-27 00:20:00,GOES-19,UNIÃO DO SUL,MATO GROSSO,Brasil,5108303,51,33,,,,Amazônia,53.6
486a9836-aa48-32ad-a904-d48c9a1ccd82, -10.389800, -61.192500,2026-08-27 00:20:00,GOES-19,RONDOLÂNDIA,MATO GROSSO,Brasil,5107578,51,33,,,,Amazônia,59.8
492eb653-a70f-3212-b79a-bbe040f50b43,  -6.267700, -53.356500,2026-08-27 00:20:00,GOES-19,ALTAMIRA,PARÁ,Brasil,1500602,15,33,,,,Amazônia,58.3
5787fa24-d6ea-3a47-9726-7f06781f2962, -11.276100, -46.887400,2026-08-27 00:20:00,GOES-19,ALMAS,TOCANTINS,Brasil,1700400,17,33,,,,Cerrado,261.0
fc5efb9b-74f0-352e-89b9-081cbb97400f, -11.735400, -54.543100,2026-08-27 00:20:00,GOES-19,UNIÃO DO SUL,MATO GROSSO,Brasil,5108303,51,33,,,,Amazônia,98.2
c4833828-289e-3062-80f0-4926a95d94d2,  -8.813500, -50.058300,2026-08-27 00:20:00,GOES-19,SANTA MARIA DAS BARREIRAS,PARÁ,Brasil,1506583,15,33,,,,Amazônia,70.7
37028687-6f03-3be5-9340-e82ba5902490,  -7.338100, -44.428300,2026-08-27 00:20:00,GOES-19,URUÇUÍ,PIAUÍ,Brasil,2211209,22,33,,,,Cerrado,67.2
86fdc653-16d1-304b-a493-409d94fe2fc0,  -5.999600, -57.824900,2026-08-27 00:20:00,GOES-19,JACAREACANGA,PARÁ,Brasil,1503754,15,33,,,,Amazônia,137.5
faf31a08-6286-3da6-86a1-3c23b3474f4a, -13.361100, -51.444500,2026-08-27 00:20:00,GOES-19,RIBEIRÃO CASCALHEIRA,MATO GROSSO,Brasil,5107180,51,33,,,,Cerrado,107.1
c2d7e059-420a-368c-b3db-0a433818107c,  -8.794700, -50.060000,2026-08-27 00:20:00,GOES-19,SANTA MARIA DAS BARREIRAS,PARÁ,Brasil,1506583,15,33,,,,Amazônia,57.1
4110fe71-eea5-32d0-9ca6-b26077211b6c,  -6.267600, -53.376800,2026-08-27 00:20:00,GOES-19,ALTAMIRA,PARÁ,Brasil,1500602,15,33,,,,Amazônia,54.0
ab6e3105-e651-380c-bfe6-f734d97811c3, -13.360700, -51.465900,2026-08-27 00:20:00,GOES-19,RIBEIRÃO CASCALHEIRA,MATO GROSSO,Brasil,5107180,51,33,,,,Cerrado,108.3
c869f1c4-7ced-3df5-9352-eca7d50be962,  -8.167200, -47.498100,2026-08-27 00:20:00,GOES-19,GOIATINS,TOCANTINS,Brasil,1709005,17,33,,,,Cerrado,73.9
4aab4248-49e7-3a63-b4fc-e48cff0dea14, -11.295600, -46.862400,2026-08-27 00:20:00,GOES-19,RIO DA CONCEIÇÃO,TOCANTINS,Brasil,1718659,17,33,,,,Cerrado,51.5
de5551e5-60c1-3954-8e55-18100bce7ac7, -27.932540, -51.077800,2026-08-27 00:22:00,TERRA_M-M,ESMERALDA,RIO GRANDE DO SUL,Brasil,4307401,43,33,,,,Mata Atlântica,5.9
5abe4727-2290-3ade-898f-0bab637d67c8, -15.816490, -56.438450,2026-08-27 00:24:00,TERRA_M-M,NOSSA SENHORA DO LIVRAMENTO,MATO GROSSO,Brasil,5106109,51,33,,,,Cerrado,5.5
6117b8bc-6868-324c-a21a-63727796e4e2, -15.103230, -48.006580,2026-08-27 00:24:00,TERRA_M-M,ÁGUA FRIA DE GOIÁS,GOIÁS,Brasil,5200175,52,33,,,,Cerrado,14.1
e65ac553-9950-3352-8dcb-c97d1c225aee, -14.846850, -49.216210,2026-08-27 00:24:00,TERRA_M-M,HIDROLINA,GOIÁS,Brasil,5209804,52,33,,,,Cerrado,12.8
9faf2947-e5e2-38d4-a631-256394b73fbc, -15.750920, -46.057840,2026-08-27 00:24:00,TERRA_M-M,ARINOS,MINAS GERAIS,Brasil,3104502,31,33,,,,Cerrado,20.8
e334e8ec-743b-3a75-84d6-27be9c2ae5c3, -14.761590, -48.765070,2026-08-27 00:24:00,TERRA_M-M,BARRO ALTO,GOIÁS,Brasil,5203203,52,33,,,,Cerrado,10.7
c1b780c8-26b6-30cc-88a8-b789fc1ca23b, -16.209940, -57.748350,2026-08-27 00:24:00,TERRA_M-M,CÁCERES,MATO GROSSO,Brasil,5102504,51,33,,,,Pantanal,28.7
d8fcbe0f-3043-38e4-8c29-6a4d66a31793, -14.800910, -48.790870,2026-08-27 00:24:00,TERRA_M-M,BARRO ALTO,GOIÁS,Brasil,5203203,52,33,,,,Cerrado,29.6
edb10a98-c309-3d1c-8cd0-a4c18c0e6d28, -16.150950, -49.795340,2026-08-27 00:24:00,TERRA_M-M,ITABERAÍ,GOIÁS,Brasil,5210406,52,33,,,,Cerrado,9.8
691e7613-7bb7-3374-92ee-7bf4613e8afc, -16.152950, -49.808030,2026-08-27 00:24:00,TERRA_M-M,ITABERAÍ,GOIÁS,Brasil,5210406,52,33,,,,Cerrado,11.3
503e635c-3ace-3307-9cfa-477bd96862f2, -15.827480, -56.448070,2026-08-27 00:24:00,TERRA_M-M,NOSSA SENHORA DO LIVRAMENTO,MATO GROSSO,Brasil,5106109,51,33,,,,Cerrado,21.6
a1275a49-cef9-3552-a9cb-13f40fa1c4fc, -15.106090, -48.024360,2026-08-27 00:24:00,TERRA_M-M,ÁGUA FRIA DE GOIÁS,GOIÁS,Brasil,5200175,52,33,,,,Cerrado,43.1
ffa415d3-0e9e-330f-bdfd-22f699af81de, -15.098760, -48.020280,2026-08-27 00:24:00,TERRA_M-M,ÁGUA FRIA DE GOIÁS,GOIÁS,Brasil,5200175,52,33,,,,Cerrado,21.6
ca8a51ef-a700-359c-ba4a-f4fc0ac8509c, -16.264310, -49.000000,2026-08-27 00:24:00,TERRA_M-M,ANÁPOLIS,GOIÁS,Brasil,5201108,52,33,,,,Cerrado,9.6
310f8aa9-35d6-3ce1-8a6c-78b3b0738040, -14.933300, -52.616300,2026-08-27 00:24:00,TERRA_M-M,BARRA DO GARÇAS,MATO GROSSO,Brasil,5101803,51,33,,,,Cerrado,6.7
b8a3f1cb-b5d4-3c6a-b87c-9ad4c2027c52, -16.211500, -57.761730,2026-08-27 00:24:00,TERRA_M-M,CÁCERES,MATO GROSSO,Brasil,5102504,51,33,,,,Pantanal,9.7
1dd406cb-fd57-35d9-af59-b309244ab3ff, -15.012020, -48.883270,2026-08-27 00:24:00,TERRA_M-M,BARRO ALTO,GOIÁS,Brasil,5203203,52,33,,,,Cerrado,17.5
b0d4f985-0187-3230-972a-48c1d827c3ed, -15.515540, -48.499660,2026-08-27 00:24:00,TERRA_M-M,PADRE BERNARDO,GOIÁS,Brasil,5215603,52,33,,,,Cerrado,12.1
7aaec9a7-54b1-345c-89f6-802c8ea0e780, -15.819110, -49.967090,2026-08-27 00:24:00,TERRA_M-M,GOIÁS,GOIÁS,Brasil,5208905,52,33,,,,Cerrado,9.8
a8e81f93-3f19-3b21-9d45-084b35524564, -15.110710, -48.017930,2026-08-27 00:24:00,TERRA_M-M,ÁGUA FRIA DE GOIÁS,GOIÁS,Brasil,5200175,52,33,,,,Cerrado,30.2
a028b5da-299d-342a-a535-1e63ce3508b6, -15.023250, -48.881260,2026-08-27 00:24:00,TERRA_M-M,BARRO ALTO,GOIÁS,Brasil,5203203,52,33,,,,Cerrado,12.0
8baff199-5971-3de2-a1a0-d3fe17df79bf, -14.176170, -47.088290,2026-08-27 00:24:00,TERRA_M-M,FLORES DE GOIÁS,GOIÁS,Brasil,5207907,52,33,,,,Cerrado,19.0
466a5d3e-695e-3598-b4c1-2cb981bc0bf0, -14.803290, -48.805560,2026-08-27 00:24:00,TERRA_M-M,BARRO ALTO,GOIÁS,Brasil,5203203,52,33,,,,Cerrado,56.3
de864360-3b09-39b3-ae81-6809b211c921, -16.268440, -49.007370,2026-08-27 00:24:00,TERRA_M-M,ANÁPOLIS,GOIÁS,Brasil,5201108,52,33,,,,Cerrado,11.1
75377da7-5f5f-3ad2-9f10-d214e820ade5, -15.826100, -56.437160,2026-08-27 00:24:00,TERRA_M-M,NOSSA SENHORA DO LIVRAMENTO,MATO GROSSO,Brasil,5106109,51,33,,,,Cerrado,11.4
3dd3f7d9-e8f5-3106-88e8-3196c64268d8, -11.194730, -55.084510,2026-08-27 00:26:00,TERRA_M-M,ITAÚBA,MATO GROSSO,Brasil,5104559,51,33,,,,Amazônia,8.0
f330400e-fc31-3217-a046-2d7dee59ca10,  -9.615580, -55.123790,2026-08-27 00:26:00,TERRA_M-M,NOVO MUNDO,MATO GROSSO,Brasil,5106265,51,33,,,,Amazônia,6.2
d0bf0593-a952-3272-a239-121ac7e85983, -13.202640, -51.372820,2026-08-27 00:26:00,TERRA_M-M,RIBEIRÃO CASCALHEIRA,MATO GROSSO,Brasil,5107180,51,33,,,,Cerrado,14.8
1e2fd059-7eed-30a2-be4f-c0341ffacd38,  -9.663450, -55.080780,2026-08-27 00:26:00,TERRA_M-M,NOVO MUNDO,MATO GROSSO,Brasil,5106265,51,33,,,,Amazônia,8.2
c17f7a44-7f1c-30a1-b0d6-9f0cef104c7c,  -8.063500, -61.267960,2026-08-27 00:26:00,TERRA_M-M,MANICORÉ,AMAZONAS,Brasil,1302702,13,33,,,,Amazônia,12.6
97ec0161-997d-3d66-9bff-4a3727666301,  -8.797860, -50.053230,2026-08-27 00:26:00,TERRA_M-M,SANTA MARIA DAS BARREIRAS,PARÁ,Brasil,1506583,15,33,,,,Amazônia,35.4
50c1a641-734c-3853-9e0d-9e7df08e7c9e,  -8.065730, -61.285870,2026-08-27 00:26:00,TERRA_M-M,MANICORÉ,AMAZONAS,Brasil,1302702,13,33,,,,Amazônia,10.8
b0a51f99-8e9d-3ef1-a437-ee52bac93501,  -8.787070, -50.044460,2026-08-27 00:26:00,TERRA_M-M,SANTA MARIA DAS BARREIRAS,PARÁ,Brasil,1506583,15,33,,,,Amazônia,33.1
4dd86e67-5a7b-35e4-b14a-87a344e331af, -13.378260, -51.512370,2026-08-27 00:26:00,TERRA_M-M,RIBEIRÃO CASCALHEIRA,MATO GROSSO,Brasil,5107180,51,33,,,,Cerrado,10.5
cfffa01e-a63f-37b8-b125-d61b87ec9e76,  -8.162760, -54.959950,2026-08-27 00:26:00,TERRA_M-M,ALTAMIRA,PARÁ,Brasil,1500602,15,33,,,,Amazônia,9.5
ecd51fa6-c8da-3035-8633-31ce0158bec1, -13.411190, -50.233660,2026-08-27 00:26:00,TERRA_M-M,SÃO MIGUEL DO ARAGUAIA,GOIÁS,Brasil,5220207,52,33,,,,Cerrado,38.6
3f9cf617-7ac1-3e8f-b506-0899b03d61fa,  -8.507660, -55.325340,2026-08-27 00:26:00,TERRA_M-M,NOVO PROGRESSO,PARÁ,Brasil,1505031,15,33,,,,Amazônia,17.7
275372df-13fe-3a06-94bb-ad0d9d095509, -10.752310, -54.017250,2026-08-27 00:26:00,TERRA_M-M,MARCELÂNDIA,MATO GROSSO,Brasil,5105580,51,33,,,,Amazônia,12.0
11c2ab08-923a-3891-a061-8899188faad8,  -9.437390, -60.539820,2026-08-27 00:26:00,TERRA_M-M,ARIPUANÃ,MATO GROSSO,Brasil,5101407,51,33,,,,Amazônia,10.5
56d6dd0a-ce56-3dd7-8896-d7338c571f86,  -7.408210, -55.161690,2026-08-27 00:26:00,TERRA_M-M,ALTAMIRA,PARÁ,Brasil,1500602,15,33,,,,Amazônia,5.5
2b298245-bbe3-3c93-8e46-6bb1882651ed, -10.764930, -53.978390,2026-08-27 00:26:00,TERRA_M-M,MARCELÂNDIA,MATO GROSSO,Brasil,5105580,51,33,,,,Amazônia,67.9
e0f512c8-3fe2-3101-af7c-e2964767de41, -13.345880, -51.428100,2026-08-27 00:26:00,TERRA_M-M,RIBEIRÃO CASCALHEIRA,MATO GROSSO,Brasil,5107180,51,33,,,,Cerrado,19.6
cfa33e88-42b1-3fac-a466-a58c368bda08,  -7.376520, -55.145360,2026-08-27 00:26:00,TERRA_M-M,ALTAMIRA,PARÁ,Brasil,1500602,15,33,,,,Amazônia,7.4
36717364-c9a1-3001-bfcb-135f55c15371, -13.879420, -51.909320,2026-08-27 00:26:00,TERRA_M-M,NOVA NAZARÉ,MATO GROSSO,Brasil,5106174,51,33,,,,Cerrado,10.2
d736b869-c2c1-3fba-bd9f-217e123d79bf, -13.466280, -57.047790,2026-08-27 00:26:00,TERRA_M-M,NOVA MARINGÁ,MATO GROSSO,Brasil,5108907,51,33,,,,Cerrado,101.5
a251ecbc-83ad-3612-98c3-704d7de8e092,  -7.365030, -55.192110,2026-08-27 00:26:00,TERRA_M-M,ALTAMIRA,PARÁ,Brasil,1500602,15,33,,,,Amazônia,6.3
4a7a080e-5e67-3334-b605-6f156504519b, -13.365390, -51.492160,2026-08-27 00:26:00,TERRA_M-M,RIBEIRÃO CASCALHEIRA,MATO GROSSO,Brasil,5107180,51,33,,,,Cerrado,8.9
8245e58c-08ed-30da-883e-4e6fc01f84ba,  -7.378970, -55.163060,2026-08-27 00:26:00,TERRA_M-M,ALTAMIRA,PARÁ,Brasil,1500602,15,33,,,,Amazônia,9.2
6a785193-67f0-37c9-8f1e-cfcc8232e4cc,  -8.230790, -54.980380,2026-08-27 00:26:00,TERRA_M-M,ALTAMIRA,PARÁ,Brasil,1500602,15,33,,,,Amazônia,10.8
db82cec4-e4fe-3d8a-8453-5120f98200af, -13.370120, -51.457880,2026-08-27 00:26:00,TERRA_M-M,RIBEIRÃO CASCALHEIRA,MATO GROSSO,Brasil,5107180,51,33,,,,Cerrado,96.7
38bdc558-15fb-357b-ba17-388be2777889,  -8.170340, -54.949800,2026-08-27 00:26:00,TERRA_M-M,ALTAMIRA,PARÁ,Brasil,1500602,15,33,,,,Amazônia,5.4
fa8c73b1-94ac-382f-a56f-61ddc2b584c3, -10.786500, -54.003000,2026-08-27 00:26:00,TERRA_M-M,MARCELÂNDIA,MATO GROSSO,Brasil,5105580,51,33,,,,Amazônia,12.5
b081eaf0-6802-3f09-81ab-f09f01fbeb19,  -8.809360, -50.051380,2026-08-27 00:26:00,TERRA_M-M,SANTA MARIA DAS BARREIRAS,PARÁ,Brasil,1506583,15,33,,,,Amazônia,30.9
6c13d24f-9509-3938-a57f-433c9d88d692, -10.770040, -54.014670,2026-08-27 00:26:00,TERRA_M-M,MARCELÂNDIA,MATO GROSSO,Brasil,5105580,51,33,,,,Amazônia,23.5
bf0355f2-6e2a-315e-b5b4-54edc7d2a5c6,  -7.606840, -47.291580,2026-08-27 00:26:00,TERRA_M-M,CAROLINA,MARANHÃO,Brasil,2102804,21,33,,,,Cerrado,30.6
ce66b2b5-6bd0-3601-ae7b-83e107478955,  -9.439220, -51.702210,2026-08-27 00:26:00,TERRA_M-M,SÃO FÉLIX DO XINGU,PARÁ,Brasil,1507300,15,33,,,,Amazônia,12.3
c36d85da-1b8b-317d-8d32-e946edc4f138,  -8.533330, -55.297370,2026-08-27 00:26:00,TERRA_M-M,NOVO PROGRESSO,PARÁ,Brasil,1505031,15,33,,,,Amazônia,6.6
c9151446-6fb7-3683-9d76-70287e7f8863,  -8.783870, -50.039150,2026-08-27 00:26:00,TERRA_M-M,SANTA MARIA DAS BARREIRAS,PARÁ,Brasil,1506583,15,33,,,,Amazônia,32.1
a90f467e-e0c8-32f9-91a4-5c4053d57962, -13.413270, -51.812690,2026-08-27 00:26:00,TERRA_M-M,RIBEIRÃO CASCALHEIRA,MATO GROSSO,Brasil,5107180,51,33,,,,Cerrado,6.9
3dad7d78-b7c1-3895-9596-e1a43a3997d0, -10.775080, -53.986150,2026-08-27 00:26:00,TERRA_M-M,MARCELÂNDIA,MATO GROSSO,Brasil,5105580,51,33,,,,Amazônia,17.6
37631037-2491-3be3-834d-a7a4ccbf8dd0,  -8.158700, -47.497370,2026-08-27 00:26:00,TERRA_M-M,GOIATINS,TOCANTINS,Brasil,1709005,17,33,,,,Cerrado,42.3
f9986264-ff07-3c0a-ac91-a0b9adb24609, -10.771310, -54.023710,2026-08-27 00:26:00,TERRA_M-M,MARCELÂNDIA,MATO GROSSO,Brasil,5105580,51,33,,,,Amazônia,15.0
56f38efc-4832-3c89-aee6-ee285c32ba41, -10.393590, -61.199840,2026-08-27 00:26:00,TERRA_M-M,RONDOLÂNDIA,MATO GROSSO,Brasil,5107578,51,33,,,,Amazônia,14.9
7851da36-c590-3d8c-a261-bd307c9536b0, -10.749750, -53.999130,2026-08-27 00:26:00,TERRA_M-M,MARCELÂNDIA,MATO GROSSO,Brasil,5105580,51,33,,,,Amazônia,6.5
5595ba9a-b43a-3eb0-9bea-5f8c940197e5, -10.768770, -54.005610,2026-08-27 00:26:00,TERRA_M-M,MARCELÂNDIA,MATO GROSSO,Brasil,5105580,51,33,,,,Amazônia,41.8
14c140dd-d4b1-3843-9168-ff344062e793,  -8.242060, -54.996840,2026-08-27 00:26:00,TERRA_M-M,ALTAMIRA,PARÁ,Brasil,1500602,15,33,,,,Amazônia,47.7
25bc1136-4022-313f-998f-18f79bce92ed, -14.519470, -53.408780,2026-08-27 00:26:00,TERRA_M-M,SANTO ANTÔNIO DO LESTE,MATO GROSSO,Brasil,5107792,51,33,,,,Cerrado,6.9
1267c992-a86b-3b7e-a969-8765d793b1ce,  -8.252080, -55.004410,2026-08-27 00:26:00,TERRA_M-M,ALTAMIRA,PARÁ,Brasil,1500602,15,33,,,,Amazônia,44.6
8f9d95e8-7886-3a31-8bc0-1604f3bc0e9f,  -8.770790, -50.014430,2026-08-27 00:26:00,TERRA_M-M,SANTA MARIA DAS BARREIRAS,PARÁ,Brasil,1506583,15,33,,,,Amazônia,13.6
7fcb1673-8215-3e46-b189-5ba9bd0faedd, -13.324890, -51.420220,2026-08-27 00:26:00,TERRA_M-M,RIBEIRÃO CASCALHEIRA,MATO GROSSO,Brasil,5107180,51,33,,,,Cerrado,6.9
54caee54-f4b7-3e4b-9324-c9de87befee8,  -8.595760, -54.758580,2026-08-27 00:26:00,TERRA_M-M,ALTAMIRA,PARÁ,Brasil,1500602,15,33,,,,Amazônia,6.5
49c54d3c-e07b-362c-b9cd-4a0b166f79b9, -11.154670, -53.998180,2026-08-27 00:26:00,TERRA_M-M,MARCELÂNDIA,MATO GROSSO,Brasil,5105580,51,33,,,,Amazônia,16.4
e2c6be04-fb24-320b-b567-8af22e03a41c,  -9.734480, -49.326160,2026-08-27 00:26:00,TERRA_M-M,DIVINÓPOLIS DO TOCANTINS,TOCANTINS,Brasil,1707108,17,33,,,,Cerrado,14.5
cc23b788-349a-3b45-8583-783011077f40,  -8.822770, -49.622480,2026-08-27 00:26:00,TERRA_M-M,SANTA MARIA DAS BARREIRAS,PARÁ,Brasil,1506583,15,33,,,,Amazônia,25.9
20f73913-6e2a-3fd4-8e54-fdc5705ef9b7,  -9.672240, -55.079510,2026-08-27 00:26:00,TERRA_M-M,NOVO MUNDO,MATO GROSSO,Brasil,5106265,51,33,,,,Amazônia,24.4
347f5c72-7ae9-3f8c-b2f8-80280831ded7, -13.386250, -51.499970,2026-08-27 00:26:00,TERRA_M-M,RIBEIRÃO CASCALHEIRA,MATO GROSSO,Brasil,5107180,51,33,,,,Cerrado,15.9
b5407c3b-2555-3caa-aab5-dec7708abc0f, -13.191280, -51.363260,2026-08-27 00:26:00,TERRA_M-M,RIBEIRÃO CASCALHEIRA,MATO GROSSO,Brasil,5107180,51,33,,,,Cerrado,9.0
fb53db31-bfbb-33ec-b0cf-0d229b59c46e, -11.762780, -54.522330,2026-08-27 00:26:00,TERRA_M-M,UNIÃO DO SUL,MATO GROSSO,Brasil,5108303,51,33,,,,Amazônia,16.6
4b62e670-632e-316f-82b9-792036fe8751, -13.610510, -51.832750,2026-08-27 00:26:00,TERRA_M-M,CANARANA,MATO GROSSO,Brasil,5102702,51,33,,,,Cerrado,27.7
ac3d0769-4142-3c4f-ade5-412f647ce0bb,  -8.559960, -54.905640,2026-08-27 00:26:00,TERRA_M-M,ALTAMIRA,PARÁ,Brasil,1500602,15,33,,,,Amazônia,7.9
864b8ccb-c6dd-3052-81c8-28adfed1fdea, -13.467660, -57.058810,2026-08-27 00:26:00,TERRA_M-M,NOVA MARINGÁ,MATO GROSSO,Brasil,5108907,51,33,,,,Amazônia,17.7
11af6a22-d147-3d30-a8ed-cd0439ac80ed, -11.771580, -54.521040,2026-08-27 00:26:00,TERRA_M-M,UNIÃO DO SUL,MATO GROSSO,Brasil,5108303,51,33,,,,Amazônia,14.1
5521dad0-af8a-3ba4-ab30-d0dced313b8f,  -9.447520, -51.688860,2026-08-27 00:26:00,TERRA_M-M,SÃO FÉLIX DO XINGU,PARÁ,Brasil,1507300,15,33,,,,Amazônia,14.3
9722a2b4-e0c4-33d0-8620-0b563cf75213, -10.789040, -54.021090,2026-08-27 00:26:00,TERRA_M-M,MARCELÂNDIA,MATO GROSSO,Brasil,5105580,51,33,,,,Amazônia,18.2
99005d64-a625-3276-afc9-69e9af798958, -10.383170, -61.220800,2026-08-27 00:26:00,TERRA_M-M,RONDOLÂNDIA,MATO GROSSO,Brasil,5107578,51,33,,,,Amazônia,14.7
526ea2b8-471c-3e95-8160-f55c1de37d01,  -8.219550, -54.964040,2026-08-27 00:26:00,TERRA_M-M,ALTAMIRA,PARÁ,Brasil,1500602,15,33,,,,Amazônia,4.6
26dc19ca-3d67-3dab-8eef-64b3132f790f,  -9.386700, -48.696560,2026-08-27 00:26:00,TERRA_M-M,MIRANORTE,TOCANTINS,Brasil,1713304,17,33,,,,Cerrado,22.6
f5cb2a69-e6da-3081-9e48-37efc9ef814e,  -9.966730, -53.946560,2026-08-27 00:26:00,TERRA_M-M,PEIXOTO DE AZEVEDO,MATO GROSSO,Brasil,5106422,51,33,,,,Amazônia,22.9
c26e1eef-990c-370e-82db-b8230fdc7a9f, -13.456610, -57.049180,2026-08-27 00:26:00,TERRA_M-M,NOVA MARINGÁ,MATO GROSSO,Brasil,5108907,51,33,,,,Cerrado,7.0
f1db256b-d06d-3995-85fd-46b2c0c7df9c, -10.377860, -61.188610,2026-08-27 00:26:00,TERRA_M-M,RONDOLÂNDIA,MATO GROSSO,Brasil,5107578,51,33,,,,Amazônia,17.1
36f1679c-a93a-30c0-9ff6-bb3d7b596626,  -8.588030, -54.832350,2026-08-27 00:26:00,TERRA_M-M,ALTAMIRA,PARÁ,Brasil,1500602,15,33,,,,Amazônia,5.5
935ee4b2-d9c0-3f46-9088-121f834ab4c9, -10.485900, -61.431090,2026-08-27 00:26:00,TERRA_M-M,RONDOLÂNDIA,MATO GROSSO,Brasil,5107578,51,33,,,,Amazônia,51.9
f85cb24a-62ce-3490-b81a-0e73e4bd517c, -14.560000, -52.270000,2026-08-27 00:26:00,TERRA_M-M,NOVA NAZARÉ,MATO GROSSO,Brasil,5106174,51,33,,,,Cerrado,27.7
ef4bf394-5db6-3405-9475-7c990fcfaec5, -13.387870, -51.510840,2026-08-27 00:26:00,TERRA_M-M,RIBEIRÃO CASCALHEIRA,MATO GROSSO,Brasil,5107180,51,33,,,,Cerrado,16.3
51214fdb-6a82-32bb-b9be-1136475c7524, -13.877900, -51.899110,2026-08-27 00:26:00,TERRA_M-M,NOVA NAZARÉ,MATO GROSSO,Brasil,5106174,51,33,,,,Cerrado,9.6
e8b5fe27-24ba-3dc4-99d5-80ef7555abce, -10.756140, -54.044420,2026-08-27 00:26:00,TERRA_M-M,MARCELÂNDIA,MATO GROSSO,Brasil,5105580,51,33,,,,Amazônia,30.3
83504985-c0db-39a2-9048-e8c5037a1359,  -8.567920, -54.817040,2026-08-27 00:26:00,TERRA_M-M,ALTAMIRA,PARÁ,Brasil,1500602,15,33,,,,Amazônia,5.5
33707b8a-6710-3909-ae2b-8334a8fca2db, -11.498970, -45.111950,2026-08-27 00:26:00,TERRA_M-M,RIACHÃO DAS NEVES,BAHIA,Brasil,2926202,29,33,,,,Cerrado,39.1
a1c2b4e1-6ff4-3eef-85a8-8f32502b6308, -10.772590, -54.032760,2026-08-27 00:26:00,TERRA_M-M,MARCELÂNDIA,MATO GROSSO,Brasil,5105580,51,33,,,,Amazônia,26.9
3241ccdd-4fe0-3c92-8fd2-85e16273c99b,  -9.383670, -48.683200,2026-08-27 00:26:00,TERRA_M-M,MIRANORTE,TOCANTINS,Brasil,1713304,17,33,,,,Cerrado,16.6
0b977cf6-000a-3136-9d29-c08d86a27189, -12.216600, -50.614650,2026-08-27 00:26:00,TERRA_M-M,FORMOSO DO ARAGUAIA,TOCANTINS,Brasil,1708205,17,33,,,,Cerrado,24.5
60bdb977-97a3-3ca4-b978-41922c67a9c1,  -9.232330, -51.551310,2026-08-27 00:26:00,TERRA_M-M,SÃO FÉLIX DO XINGU,PARÁ,Brasil,1507300,15,33,,,,Amazônia,34.2
3d4358fa-ebe4-3db0-9a55-7bd6c2c0efeb,  -6.917100, -46.403610,2026-08-27 00:26:00,TERRA_M-M,SÃO PEDRO DOS CRENTES,MARANHÃO,Brasil,2111573,21,33,,,,Cerrado,43.5
1417d004-8b06-3f15-808d-902c28a1a539,  -9.449190, -60.538220,2026-08-27 00:26:00,TERRA_M-M,ARIPUANÃ,MATO GROSSO,Brasil,5101407,51,33,,,,Amazônia,10.6
ea0019bf-8c18-32dc-8683-9ac9e8a2f3c8,  -7.368940, -55.155510,2026-08-27 00:26:00,TERRA_M-M,ALTAMIRA,PARÁ,Brasil,1500602,15,33,,,,Amazônia,38.2
f24a0597-fbce-3981-9e0f-7a539e0fa65f, -11.200200, -54.000690,2026-08-27 00:26:00,TERRA_M-M,MARCELÂNDIA,MATO GROSSO,Brasil,5105580,51,33,,,,Amazônia,9.6
244352d8-e3fd-3358-9c3a-697829b4805a,  -8.802000, -50.003770,2026-08-27 00:26:00,TERRA_M-M,SANTA MARIA DAS BARREIRAS,PARÁ,Brasil,1506583,15,33,,,,Amazônia,19.7
2c0fe13f-99b8-32c0-9722-5e7dd2df74af,  -8.167870, -54.932000,2026-08-27 00:26:00,TERRA_M-M,ALTAMIRA,PARÁ,Brasil,1500602,15,33,,,,Amazônia,19.1
2790a7e7-a2c1-3b1b-ae62-0554246904c4, -10.751030, -54.008190,2026-08-27 00:26:00,TERRA_M-M,MARCELÂNDIA,MATO GROSSO,Brasil,5105580,51,33,,,,Amazônia,13.6
92e1b687-84c0-387d-a71e-9fa28d81a76b, -11.673230, -54.541740,2026-08-27 00:26:00,TERRA_M-M,UNIÃO DO SUL,MATO GROSSO,Brasil,5108303,51,33,,,,Amazônia,6.7
8201183b-c253-3891-b17b-d50ce436526b, -10.864020, -50.534520,2026-08-27 00:26:00,TERRA_M-M,LAGOA DA CONFUSÃO,TOCANTINS,Brasil,1711902,17,33,,,,Cerrado,11.7
c6a4d039-b8a0-3840-9b0a-98420d7c384c, -10.874700, -50.532800,2026-08-27 00:26:00,TERRA_M-M,LAGOA DA CONFUSÃO,TOCANTINS,Brasil,1711902,17,33,,,,Cerrado,25.8
58b82388-e35c-3137-9231-1425a4749b7e,  -7.488120, -55.285350,2026-08-27 00:26:00,TERRA_M-M,NOVO PROGRESSO,PARÁ,Brasil,1505031,15,33,,,,Amazônia,10.8
d1ad5e21-7bd6-3101-9877-145eeb501d59,  -8.169110, -54.940920,2026-08-27 00:26:00,TERRA_M-M,ALTAMIRA,PARÁ,Brasil,1500602,15,33,,,,Amazônia,8.8
a73633d8-11da-39f0-b65d-7267201b4f59,  -7.361370, -55.165600,2026-08-27 00:26:00,TERRA_M-M,ALTAMIRA,PARÁ,Brasil,1500602,15,33,,,,Amazônia,29.6
f3689f32-afb2-3197-bd0f-418db5d170fa,  -9.975640, -53.945240,2026-08-27 00:26:00,TERRA_M-M,PEIXOTO DE AZEVEDO,MATO GROSSO,Brasil,5106422,51,33,,,,Amazônia,21.8
3648ddd3-2093-3e2c-8c22-0d6dbf612149, -10.762450, -54.025010,2026-08-27 00:26:00,TERRA_M-M,MARCELÂNDIA,MATO GROSSO,Brasil,5105580,51,33,,,,Amazônia,14.8
1e46fd25-5e65-38de-a63d-fcdcd58a25cd,  -8.569170, -54.825960,2026-08-27 00:26:00,TERRA_M-M,ALTAMIRA,PARÁ,Brasil,1500602,15,33,,,,Amazônia,12.3
deb68e75-b91b-3616-930b-4a23f845f5c1, -11.204760, -55.092200,2026-08-27 00:26:00,TERRA_M-M,ITAÚBA,MATO GROSSO,Brasil,5104559,51,33,,,,Amazônia,11.7
7da36539-b0e2-317e-96ee-6bcbecd79590,  -7.360140, -55.156780,2026-08-27 00:26:00,TERRA_M-M,ALTAMIRA,PARÁ,Brasil,1500602,15,33,,,,Amazônia,55.2
a8d35dea-7031-3d0b-a84c-76f106a4079d,  -6.945070, -52.798290,2026-08-27 00:26:00,TERRA_M-M,SÃO FÉLIX DO XINGU,PARÁ,Brasil,1507300,15,33,,,,Amazônia,5.2
034389e3-9242-3010-9c67-4b9bcbc075a2, -10.851290, -50.522710,2026-08-27 00:26:00,TERRA_M-M,LAGOA DA CONFUSÃO,TOCANTINS,Brasil,1711902,17,33,,,,Cerrado,9.1
e588e86f-86a5-314c-b12a-daa146d15ffb, -11.490210, -45.108330,2026-08-27 00:26:00,TERRA_M-M,RIACHÃO DAS NEVES,BAHIA,Brasil,2926202,29,33,,,,Cerrado,51.4
8df5ccee-5735-3ed3-b866-4c86529215eb,  -8.177910, -54.939590,2026-08-27 00:26:00,TERRA_M-M,ALTAMIRA,PARÁ,Brasil,1500602,15,33,,,,Amazônia,22.2
31547ff7-437f-3ef6-aa49-a0fdc4eae05a, -10.765000, -54.043130,2026-08-27 00:26:00,TERRA_M-M,MARCELÂNDIA,MATO GROSSO,Brasil,5105580,51,33,,,,Amazônia,43.1
d789b148-0282-35c1-be33-0c7a60de24d7, -11.163530, -53.996880,2026-08-27 00:26:00,TERRA_M-M,MARCELÂNDIA,MATO GROSSO,Brasil,5105580,51,33,,,,Amazônia,6.9
5e602dd2-7b5c-34fe-a18b-64e3cd6aaf29,  -8.250850, -54.995560,2026-08-27 00:26:00,TERRA_M-M,ALTAMIRA,PARÁ,Brasil,1500602,15,33,,,,Amazônia,44.8
592c54cf-abb3-308e-af8c-bfde2e17d3d6,  -7.373830, -55.190870,2026-08-27 00:26:00,TERRA_M-M,ALTAMIRA,PARÁ,Brasil,1500602,15,33,,,,Amazônia,11.4
b0b92649-b6f1-306e-8586-6885f5146b6b,  -7.377740, -55.154240,2026-08-27 00:26:00,TERRA_M-M,ALTAMIRA,PARÁ,Brasil,1500602,15,33,,,,Amazônia,21.1
42236cf2-416e-35e1-89ca-ef267454629b, -10.939670, -51.039990,2026-08-27 00:26:00,TERRA_M-M,LUCIARA,MATO GROSSO,Brasil,5105309,51,33,,,,Cerrado,40.6
9ffe1c24-f6fa-339a-8ec5-820971734a42,  -9.664670, -55.089640,2026-08-27 00:26:00,TERRA_M-M,NOVO MUNDO,MATO GROSSO,Brasil,5106265,51,33,,,,Amazônia,15.5
7c444681-c883-3e3c-8563-f2f24ce7d5d9,  -8.225680, -55.008200,2026-08-27 00:26:00,TERRA_M-M,ALTAMIRA,PARÁ,Brasil,1500602,15,33,,,,Amazônia,6.0
4e99c502-e508-3af3-bb66-bfcee0f8850b,  -9.002160, -57.545790,2026-08-27 00:26:00,TERRA_M-M,APIACÁS,MATO GROSSO,Brasil,5100805,51,33,,,,Amazônia,11.6
93edddee-e213-3bbe-b6c5-53353f87bd0d,  -7.445380, -50.937230,2026-08-27 00:26:00,TERRA_M-M,BANNACH,PARÁ,Brasil,1501253,15,33,,,,Amazônia,15.4
be866fd6-f40a-37f1-98c4-a8b229dff2fa, -10.787770, -54.012050,2026-08-27 00:26:00,TERRA_M-M,MARCELÂNDIA,MATO GROSSO,Brasil,5105580,51,33,,,,Amazônia,54.5
34fdf7d7-7715-3119-87c3-21f0bc7f1244,  -9.220350, -51.540860,2026-08-27 00:26:00,TERRA_M-M,SÃO FÉLIX DO XINGU,PARÁ,Brasil,1507300,15,33,,,,Amazônia,117.5
5775b9d9-b2fd-3850-9126-71a3f5293255,  -8.234480, -55.006920,2026-08-27 00:26:00,TERRA_M-M,ALTAMIRA,PARÁ,Brasil,1500602,15,33,,,,Amazônia,7.0
60c9d079-40cd-3154-8ec9-473c76c19433,  -8.229580, -54.971590,2026-08-27 00:26:00,TERRA_M-M,ALTAMIRA,PARÁ,Brasil,1500602,15,33,,,,Amazônia,5.4
99cb904d-76af-3944-b0cc-dedcfe40dae3,  -9.176640, -58.317980,2026-08-27 00:26:00,TERRA_M-M,NOVA BANDEIRANTES,MATO GROSSO,Brasil,5106158,51,33,,,,Amazônia,5.8
865c9df1-0574-3c07-b62e-75334cf9660e,  -7.268250, -46.810460,2026-08-27 00:26:00,TERRA_M-M,CAROLINA,MARANHÃO,Brasil,2102804,21,33,,,,Cerrado,36.2
98ccd986-ac26-3af8-ae50-64699b59d2e6, -13.357190, -51.437530,2026-08-27 00:26:00,TERRA_M-M,RIBEIRÃO CASCALHEIRA,MATO GROSSO,Brasil,5107180,51,33,,,,Cerrado,53.3
ff7b2551-032d-34b1-a181-726c8cba31ba, -10.363930, -45.098020,2026-08-27 00:26:00,TERRA_M-M,CORRENTE,PIAUÍ,Brasil,2202901,22,33,,,,Cerrado,62.5
ec2c1391-7562-3134-b350-158d56d17201,  -8.817990, -62.316040,2026-08-27 00:26:00,TERRA_M-M,CUJUBIM,RONDÔNIA,Brasil,1100940,11,33,,,,Amazônia,13.3
93da22f6-741a-3133-8dab-1160eab879fe, -10.754860, -54.035370,2026-08-27 00:26:00,TERRA_M-M,MARCELÂNDIA,MATO GROSSO,Brasil,5105580,51,33,,,,Amazônia,73.4
c8a3e68a-a422-3840-abbe-a833a79f363e, -13.367030, -51.503040,2026-08-27 00:26:00,TERRA_M-M,RIBEIRÃO CASCALHEIRA,MATO GROSSO,Brasil,5107180,51,33,,,,Cerrado,6.7
d949a539-05e9-39db-a0cf-0c0d151562b5, -10.767490, -53.996540,2026-08-27 00:26:00,TERRA_M-M,MARCELÂNDIA,MATO GROSSO,Brasil,5105580,51,33,,,,Amazônia,37.6
e936b598-45fa-3b13-85bb-a22583d020a0,  -9.186560, -58.316700,2026-08-27 00:26:00,TERRA_M-M,NOVA BANDEIRANTES,MATO GROSSO,Brasil,5106158,51,33,,,,Amazônia,11.4
cde32b6c-b746-3422-bb38-90c26c39c46f, -10.876720, -50.546310,2026-08-27 00:26:00,TERRA_M-M,LAGOA DA CONFUSÃO,TOCANTINS,Brasil,1711902,17,33,,,,Cerrado,40.4
4afeeee1-1751-3078-8ed9-951c8bbbddff,  -9.496980, -56.917590,2026-08-27 00:26:00,TERRA_M-M,PARANAÍTA,MATO GROSSO,Brasil,5106299,51,33,,,,Amazônia,8.0
a6457c06-43ea-363c-9969-9e55e865f387, -11.736040, -54.541710,2026-08-27 00:26:00,TERRA_M-M,UNIÃO DO SUL,MATO GROSSO,Brasil,5108303,51,33,,,,Amazônia,47.1
9b37db7f-82bb-36d5-93e9-049221fd8620,  -8.233250, -54.998070,2026-08-27 00:26:00,TERRA_M-M,ALTAMIRA,PARÁ,Brasil,1500602,15,33,,,,Amazônia,6.2
f1a49914-90fe-38d6-81d5-2db2d78d4f39,  -9.408540, -51.634680,2026-08-27 00:26:00,TERRA_M-M,SÃO FÉLIX DO XINGU,PARÁ,Brasil,1507300,15,33,,,,Amazônia,12.2
45b4e652-063e-3a03-a5bc-dd9856e7ecf4,  -9.386790, -48.703310,2026-08-27 00:26:00,TERRA_M-M,MIRANORTE,TOCANTINS,Brasil,1713304,17,33,,,,Cerrado,18.5
519b7cab-5dca-348a-9c1c-b59602a8bdda, -13.619910, -51.831210,2026-08-27 00:26:00,TERRA_M-M,CANARANA,MATO GROSSO,Brasil,5102702,51,33,,,,Cerrado,4.4
bce077b7-92ff-3f5b-a2df-cc9963faf530, -14.295870, -51.145740,2026-08-27 00:26:00,TERRA_M-M,COCALINHO,MATO GROSSO,Brasil,5103106,51,33,,,,Cerrado,7.4
28ffdfb7-f3aa-3a8d-bad3-08f926a83585, -11.737270, -54.550650,2026-08-27 00:26:00,TERRA_M-M,UNIÃO DO SUL,MATO GROSSO,Brasil,5108303,51,33,,,,Amazônia,24.8
9773f8ea-2c3f-3d59-bbcc-18fce6a5a811, -10.623890, -53.900020,2026-08-27 00:26:00,TERRA_M-M,MARCELÂNDIA,MATO GROSSO,Brasil,5105580,51,33,,,,Amazônia,5.7
fae50251-d261-3740-933a-3e9fefc8a28c, -11.191350, -54.002000,2026-08-27 00:26:00,TERRA_M-M,MARCELÂNDIA,MATO GROSSO,Brasil,5105580,51,33,,,,Amazônia,6.1
734c28bc-7492-3c71-9590-f6317aab2c41, -10.305800, -49.966740,2026-08-27 00:26:00,TERRA_M-M,PIUM,TOCANTINS,Brasil,1717503,17,33,,,,Cerrado,20.1
a4e3ee81-a620-3f77-af33-0e07aeea1a70,  -6.653180, -51.492570,2026-08-27 00:26:00,TERRA_M-M,TUCUMÃ,PARÁ,Brasil,1508084,15,33,,,,Amazônia,25.5
6cd907f5-ce2f-3b6b-90bf-f838c7e51fa4,  -8.111980, -51.671050,2026-08-27 00:26:00,TERRA_M-M,OURILÂNDIA DO NORTE,PARÁ,Brasil,1505437,15,33,,,,Amazônia,18.9
6d0815b0-40aa-3434-85fd-bcb16f3ac286,  -7.375050, -55.199680,2026-08-27 00:26:00,TERRA_M-M,NOVO PROGRESSO,PARÁ,Brasil,1505031,15,33,,,,Amazônia,8.7
ee8de86f-1fce-3cd6-a7fc-69fb0e668c02, -10.753580, -54.026310,2026-08-27 00:26:00,TERRA_M-M,MARCELÂNDIA,MATO GROSSO,Brasil,5105580,51,33,,,,Amazônia,23.7
7f66a3b4-934c-30e7-a06f-ba366c39881c,  -8.240830, -54.988000,2026-08-27 00:26:00,TERRA_M-M,ALTAMIRA,PARÁ,Brasil,1500602,15,33,,,,Amazônia,13.8
99b153bd-47f1-3322-a8c3-6d70238b0b80, -11.695750, -54.574910,2026-08-27 00:26:00,TERRA_M-M,UNIÃO DO SUL,MATO GROSSO,Brasil,5108303,51,33,,,,Amazônia,7.0
ff29a151-a049-3969-a232-5e584fea5a52,  -8.814240, -50.083000,2026-08-27 00:26:00,TERRA_M-M,SANTA MARIA DAS BARREIRAS,PARÁ,Brasil,1506583,15,33,,,,Amazônia,24.4
7396385d-b940-3737-a6d6-c5b3f2bd787a,  -7.443280, -50.922720,2026-08-27 00:26:00,TERRA_M-M,BANNACH,PARÁ,Brasil,1501253,15,33,,,,Amazônia,11.6
94231e04-36e2-3b36-9e76-186e1f959bb0, -13.201000, -51.361700,2026-08-27 00:26:00,TERRA_M-M,RIBEIRÃO CASCALHEIRA,MATO GROSSO,Brasil,5107180,51,33,,,,Cerrado,11.7
e5a18c4f-1c96-3574-b810-4ad4f7d4818c,  -7.409440, -55.170520,2026-08-27 00:26:00,TERRA_M-M,ALTAMIRA,PARÁ,Brasil,1500602,15,33,,,,Amazônia,9.8
c03f3f58-dddd-3929-bb25-c3b9333ebb30, -10.374230, -45.058320,2026-08-27 00:26:00,TERRA_M-M,CORRENTE,PIAUÍ,Brasil,2202901,22,33,,,,Cerrado,91.8
e2e18353-9bd0-3344-ab6b-fd4ffddfe077, -10.766210, -53.987470,2026-08-27 00:26:00,TERRA_M-M,MARCELÂNDIA,MATO GROSSO,Brasil,5105580,51,33,,,,Amazônia,48.6
db9a602a-09d9-342b-aeb4-13fb40639944, -10.357740, -45.061350,2026-08-27 00:26:00,TERRA_M-M,CORRENTE,PIAUÍ,Brasil,2202901,22,33,,,,Cerrado,164.6
3dd577b8-0698-38ea-8ed0-0f19b1f2cd55, -11.800380, -47.677540,2026-08-27 00:26:00,TERRA_M-M,NATIVIDADE,TOCANTINS,Brasil,1714203,17,33,,,,Cerrado,28.7
f33540c1-550e-3b76-9be2-39ec1eff0eed,  -9.614360, -55.114920,2026-08-27 00:26:00,TERRA_M-M,NOVO MUNDO,MATO GROSSO,Brasil,5106265,51,33,,,,Amazônia,19.9
19761ad7-71f7-3e0e-8e04-113e562e3182,  -8.799540, -49.987810,2026-08-27 00:26:00,TERRA_M-M,SANTA MARIA DAS BARREIRAS,PARÁ,Brasil,1506583,15,33,,,,Amazônia,49.8
a3137d45-5dde-3148-96cd-c4a1ecffeec3,  -9.399520, -55.979820,2026-08-27 00:26:00,TERRA_M-M,NOVO PROGRESSO,PARÁ,Brasil,1505031,15,33,,,,Amazônia,8.2
11b98067-cf4e-32d3-b080-d0852524220c,  -7.606510, -47.297330,2026-08-27 00:26:00,TERRA_M-M,CAROLINA,MARANHÃO,Brasil,2102804,21,33,,,,Cerrado,31.0
7af349c2-54da-3ca5-9e76-8ee0a6b090d8,  -9.469000, -56.907820,2026-08-27 00:26:00,TERRA_M-M,PARANAÍTA,MATO GROSSO,Brasil,5106299,51,33,,,,Amazônia,6.1
ed7a39db-7154-366f-8943-2bf5b8884d06, -13.336220, -51.429650,2026-08-27 00:26:00,TERRA_M-M,RIBEIRÃO CASCALHEIRA,MATO GROSSO,Brasil,5107180,51,33,,,,Cerrado,14.2
c9447611-3359-33ad-8491-ac294f13ab41,  -6.948150, -52.819820,2026-08-27 00:26:00,TERRA_M-M,SÃO FÉLIX DO XINGU,PARÁ,Brasil,1507300,15,33,,,,Amazônia,8.9
44fde2f9-4863-37eb-abd5-d2135f347006,  -8.787960, -49.989600,2026-08-27 00:26:00,TERRA_M-M,SANTA MARIA DAS BARREIRAS,PARÁ,Brasil,1506583,15,33,,,,Amazônia,18.2
296844a1-4634-38be-925d-cbfda30d6876,  -8.156410, -54.978890,2026-08-27 00:26:00,TERRA_M-M,ALTAMIRA,PARÁ,Brasil,1500602,15,33,,,,Amazônia,10.4
788cbeab-4ce2-3608-9f70-5e6cf7585203, -13.868560, -51.900590,2026-08-27 00:26:00,TERRA_M-M,NOVA NAZARÉ,MATO GROSSO,Brasil,5106174,51,33,,,,Cerrado,6.8
82dc7065-1ce7-39e2-a83a-9a41a366d9a8, -11.746420, -54.533820,2026-08-27 00:26:00,TERRA_M-M,UNIÃO DO SUL,MATO GROSSO,Brasil,5108303,51,33,,,,Amazônia,12.2
1835c899-db36-3b2b-949e-5606d3ad431d, -11.274290, -46.884380,2026-08-27 00:26:00,TERRA_M-M,ALMAS,TOCANTINS,Brasil,1700400,17,33,,,,Cerrado,588.0
bb0b65ed-c42d-3225-8675-fc5d5bd94ee8,  -9.374040, -48.704990,2026-08-27 00:26:00,TERRA_M-M,MIRANORTE,TOCANTINS,Brasil,1713304,17,33,,,,Cerrado,16.5
fd0811ae-4520-3d6b-9dcb-9b17ba940082,  -9.449240, -51.700510,2026-08-27 00:26:00,TERRA_M-M,SÃO FÉLIX DO XINGU,PARÁ,Brasil,1507300,15,33,,,,Amazônia,22.4
cb333427-98c5-34b9-a2f6-06182e800f3d, -11.727240, -54.543000,2026-08-27 00:26:00,TERRA_M-M,UNIÃO DO SUL,MATO GROSSO,Brasil,5108303,51,33,,,,Amazônia,25.8
cfd38eec-2823-3255-9b21-7db7e97a7df2, -11.796920, -47.671530,2026-08-27 00:26:00,TERRA_M-M,NATIVIDADE,TOCANTINS,Brasil,1714203,17,33,,,,Cerrado,22.0
e8a97d5e-894a-35fb-93cf-df289207ffa7,  -8.610930, -54.738200,2026-08-27 00:26:00,TERRA_M-M,ALTAMIRA,PARÁ,Brasil,1500602,15,33,,,,Amazônia,18.5
e22af9c8-88b6-3569-9b52-93d871d90980,  -6.830890, -52.504880,2026-08-27 00:26:00,TERRA_M-M,SÃO FÉLIX DO XINGU,PARÁ,Brasil,1507300,15,33,,,,Amazônia,5.4
e8cbf497-a9a5-3b33-82ad-89099b17bc7a,  -9.671020, -55.070650,2026-08-27 00:26:00,TERRA_M-M,NOVO MUNDO,MATO GROSSO,Brasil,5106265,51,33,,,,Amazônia,5.3
b5ddbd9e-85dd-3bdd-9e93-68fdb99d7a3d,  -8.534540, -55.306210,2026-08-27 00:26:00,TERRA_M-M,NOVO PROGRESSO,PARÁ,Brasil,1505031,15,33,,,,Amazônia,6.2
37862ac0-344f-3705-9143-e5c4f8d65b8e,  -8.163990, -54.968810,2026-08-27 00:26:00,TERRA_M-M,ALTAMIRA,PARÁ,Brasil,1500602,15,33,,,,Amazônia,6.3
b2ed8e2d-c2a0-3a44-a74f-f918bd577287,  -8.239600, -54.979160,2026-08-27 00:26:00,TERRA_M-M,ALTAMIRA,PARÁ,Brasil,1500602,15,33,,,,Amazônia,16.9
4bbf47af-de47-3d17-ba3f-2e154da5ec9b,  -6.840760, -52.503220,2026-08-27 00:26:00,TERRA_M-M,SÃO FÉLIX DO XINGU,PARÁ,Brasil,1507300,15,33,,,,Amazônia,9.0
b88f4fdb-4b95-3bf4-81dc-99e115bc5818, -11.709650, -54.545560,2026-08-27 00:26:00,TERRA_M-M,UNIÃO DO SUL,MATO GROSSO,Brasil,5108303,51,33,,,,Amazônia,6.2
32c7a343-8a0e-3c12-a5a7-19aaec5b3f60, -13.371750, -51.468810,2026-08-27 00:26:00,TERRA_M-M,RIBEIRÃO CASCALHEIRA,MATO GROSSO,Brasil,5107180,51,33,,,,Cerrado,130.5
5b3d2674-6c7e-3be5-9d36-af331ba171d2, -13.347530, -51.439080,2026-08-27 00:26:00,TERRA_M-M,RIBEIRÃO CASCALHEIRA,MATO GROSSO,Brasil,5107180,51,33,,,,Cerrado,30.5
876ae987-0bf7-3d8a-a714-c86e7477bb0a, -10.778910, -54.013370,2026-08-27 00:26:00,TERRA_M-M,MARCELÂNDIA,MATO GROSSO,Brasil,5105580,51,33,,,,Amazônia,48.1
f440c628-78e6-38fc-b1be-dc58e7ec0b31,  -8.928620, -48.381690,2026-08-27 00:26:00,TERRA_M-M,GUARAÍ,TOCANTINS,Brasil,1709302,17,33,,,,Cerrado,75.6
4264a743-1937-3f4f-8558-c4946eea457a, -10.369510, -45.091510,2026-08-27 00:26:00,TERRA_M-M,CORRENTE,PIAUÍ,Brasil,2202901,22,33,,,,Cerrado,150.9
0f388ea4-7ae1-358d-a2dd-018cbfb1133b,  -8.682900, -54.721650,2026-08-27 00:26:00,TERRA_M-M,ALTAMIRA,PARÁ,Brasil,1500602,15,33,,,,Amazônia,6.7
5cc9c620-73d8-35f9-a2ad-8121d9f61374, -13.376640, -51.501500,2026-08-27 00:26:00,TERRA_M-M,RIBEIRÃO CASCALHEIRA,MATO GROSSO,Brasil,5107180,51,33,,,,Cerrado,39.5
dbb50755-d531-34cf-918b-753137c8b9db, -11.211250, -54.002400,2026-08-27 00:26:00,TERRA_M-M,MARCELÂNDIA,MATO GROSSO,Brasil,5105580,51,33,,,,Amazônia,5.6
6ad9bba1-6419-3e7a-9919-f5d7f5980e82, -12.219550, -54.233450,2026-08-27 00:26:00,TERRA_M-M,FELIZ NATAL,MATO GROSSO,Brasil,5103700,51,33,,,,Amazônia,6.6
c037867f-ccfd-38ea-8ecc-666408be9dfb, -10.773800, -53.977070,2026-08-27 00:26:00,TERRA_M-M,MARCELÂNDIA,MATO GROSSO,Brasil,5105580,51,33,,,,Amazônia,17.2
65dfd273-43c6-3ab0-8d2b-2ccf104b00c6,  -9.613140, -55.106060,2026-08-27 00:26:00,TERRA_M-M,NOVO MUNDO,MATO GROSSO,Brasil,5106265,51,33,,,,Amazônia,31.6
fa68289b-ee39-33d9-b6d5-7f44f8539f05,  -8.806910, -50.035490,2026-08-27 00:26:00,TERRA_M-M,SANTA MARIA DAS BARREIRAS,PARÁ,Brasil,1506583,15,33,,,,Amazônia,13.5
178edea1-ebe1-3039-aeef-928d25a03e58,  -9.222170, -51.553030,2026-08-27 00:26:00,TERRA_M-M,SÃO FÉLIX DO XINGU,PARÁ,Brasil,1507300,15,33,,,,Amazônia,233.1
641a1447-fd11-3336-b73e-ed1e3c54e9a9,  -8.800320, -50.069020,2026-08-27 00:26:00,TERRA_M-M,SANTA MARIA DAS BARREIRAS,PARÁ,Brasil,1506583,15,33,,,,Amazônia,38.9
b56ff97f-d990-331d-984e-8f6e14f2ce25,  -7.367720, -55.146640,2026-08-27 00:26:00,TERRA_M-M,ALTAMIRA,PARÁ,Brasil,1500602,15,33,,,,Amazônia,3.6
a37e4999-a57d-3d31-ad24-3b427fd6c262, -13.360480, -51.459420,2026-08-27 00:26:00,TERRA_M-M,RIBEIRÃO CASCALHEIRA,MATO GROSSO,Brasil,5107180,51,33,,,,Cerrado,11.3
7d72047e-e93a-39de-bcc6-c9df21969486,  -8.543990, -54.790160,2026-08-27 00:26:00,TERRA_M-M,ALTAMIRA,PARÁ,Brasil,1500602,15,33,,,,Amazônia,7.5
da12fc38-40ec-3159-9ab4-6454eb34305c,  -9.011600, -57.544530,2026-08-27 00:26:00,TERRA_M-M,APIACÁS,MATO GROSSO,Brasil,5100805,51,33,,,,Amazônia,13.8
b45ce8de-a19a-32d0-85bd-b1b65b9ac84c,  -7.446580, -50.931280,2026-08-27 00:26:00,TERRA_M-M,BANNACH,PARÁ,Brasil,1501253,15,33,,,,Amazônia,22.6
32993790-dd97-3f1e-8282-f15059223d2a, -11.270050, -46.858910,2026-08-27 00:26:00,TERRA_M-M,ALMAS,TOCANTINS,Brasil,1700400,17,33,,,,Cerrado,177.1
52d5833a-58de-3ad3-8e4e-424c6d27280a, -10.363100, -45.054980,2026-08-27 00:26:00,TERRA_M-M,CORRENTE,PIAUÍ,Brasil,2202901,22,33,,,,Cerrado,197.7
0947fb6c-ec4f-3b49-b589-cbcd3b59d0ce, -12.619100, -48.422570,2026-08-27 00:26:00,TERRA_M-M,SÃO SALVADOR DO TOCANTINS,TOCANTINS,Brasil,1720259,17,33,,,,Cerrado,23.9
71a54248-a861-358b-afcc-47d73e26410b,  -9.611920, -55.097190,2026-08-27 00:26:00,TERRA_M-M,NOVO MUNDO,MATO GROSSO,Brasil,5106265,51,33,,,,Amazônia,9.1
4e8a5a3f-deac-39e5-9e57-20c00f8bc9c5,  -8.177060, -47.520680,2026-08-27 00:26:00,TERRA_M-M,GOIATINS,TOCANTINS,Brasil,1709005,17,33,,,,Cerrado,64.1
2653dc00-c371-3b79-a1d8-6a3864e87ceb,  -9.230550, -51.539350,2026-08-27 00:26:00,TERRA_M-M,SÃO FÉLIX DO XINGU,PARÁ,Brasil,1507300,15,33,,,,Amazônia,36.9
507071a0-e6a7-36e2-adca-f851a0370c99,  -8.220770, -54.972840,2026-08-27 00:26:00,TERRA_M-M,ALTAMIRA,PARÁ,Brasil,1500602,15,33,,,,Amazônia,9.1
8ef02dec-33da-3f4a-9d69-76a3c44ddc18, -10.380930, -61.201350,2026-08-27 00:26:00,TERRA_M-M,RONDOLÂNDIA,MATO GROSSO,Brasil,5107578,51,33,,,,Amazônia,115.6
2a476a9b-bf35-35ce-96a7-bfd9bd8aeecf,  -8.176680, -54.930690,2026-08-27 00:26:00,TERRA_M-M,ALTAMIRA,PARÁ,Brasil,1500602,15,33,,,,Amazônia,45.8
210f3f84-3848-3d44-89c5-b6ba737fef06,  -8.542750, -54.781270,2026-08-27 00:26:00,TERRA_M-M,ALTAMIRA,PARÁ,Brasil,1500602,15,33,,,,Amazônia,13.2
b6404f87-a39d-389e-9538-71cc31c9d3eb, -10.761170, -54.015960,2026-08-27 00:26:00,TERRA_M-M,MARCELÂNDIA,MATO GROSSO,Brasil,5105580,51,33,,,,Amazônia,16.5
6bde6554-1f56-321b-99d2-6219d6a8e40a, -10.780180, -54.022410,2026-08-27 00:26:00,TERRA_M-M,MARCELÂNDIA,MATO GROSSO,Brasil,5105580,51,33,,,,Amazônia,54.3
77e289cc-6ac4-33db-bfeb-769e5a53352b, -14.385070, -51.125480,2026-08-27 00:26:00,TERRA_M-M,COCALINHO,MATO GROSSO,Brasil,5103106,51,33,,,,Cerrado,8.8
a329776c-a6b1-3895-a4f9-b667732b42d3, -10.763650, -53.969300,2026-08-27 00:26:00,TERRA_M-M,MARCELÂNDIA,MATO GROSSO,Brasil,5105580,51,33,,,,Amazônia,32.4
a87544ca-aff0-3353-9217-04dca72fd7d9,  -8.804450, -50.019600,2026-08-27 00:26:00,TERRA_M-M,SANTA MARIA DAS BARREIRAS,PARÁ,Brasil,1506583,15,33,,,,Amazônia,37.0
4de03b6e-cd40-3e87-89be-ca229ab4086f, -10.380240, -61.207920,2026-08-27 00:26:00,TERRA_M-M,RONDOLÂNDIA,MATO GROSSO,Brasil,5107578,51,33,,,,Amazônia,75.2
5227f7b1-3b6a-318c-bf87-af27abf592d5, -10.853340, -50.536240,2026-08-27 00:26:00,TERRA_M-M,LAGOA DA CONFUSÃO,TOCANTINS,Brasil,1711902,17,33,,,,Cerrado,28.6
a16ea983-2923-3565-badf-45ff2b4b80e6, -11.696980, -54.583840,2026-08-27 00:26:00,TERRA_M-M,SANTA CARMEM,MATO GROSSO,Brasil,5107248,51,33,,,,Amazônia,9.3
0021d39f-6a21-38f8-acc1-a9d67d6b9735,  -7.370170, -55.164330,2026-08-27 00:26:00,TERRA_M-M,ALTAMIRA,PARÁ,Brasil,1500602,15,33,,,,Amazônia,29.7
e262902d-96cd-315c-a606-994e06c0ee38,  -7.271870, -46.816670,2026-08-27 00:26:00,TERRA_M-M,CAROLINA,MARANHÃO,Brasil,2102804,21,33,,,,Cerrado,43.5
1f1b8e6d-5dca-36c0-9764-706a3dd9c6fc,  -8.243280, -55.005670,2026-08-27 00:26:00,TERRA_M-M,ALTAMIRA,PARÁ,Brasil,1500602,15,33,,,,Amazônia,128.8
eae5fc66-7e8e-3558-b838-594fd69abeed,  -8.031150, -51.815720,2026-08-27 00:26:00,TERRA_M-M,OURILÂNDIA DO NORTE,PARÁ,Brasil,1505437,15,33,,,,Amazônia,7.0
593fda2c-9973-3e27-979e-6b792f668ea1, -13.358830, -51.448490,2026-08-27 00:26:00,TERRA_M-M,RIBEIRÃO CASCALHEIRA,MATO GROSSO,Brasil,5107180,51,33,,,,Cerrado,44.1
375bae85-23cd-37ea-b2ea-510475607074, -12.766770, -46.459280,2026-08-27 00:26:00,TERRA_M-M,LAVANDEIRA,TOCANTINS,Brasil,1712157,17,33,,,,Cerrado,34.7
67adb9d8-8a04-356f-84fb-7bc90f94b240,  -8.599630, -54.721650,2026-08-27 00:26:00,TERRA_M-M,ALTAMIRA,PARÁ,Brasil,1500602,15,33,,,,Amazônia,12.7
226bdecc-d91d-334c-b838-fe4416e9bb7d,  -9.361270, -48.706630,2026-08-27 00:26:00,TERRA_M-M,MIRANORTE,TOCANTINS,Brasil,1713304,17,33,,,,Cerrado,26.2
e5b04c86-77e9-3c5a-b2f6-dffd73cc9866,  -9.406760, -51.622840,2026-08-27 00:26:00,TERRA_M-M,SÃO FÉLIX DO XINGU,PARÁ,Brasil,1507300,15,33,,,,Amazônia,8.1
f032864a-2268-33bb-9375-a4b621cfacf8,  -9.974360, -53.936080,2026-08-27 00:26:00,TERRA_M-M,PEIXOTO DE AZEVEDO,MATO GROSSO,Brasil,5106422,51,33,,,,Amazônia,8.5
dccaa9cf-84fd-3cb1-8002-a4162650e806,  -8.623630, -54.700020,2026-08-27 00:26:00,TERRA_M-M,ALTAMIRA,PARÁ,Brasil,1500602,15,33,,,,Amazônia,6.8
8974e534-b4a5-3d96-81ad-21837616faee,  -8.811810, -50.067210,2026-08-27 00:26:00,TERRA_M-M,SANTA MARIA DAS BARREIRAS,PARÁ,Brasil,1506583,15,33,,,,Amazônia,92.1
fd2fedcc-c7c5-32bc-b9f9-2b66088c9264, -13.855370, -54.065670,2026-08-27 00:26:00,TERRA_M-M,PARANATINGA,MATO GROSSO,Brasil,5106307,51,33,,,,Cerrado,8.7
73ae5adf-8f86-38c6-a431-d95688260ca2,  -8.925230, -48.360430,2026-08-27 00:26:00,TERRA_M-M,TUPIRAMA,TOCANTINS,Brasil,1721257,17,33,,,,Cerrado,69.2
68d10489-2df6-3255-9998-abe0f8cb9750, -11.698210, -54.592770,2026-08-27 00:26:00,TERRA_M-M,SANTA CARMEM,MATO GROSSO,Brasil,5107248,51,33,,,,Amazônia,13.0
bdbd4642-6fb6-3140-a48f-9becd0e37537, -11.195950, -55.093460,2026-08-27 00:26:00,TERRA_M-M,ITAÚBA,MATO GROSSO,Brasil,5104559,51,33,,,,Amazônia,5.3
05fd0bca-7690-3ae3-84f6-fbfe08708089, -10.763730, -54.034070,2026-08-27 00:26:00,TERRA_M-M,MARCELÂNDIA,MATO GROSSO,Brasil,5105580,51,33,,,,Amazônia,75.0
8e8859cd-1f75-32d8-a0ff-a71e03a5bc21, -13.368480, -51.446950,2026-08-27 00:26:00,TERRA_M-M,RIBEIRÃO CASCALHEIRA,MATO GROSSO,Brasil,5107180,51,33,,,,Cerrado,15.6
353928b1-0e76-3232-bbef-bdfaaa642629,  -8.147600, -54.980110,2026-08-27 00:26:00,TERRA_M-M,ALTAMIRA,PARÁ,Brasil,1500602,15,33,,,,Amazônia,5.5
52f6ebc3-f125-3a70-8a02-8b1a0ded6fbc, -14.584680, -52.054230,2026-08-27 00:26:00,TERRA_M-M,NOVA NAZARÉ,MATO GROSSO,Brasil,5106174,51,33,,,,Cerrado,6.0
6ef2f840-0705-367a-beea-18d29a1ea0eb,  -9.487790, -56.918820,2026-08-27 00:26:00,TERRA_M-M,PARANAÍTA,MATO GROSSO,Brasil,5106299,51,33,,,,Amazônia,5.2
81f7ddf8-df1e-3e50-86f5-8577ab34b386,  -8.609690, -54.729280,2026-08-27 00:26:00,TERRA_M-M,ALTAMIRA,PARÁ,Brasil,1500602,15,33,,,,Amazônia,7.5
8385a005-75e4-3836-b005-63ab213a55be, -10.956590, -49.780680,2026-08-27 00:26:00,TERRA_M-M,SANTA RITA DO TOCANTINS,TOCANTINS,Brasil,1718899,17,33,,,,Cerrado,12.1
fe09fc7a-5b73-3723-9a42-6557eb1e72b6, -13.475960, -57.046540,2026-08-27 00:26:00,TERRA_M-M,NOVA MARINGÁ,MATO GROSSO,Brasil,5108907,51,33,,,,Cerrado,10.2
cc56ba80-1a29-3d94-88f8-2bec9397f9f5, -13.349190, -51.450030,2026-08-27 00:26:00,TERRA_M-M,RIBEIRÃO CASCALHEIRA,MATO GROSSO,Brasil,5107180,51,33,,,,Cerrado,7.1
01686a78-13b7-3518-899d-0a4462b6004b, -11.733570, -54.523840,2026-08-27 00:26:00,TERRA_M-M,UNIÃO DO SUL,MATO GROSSO,Brasil,5108303,51,33,,,,Amazônia,3.8
7ce47912-aa86-34ea-860d-5ad728ac769c, -13.869140, -54.100420,2026-08-27 00:26:00,TERRA_M-M,PARANATINGA,MATO GROSSO,Brasil,5106307,51,33,,,,Cerrado,7.9
e91df36b-5974-3c8f-a862-8f5de226d9b6,  -9.673460, -55.088380,2026-08-27 00:26:00,TERRA_M-M,NOVO MUNDO,MATO GROSSO,Brasil,5106265,51,33,,,,Amazônia,4.6
5d2b7741-482a-3dd8-8a55-4c472567b03d, -10.773860, -54.041800,2026-08-27 00:26:00,TERRA_M-M,MARCELÂNDIA,MATO GROSSO,Brasil,5105580,51,33,,,,Amazônia,21.2
6b389875-3261-34a5-8cc7-bc06bf8534f6, -13.300240, -51.542370,2026-08-27 00:26:00,TERRA_M-M,RIBEIRÃO CASCALHEIRA,MATO GROSSO,Brasil,5107180,51,33,,,,Cerrado,6.7
464183f2-eb55-30ac-968f-bb144ebc81dd, -10.776350, -53.995220,2026-08-27 00:26:00,TERRA_M-M,MARCELÂNDIA,MATO GROSSO,Brasil,5105580,51,33,,,,Amazônia,13.9
607eda66-515a-348f-b454-1928b7d0f608, -10.392910, -61.206490,2026-08-27 00:26:00,TERRA_M-M,RONDOLÂNDIA,MATO GROSSO,Brasil,5107578,51,33,,,,Amazônia,30.9
f8f60eee-1468-31d9-a425-9f9db8e936f1,  -9.965440, -53.937410,2026-08-27 00:26:00,TERRA_M-M,PEIXOTO DE AZEVEDO,MATO GROSSO,Brasil,5106422,51,33,,,,Amazônia,6.5
ef254d51-580a-3ca0-b6ae-f93ba064fa94,  -8.681660, -54.712730,2026-08-27 00:26:00,TERRA_M-M,ALTAMIRA,PARÁ,Brasil,1500602,15,33,,,,Amazônia,6.3
630a1d12-8521-3deb-98de-4358a0d8b2c7,  -8.162780, -47.522950,2026-08-27 00:26:00,TERRA_M-M,GOIATINS,TOCANTINS,Brasil,1709005,17,33,,,,Cerrado,89.7
b770bc5e-117d-363f-be2b-f15fdbf956bb, -11.734800, -54.532780,2026-08-27 00:26:00,TERRA_M-M,UNIÃO DO SUL,MATO GROSSO,Brasil,5108303,51,33,,,,Amazônia,63.9
39466ffa-3103-3cf4-96be-cf4e36281e50,  -8.508880, -55.334170,2026-08-27 00:26:00,TERRA_M-M,NOVO PROGRESSO,PARÁ,Brasil,1505031,15,33,,,,Amazônia,6.8
a66f83be-c891-3e56-892c-b0a9b7b06b08, -10.777630, -54.004300,2026-08-27 00:26:00,TERRA_M-M,MARCELÂNDIA,MATO GROSSO,Brasil,5105580,51,33,,,,Amazônia,20.7
0b67ceef-c5c2-3cce-8b4d-1fe3966a26d6,  -3.732720, -59.335300,2026-08-27 00:28:00,TERRA_M-M,AUTAZES,AMAZONAS,Brasil,1300300,13,33,,,,Amazônia,7.7
107235b7-3f0b-3a96-b3ef-f9e65d38cc4a,  -6.359550, -54.787810,2026-08-27 00:28:00,TERRA_M-M,ALTAMIRA,PARÁ,Brasil,1500602,15,33,,,,Amazônia,5.2
99e5cdb8-b782-304f-a20e-5490dd27231f,  -3.430400, -51.244550,2026-08-27 00:28:00,TERRA_M-M,ANAPU,PARÁ,Brasil,1500859,15,33,,,,Amazônia,14.8
04458795-6101-39d7-95d8-c870866f429c,  -2.901770, -48.278160,2026-08-27 00:28:00,TERRA_M-M,TOMÉ-AÇU,PARÁ,Brasil,1508001,15,33,,,,Amazônia,37.0
5865e1b3-3377-33be-889a-533928c7fe4c,  -6.233030, -53.491270,2026-08-27 00:28:00,TERRA_M-M,ALTAMIRA,PARÁ,Brasil,1500602,15,33,,,,Amazônia,14.8
184dfdf6-d9e6-3488-9198-f04715d5a23b,  -1.458850, -55.825140,2026-08-27 00:28:00,TERRA_M-M,ORIXIMINÁ,PARÁ,Brasil,1505304,15,33,,,,Amazônia,5.8
e518b207-fd9e-321e-8470-4cdf28f589eb,  -6.001770, -57.828800,2026-08-27 00:28:00,TERRA_M-M,JACAREACANGA,PARÁ,Brasil,1503754,15,33,,,,Amazônia,203.4
77fd7158-7423-3287-8f96-3f292613704f,  -2.886830, -48.273760,2026-08-27 00:28:00,TERRA_M-M,TOMÉ-AÇU,PARÁ,Brasil,1508001,15,33,,,,Amazônia,17.1
33eaf83f-56b9-3f54-a127-a64a6efc1f13,  -6.031470, -58.047190,2026-08-27 00:28:00,TERRA_M-M,JACAREACANGA,PARÁ,Brasil,1503754,15,33,,,,Amazônia,6.3
be1284e8-a449-3055-b303-777b67d5b8a2,  -3.507310, -58.948990,2026-08-27 00:28:00,TERRA_M-M,AUTAZES,AMAZONAS,Brasil,1300300,13,33,,,,Amazônia,10.3
ea01c5c3-cb7d-3435-90e6-b59f88c999d2,  -6.078830, -55.549930,2026-08-27 00:28:00,TERRA_M-M,ITAITUBA,PARÁ,Brasil,1503606,15,33,,,,Amazônia,6.1
eeb5f8cb-2465-3455-a537-ecf24253ef2a,  -3.281470, -57.883740,2026-08-27 00:28:00,TERRA_M-M,BOA VISTA DO RAMOS,AMAZONAS,Brasil,1300680,13,33,,,,Amazônia,11.3
d897c9c4-4b30-3cc8-a826-93ec79edf6c9,  -6.631150, -53.182500,2026-08-27 00:28:00,TERRA_M-M,SÃO FÉLIX DO XINGU,PARÁ,Brasil,1507300,15,33,,,,Amazônia,20.1
46aaea22-dabe-3faf-bfa2-20edec0f7661,  -4.895710, -56.266910,2026-08-27 00:28:00,TERRA_M-M,TRAIRÃO,PARÁ,Brasil,1508050,15,33,,,,Amazônia,7.7
b4603bfb-c722-3569-baaf-abbcdb66e40a,  -6.304390, -53.546410,2026-08-27 00:28:00,TERRA_M-M,ALTAMIRA,PARÁ,Brasil,1500602,15,33,,,,Amazônia,46.0
6a9a393c-4a31-38a7-8cdd-a777df358fc3,  -3.742570, -59.333960,2026-08-27 00:28:00,TERRA_M-M,AUTAZES,AMAZONAS,Brasil,1300300,13,33,,,,Amazônia,7.5
1214901a-3274-3d4f-b441-3adcdfca4ed0,  -4.496580, -55.445120,2026-08-27 00:28:00,TERRA_M-M,RURÓPOLIS,PARÁ,Brasil,1506195,15,33,,,,Amazônia,6.8
b49f0931-3123-3c95-96a5-043810da2079,  -6.404360, -60.048790,2026-08-27 00:28:00,TERRA_M-M,NOVO ARIPUANÃ,AMAZONAS,Brasil,1303304,13,33,,,,Amazônia,18.8
3edd443c-7f5d-31f1-bbd6-07f23c88f400,  -6.150260, -59.930220,2026-08-27 00:28:00,TERRA_M-M,NOVO ARIPUANÃ,AMAZONAS,Brasil,1303304,13,33,,,,Amazônia,15.8
7152e15b-c7a5-3f59-a51a-bb5cf01b885a,  -6.299320, -53.577810,2026-08-27 00:28:00,TERRA_M-M,ALTAMIRA,PARÁ,Brasil,1500602,15,33,,,,Amazônia,14.2
d9b1ed6b-28dc-3d34-918a-4012419cd32a,  -6.087320, -57.711940,2026-08-27 00:28:00,TERRA_M-M,JACAREACANGA,PARÁ,Brasil,1503754,15,33,,,,Amazônia,7.3
76961cb6-a96d-34c9-9c74-0e78530fa3c8,  -6.225450, -55.424200,2026-08-27 00:28:00,TERRA_M-M,ITAITUBA,PARÁ,Brasil,1503606,15,33,,,,Amazônia,5.7
3a2439c3-13cb-3dd1-a569-828d0cc3759f,  -6.643580, -53.201780,2026-08-27 00:28:00,TERRA_M-M,SÃO FÉLIX DO XINGU,PARÁ,Brasil,1507300,15,33,,,,Amazônia,27.4
840b1af0-572b-3ba8-a9fd-9c1a0b12e933,  -5.903650, -51.776180,2026-08-27 00:28:00,TERRA_M-M,SÃO FÉLIX DO XINGU,PARÁ,Brasil,1507300,15,33,,,,Amazônia,7.0
d8ba91d9-1c3c-3bae-ac49-5c1b2f81cea9,  -6.003110, -57.838670,2026-08-27 00:28:00,TERRA_M-M,JACAREACANGA,PARÁ,Brasil,1503754,15,33,,,,Amazônia,124.9
36dc5fdf-d81d-3c97-b406-4f5995b427a0,  -6.515140, -55.241620,2026-08-27 00:28:00,TERRA_M-M,ITAITUBA,PARÁ,Brasil,1503606,15,33,,,,Amazônia,21.0
37dab358-6476-31ad-af7f-c16e4a11c27b,  -6.772530, -55.704840,2026-08-27 00:28:00,TERRA_M-M,NOVO PROGRESSO,PARÁ,Brasil,1505031,15,33,,,,Amazônia,4.8
a3c1bb8d-3d4d-3eb0-82dd-b1c47f2dc5bf,  -6.761320, -55.688490,2026-08-27 00:28:00,TERRA_M-M,NOVO PROGRESSO,PARÁ,Brasil,1505031,15,33,,,,Amazônia,19.9
821ad441-23d0-3ae8-aaee-edcfa27df50f,  -3.124490, -61.184650,2026-08-27 00:28:00,TERRA_M-M,MANACAPURU,AMAZONAS,Brasil,1302504,13,33,,,,Amazônia,7.5
f8ffbac1-1726-3fca-b345-4aa095e3ef40,  -1.735330, -55.289590,2026-08-27 00:28:00,TERRA_M-M,ÓBIDOS,PARÁ,Brasil,1505106,15,33,,,,Amazônia,6.4
c55ea610-63c3-35ec-9d5f-ac65ec0b6622,  -6.233950, -55.485860,2026-08-27 00:28:00,TERRA_M-M,ITAITUBA,PARÁ,Brasil,1503606,15,33,,,,Amazônia,15.0
ef33807e-4286-371b-a6c2-9c8acda0c2fe,  -3.775940, -59.284230,2026-08-27 00:28:00,TERRA_M-M,AUTAZES,AMAZONAS,Brasil,1300300,13,33,,,,Amazônia,9.3
ebb8e659-0d63-3933-9c98-cd8c06807fd2,  -6.191840, -57.941820,2026-08-27 00:28:00,TERRA_M-M,JACAREACANGA,PARÁ,Brasil,1503754,15,33,,,,Amazônia,5.2
ae6aa06f-2e12-3838-8a98-234e560e8ed6,  -2.901610, -48.271500,2026-08-27 00:28:00,TERRA_M-M,TOMÉ-AÇU,PARÁ,Brasil,1508001,15,33,,,,Amazônia,25.6
d9f14189-8f52-3c46-9e25-3707993b79b3,  -6.637000, -58.512520,2026-08-27 00:28:00,TERRA_M-M,MAUÉS,AMAZONAS,Brasil,1302900,13,33,,,,Amazônia,11.9
42722199-f67a-3f04-abe7-62c6f90653fb,  -6.646690, -58.511150,2026-08-27 00:28:00,TERRA_M-M,MAUÉS,AMAZONAS,Brasil,1302900,13,33,,,,Amazônia,10.8
4a0f62d8-ba33-3fc8-ab0d-8adab8101acd,  -6.141270, -57.847680,2026-08-27 00:28:00,TERRA_M-M,JACAREACANGA,PARÁ,Brasil,1503754,15,33,,,,Amazônia,6.6
f48c0a16-32bd-3907-a15a-6f0a4bff1f76,  -6.624410, -58.492180,2026-08-27 00:28:00,TERRA_M-M,MAUÉS,AMAZONAS,Brasil,1302900,13,33,,,,Amazônia,16.7
f6ab3491-a764-330e-a358-a10dd88d5ce7,  -3.785750, -59.282860,2026-08-27 00:28:00,TERRA_M-M,AUTAZES,AMAZONAS,Brasil,1300300,13,33,,,,Amazônia,5.1
123cd95d-3767-3f85-ae84-da474b55ab79,  -4.179850, -49.418100,2026-08-27 00:28:00,TERRA_M-M,GOIANÉSIA DO PARÁ,PARÁ,Brasil,1503093,15,33,,,,Amazônia,44.0
0c5cdc52-c83e-3bed-84dc-3d5a57020520,  -4.486460, -55.452880,2026-08-27 00:28:00,TERRA_M-M,RURÓPOLIS,PARÁ,Brasil,1506195,15,33,,,,Amazônia,5.6
ceabc6fe-3513-311e-a9eb-bc6325c354ba,  -3.217360, -49.235080,2026-08-27 00:28:00,TERRA_M-M,MOJU,PARÁ,Brasil,1504703,15,33,,,,Amazônia,22.4
c64faeef-8182-39b2-9dcc-b36e28d6746f,  -6.129360, -57.829250,2026-08-27 00:28:00,TERRA_M-M,JACAREACANGA,PARÁ,Brasil,1503754,15,33,,,,Amazônia,8.9
c812cc88-3eb6-35bb-84dd-1eac3f3c7c3b,  -6.703840, -58.935540,2026-08-27 00:28:00,TERRA_M-M,APUÍ,AMAZONAS,Brasil,1300144,13,33,,,,Amazônia,9.1
4c310210-9604-3071-b31e-7c72773a6146,  -6.642110, -53.191420,2026-08-27 00:28:00,TERRA_M-M,SÃO FÉLIX DO XINGU,PARÁ,Brasil,1507300,15,33,,,,Amazônia,173.4
7006f3f2-018f-382b-8a79-6e93ffd4e653,  -6.817530, -59.949310,2026-08-27 00:28:00,TERRA_M-M,NOVO ARIPUANÃ,AMAZONAS,Brasil,1303304,13,33,,,,Amazônia,13.5
0e77b495-dff2-3eee-9974-cc37eea4f189,  -6.525180, -55.249200,2026-08-27 00:28:00,TERRA_M-M,ITAITUBA,PARÁ,Brasil,1503606,15,33,,,,Amazônia,7.7
c055a0ac-5966-3f94-8396-d7543f2456a8,  -6.770110, -55.687250,2026-08-27 00:28:00,TERRA_M-M,NOVO PROGRESSO,PARÁ,Brasil,1505031,15,33,,,,Amazônia,20.1
fe1e77af-3b02-3a87-8f86-3a693477eb62,  -1.366890, -54.631130,2026-08-27 00:28:00,TERRA_M-M,MONTE ALEGRE,PARÁ,Brasil,1504802,15,33,,,,Amazônia,9.4
e671c71d-2529-3101-b633-ece6f098fc23,  -6.120100, -57.830570,2026-08-27 00:28:00,TERRA_M-M,JACAREACANGA,PARÁ,Brasil,1503754,15,33,,,,Amazônia,18.7
7230ae03-4ef3-3f84-8152-fb9d61f9b709,  -6.259580, -53.366820,2026-08-27 00:28:00,TERRA_M-M,ALTAMIRA,PARÁ,Brasil,1500602,15,33,,,,Amazônia,37.6
963c7094-7d77-3496-ba7e-292ea8becc50,  -6.498540, -51.439610,2026-08-27 00:28:00,TERRA_M-M,SÃO FÉLIX DO XINGU,PARÁ,Brasil,1507300,15,33,,,,Amazônia,9.6
7b16aeed-3502-3e3b-9007-8c27814cf14f,  -6.278470, -53.364080,2026-08-27 00:28:00,TERRA_M-M,ALTAMIRA,PARÁ,Brasil,1500602,15,33,,,,Amazônia,11.5
fd3538a2-d055-3d6a-a972-4c20c2df2838,  -6.324750, -54.743390,2026-08-27 00:28:00,TERRA_M-M,ALTAMIRA,PARÁ,Brasil,1500602,15,33,,,,Amazônia,11.8
23c09e53-6b0a-3545-9820-daf052003b43,  -3.741090, -59.322840,2026-08-27 00:28:00,TERRA_M-M,AUTAZES,AMAZONAS,Brasil,1300300,13,33,,,,Amazônia,49.0
c42fc615-aebb-38ab-9ee4-444719a97be2,  -6.263460, -55.421940,2026-08-27 00:28:00,TERRA_M-M,ITAITUBA,PARÁ,Brasil,1503606,15,33,,,,Amazônia,8.6
5ea64d09-1575-3cec-b610-4a8ec7fb34e3,  -6.484350, -51.448160,2026-08-27 00:28:00,TERRA_M-M,SÃO FÉLIX DO XINGU,PARÁ,Brasil,1507300,15,33,,,,Amazônia,10.0
bc54dada-139d-335a-acbd-a4da41f45b98,  -6.808860, -59.719620,2026-08-27 00:28:00,TERRA_M-M,APUÍ,AMAZONAS,Brasil,1300144,13,33,,,,Amazônia,28.5
19be67b7-3b0b-396c-a879-389f17cb2bc2,  -6.614720, -58.493510,2026-08-27 00:28:00,TERRA_M-M,MAUÉS,AMAZONAS,Brasil,1302900,13,33,,,,Amazônia,15.8
7360e087-dd2f-389a-a5b1-ee66847e55f4,  -6.013400, -57.791480,2026-08-27 00:28:00,TERRA_M-M,JACAREACANGA,PARÁ,Brasil,1503754,15,33,,,,Amazônia,6.1
5dab9c58-8441-3c58-969d-da9ca7274d06,  -6.189040, -55.420340,2026-08-27 00:28:00,TERRA_M-M,ITAITUBA,PARÁ,Brasil,1503606,15,33,,,,Amazônia,24.4
f60861f4-d88a-34ec-802b-f339c6b615df,  -6.735300, -59.650140,2026-08-27 00:28:00,TERRA_M-M,APUÍ,AMAZONAS,Brasil,1300144,13,33,,,,Amazônia,9.6
e4a22b57-bafd-3af9-bfc5-fce53ad08b67,  -6.121660, -57.700950,2026-08-27 00:28:00,TERRA_M-M,JACAREACANGA,PARÁ,Brasil,1503754,15,33,,,,Amazônia,5.6
5d1f9381-5d7b-3fc8-8b8d-48d5fe5fc3de,  -3.223980, -61.240850,2026-08-27 00:28:00,TERRA_M-M,MANACAPURU,AMAZONAS,Brasil,1302504,13,33,,,,Amazônia,13.1
055021a1-d4b1-343f-95b8-383d514033ad,  -6.828300, -59.947780,2026-08-27 00:28:00,TERRA_M-M,NOVO ARIPUANÃ,AMAZONAS,Brasil,1303304,13,33,,,,Amazônia,61.1
3e50a118-55db-3ec7-a226-3413d7e24728,  -6.312320, -53.535020,2026-08-27 00:28:00,TERRA_M-M,ALTAMIRA,PARÁ,Brasil,1500602,15,33,,,,Amazônia,8.8
16a798d7-73f8-3e31-ad60-09bff70f1afb,  -6.632620, -53.192880,2026-08-27 00:28:00,TERRA_M-M,SÃO FÉLIX DO XINGU,PARÁ,Brasil,1507300,15,33,,,,Amazônia,39.5
e2ed7ae7-fa5a-34c4-bfd4-7acbecfa396c,  -6.231610, -53.481150,2026-08-27 00:28:00,TERRA_M-M,ALTAMIRA,PARÁ,Brasil,1500602,15,33,,,,Amazônia,15.3
2ac3ea70-37bb-3678-8a55-2d645abcf2fa,  -6.409190, -60.055530,2026-08-27 00:28:00,TERRA_M-M,NOVO ARIPUANÃ,AMAZONAS,Brasil,1303304,13,33,,,,Amazônia,11.1
1bb2d252-8f6d-32e6-b78f-dda331079d1f,  -6.778900, -55.686000,2026-08-27 00:28:00,TERRA_M-M,NOVO PROGRESSO,PARÁ,Brasil,1505031,15,33,,,,Amazônia,6.7
e11cb0e5-026b-3a82-8ffb-a027ad9feb47,  -1.358960, -54.642330,2026-08-27 00:28:00,TERRA_M-M,ALENQUER,PARÁ,Brasil,1500404,15,33,,,,Amazônia,10.0
ecda4722-e7fc-37ed-8877-de5eb8d15a0c,  -6.815330, -59.726360,2026-08-27 00:28:00,TERRA_M-M,APUÍ,AMAZONAS,Brasil,1300144,13,33,,,,Amazônia,26.2
dc8e8026-d582-35a8-80f7-edb8b86f045b,  -6.275550, -53.343580,2026-08-27 00:28:00,TERRA_M-M,ALTAMIRA,PARÁ,Brasil,1500602,15,33,,,,Amazônia,5.2
b8f97f11-0cd2-384b-a19e-dc344c9df8da,  -6.219140, -53.595860,2026-08-27 00:28:00,TERRA_M-M,ALTAMIRA,PARÁ,Brasil,1500602,15,33,,,,Amazônia,7.4
fdd03b27-20f6-3b97-98c6-43048bb915f8,  -6.269030, -53.365440,2026-08-27 00:28:00,TERRA_M-M,ALTAMIRA,PARÁ,Brasil,1500602,15,33,,,,Amazônia,27.3
7809a2db-e9d5-3598-a7dc-46a26f0d64b8,  -6.635540, -58.501650,2026-08-27 00:28:00,TERRA_M-M,MAUÉS,AMAZONAS,Brasil,1302900,13,33,,,,Amazônia,9.4
a27b05ee-0186-33d3-8f13-5a5803f9100a,  -6.645240, -58.500350,2026-08-27 00:28:00,TERRA_M-M,MAUÉS,AMAZONAS,Brasil,1302900,13,33,,,,Amazônia,12.1
54197c78-bc6f-330c-950f-338ca6f20c76,  -6.627310, -58.513880,2026-08-27 00:28:00,TERRA_M-M,MAUÉS,AMAZONAS,Brasil,1302900,13,33,,,,Amazônia,6.7
3e63d0c1-aecb-388f-91cb-bd18992aa387,  -6.137800, -53.805170,2026-08-27 00:28:00,TERRA_M-M,ALTAMIRA,PARÁ,Brasil,1500602,15,33,,,,Amazônia,15.7
9b3cccb3-8f6c-32db-b57b-36c2bc1856c3,  -6.941790, -58.956760,2026-08-27 00:28:00,TERRA_M-M,APUÍ,AMAZONAS,Brasil,1300144,13,33,,,,Amazônia,28.5
dfe7ca30-baa1-3e5f-b860-55bc2a820153,  -2.734090, -47.067650,2026-08-27 00:28:00,TERRA_M-M,PARAGOMINAS,PARÁ,Brasil,1505502,15,33,,,,Amazônia,42.2
04f330b4-3b23-3f58-b07c-d9b044b62c71,  -6.619690, -58.383650,2026-08-27 00:28:00,TERRA_M-M,JACAREACANGA,PARÁ,Brasil,1503754,15,33,,,,Amazônia,10.3
1ca4ce96-9ed1-3da0-b072-40af29176748,  -6.495080, -51.446490,2026-08-27 00:28:00,TERRA_M-M,SÃO FÉLIX DO XINGU,PARÁ,Brasil,1507300,15,33,,,,Amazônia,22.6
0f9ac5be-8512-38d4-a4e3-fa49c3e24439,  -1.368260, -54.641010,2026-08-27 00:28:00,TERRA_M-M,ALENQUER,PARÁ,Brasil,1500404,15,33,,,,Amazônia,9.0
f18c612a-af72-39c9-b5c7-140476ab0180,  -4.173240, -49.390720,2026-08-27 00:28:00,TERRA_M-M,GOIANÉSIA DO PARÁ,PARÁ,Brasil,1503093,15,33,,,,Amazônia,19.7
f2ed1327-ba38-3cc9-a4ca-dd4975163f56,  -6.853830, -59.447270,2026-08-27 00:28:00,TERRA_M-M,APUÍ,AMAZONAS,Brasil,1300144,13,33,,,,Amazônia,8.0
c8646dc3-50f2-3855-a8f5-d32154b53146,  -5.771330, -57.558110,2026-08-27 00:28:00,TERRA_M-M,JACAREACANGA,PARÁ,Brasil,1503754,15,33,,,,Amazônia,8.5
6cb23c32-4469-319a-9dbb-69694ef1db41,  -6.232740, -55.477040,2026-08-27 00:28:00,TERRA_M-M,ITAITUBA,PARÁ,Brasil,1503606,15,33,,,,Amazônia,21.8
02f3220f-26a0-35f3-8c8a-78c4206f1f66,  -6.795500, -59.404420,2026-08-27 00:28:00,TERRA_M-M,APUÍ,AMAZONAS,Brasil,1300144,13,33,,,,Amazônia,12.2
f4286ece-09a7-38ac-b6d8-b4ecea273060,  -6.658700, -58.503810,2026-08-27 00:28:00,TERRA_M-M,MAUÉS,AMAZONAS,Brasil,1302900,13,33,,,,Amazônia,11.9
834926e6-46ea-395a-936c-d0190e9bfcc3,  -6.305810, -53.556440,2026-08-27 00:28:00,TERRA_M-M,ALTAMIRA,PARÁ,Brasil,1500602,15,33,,,,Amazônia,12.8
2e3a10fd-fc14-390f-8f8a-f92ae7fa5e7b,  -6.279920, -53.374290,2026-08-27 00:28:00,TERRA_M-M,ALTAMIRA,PARÁ,Brasil,1500602,15,33,,,,Amazônia,33.4
6b21610e-600b-3d73-abe5-fb697995e6a3,  -6.819450, -59.718150,2026-08-27 00:28:00,TERRA_M-M,APUÍ,AMAZONAS,Brasil,1300144,13,33,,,,Amazônia,23.3
995e2dad-960c-3271-8dd3-99287cb4ee77,  -6.231520, -55.468240,2026-08-27 00:28:00,TERRA_M-M,ITAITUBA,PARÁ,Brasil,1503606,15,33,,,,Amazônia,12.6
0221f4a4-7959-3506-bdaf-d9971325f548,  -6.805850, -58.622250,2026-08-27 00:28:00,TERRA_M-M,MAUÉS,AMAZONAS,Brasil,1302900,13,33,,,,Amazônia,6.6
c9ac5a78-a0e8-354f-8e81-7310f84803d0,  -6.242410, -53.489920,2026-08-27 00:28:00,TERRA_M-M,ALTAMIRA,PARÁ,Brasil,1500602,15,33,,,,Amazônia,13.0
d3a00412-0312-3dea-b946-bbb7c4490f22,  -6.654930, -58.499050,2026-08-27 00:28:00,TERRA_M-M,MAUÉS,AMAZONAS,Brasil,1302900,13,33,,,,Amazônia,12.9
0a39e575-6d1e-3cc7-8684-2c06f622001f,  -6.738590, -59.043710,2026-08-27 00:28:00,TERRA_M-M,APUÍ,AMAZONAS,Brasil,1300144,13,33,,,,Amazônia,7.8
6c3b0bc9-1889-30cd-9149-191b96165fb7,  -6.131990, -57.848990,2026-08-27 00:28:00,TERRA_M-M,JACAREACANGA,PARÁ,Brasil,1503754,15,33,,,,Amazônia,7.1
6e96e06e-70e4-325b-a9c3-b9a57b1e37d2,  -6.128060, -57.819440,2026-08-27 00:28:00,TERRA_M-M,JACAREACANGA,PARÁ,Brasil,1503754,15,33,,,,Amazônia,7.7
4522ebfc-1011-3c68-809b-84ea29f397c4,  -6.323500, -54.734360,2026-08-27 00:28:00,TERRA_M-M,ALTAMIRA,PARÁ,Brasil,1500602,15,33,,,,Amazônia,19.7
320da2ec-f659-340d-81f8-5f0e891828bd,  -2.805550, -48.652550,2026-08-27 00:28:00,TERRA_M-M,TAILÂNDIA,PARÁ,Brasil,1507953,15,33,,,,Amazônia,29.7
31336302-a8fa-33e6-a2bf-a9c683964133,  -6.513920, -55.232780,2026-08-27 00:28:00,TERRA_M-M,ITAITUBA,PARÁ,Brasil,1503606,15,33,,,,Amazônia,16.2
84ef7901-f201-30da-8356-b1648ae9db88,  -6.149310, -57.697190,2026-08-27 00:28:00,TERRA_M-M,JACAREACANGA,PARÁ,Brasil,1503754,15,33,,,,Amazônia,5.5
f1a00761-6c76-36a1-a9b9-047ccad88e9f,  -6.640640, -53.181050,2026-08-27 00:28:00,TERRA_M-M,SÃO FÉLIX DO XINGU,PARÁ,Brasil,1507300,15,33,,,,Amazônia,14.2
54bc8cb7-b378-3268-a48c-672cdcdef770,  -6.162480, -57.794690,2026-08-27 00:28:00,TERRA_M-M,JACAREACANGA,PARÁ,Brasil,1503754,15,33,,,,Amazônia,9.9
e3bb7031-e7d2-3eb4-bf80-fd45a0485061,  -6.482400, -51.434650,2026-08-27 00:28:00,TERRA_M-M,SÃO FÉLIX DO XINGU,PARÁ,Brasil,1507300,15,33,,,,Amazônia,15.4
687de740-fd09-33ed-a9c9-90d18aa36a2f,  -2.801690, -48.626620,2026-08-27 00:28:00,TERRA_M-M,TAILÂNDIA,PARÁ,Brasil,1507953,15,33,,,,Amazônia,100.7
aeedd1b5-9953-3e88-9498-fd5c24160b1a,  -4.176780, -49.396820,2026-08-27 00:28:00,TERRA_M-M,GOIANÉSIA DO PARÁ,PARÁ,Brasil,1503093,15,33,,,,Amazônia,65.5
dff93026-c4dc-3fc5-849a-d09929c3c9c6,  -6.621640, -53.183900,2026-08-27 00:28:00,TERRA_M-M,SÃO FÉLIX DO XINGU,PARÁ,Brasil,1507300,15,33,,,,Amazônia,5.9
7e6c72dc-8766-30b1-b26e-aa4209635440,  -5.852740, -57.756180,2026-08-27 00:28:00,TERRA_M-M,JACAREACANGA,PARÁ,Brasil,1503754,15,33,,,,Amazônia,7.1
be90ec37-7c36-36b3-ac6f-e9bdbb1bfbec,  -6.254660, -55.423170,2026-08-27 00:28:00,TERRA_M-M,ITAITUBA,PARÁ,Brasil,1503606,15,33,,,,Amazônia,12.2
73e48cc5-0284-325f-91ef-c6f03891e816,  -6.302970, -53.536380,2026-08-27 00:28:00,TERRA_M-M,ALTAMIRA,PARÁ,Brasil,1500602,15,33,,,,Amazônia,14.9
ac8c985e-6569-3cfe-8c46-912b03f181fa,  -6.762530, -55.697280,2026-08-27 00:28:00,TERRA_M-M,NOVO PROGRESSO,PARÁ,Brasil,1505031,15,33,,,,Amazônia,11.0
9214c672-b708-328c-bbcd-0f6e6b242506,  -6.277020, -53.353860,2026-08-27 00:28:00,TERRA_M-M,ALTAMIRA,PARÁ,Brasil,1500602,15,33,,,,Amazônia,17.8
362595d9-86c7-303b-ad64-bcdcb5eec18a,  -6.217720, -53.585870,2026-08-27 00:28:00,TERRA_M-M,ALTAMIRA,PARÁ,Brasil,1500602,15,33,,,,Amazônia,9.2
4a3b0655-cd55-3ea9-93e3-71724efe3ebf,  -6.523950, -55.240360,2026-08-27 00:28:00,TERRA_M-M,ITAITUBA,PARÁ,Brasil,1503606,15,33,,,,Amazônia,10.2
a154caed-2507-34b2-8f29-51860d111f0c,  -6.625860, -58.503020,2026-08-27 00:28:00,TERRA_M-M,MAUÉS,AMAZONAS,Brasil,1302900,13,33,,,,Amazônia,30.1
88c5c840-b224-3aba-9718-8aac6f232557,  -6.163810, -57.804500,2026-08-27 00:28:00,TERRA_M-M,JACAREACANGA,PARÁ,Brasil,1503754,15,33,,,,Amazônia,26.6
1ff6da88-d204-39bd-8b7b-29878b94f5f2,  -6.829890, -58.653020,2026-08-27 00:28:00,TERRA_M-M,MAUÉS,AMAZONAS,Brasil,1302900,13,33,,,,Amazônia,12.0
1c621f27-4c29-395f-8231-5a854e3411d0,  -7.160140, -56.039350,2026-08-27 00:28:00,TERRA_M-M,NOVO PROGRESSO,PARÁ,Brasil,1505031,15,33,,,,Amazônia,6.2
297742a1-3a94-3ce8-9e1e-b2274eb16e93,  -6.500160, -53.250660,2026-08-27 00:28:00,TERRA_M-M,SÃO FÉLIX DO XINGU,PARÁ,Brasil,1507300,15,33,,,,Amazônia,5.4
8780e9bf-3651-3062-bce3-c9d3cdbfe226,  -6.501650, -53.260890,2026-08-27 00:28:00,TERRA_M-M,SÃO FÉLIX DO XINGU,PARÁ,Brasil,1507300,15,33,,,,Amazônia,25.1
7e32b566-f37f-3391-b082-76ed8de6f28f,  -3.508710, -58.959480,2026-08-27 00:28:00,TERRA_M-M,AUTAZES,AMAZONAS,Brasil,1300300,13,33,,,,Amazônia,42.1
4a6c4020-b2b7-3608-ac45-b9a326ede4a9,  -6.300750, -53.587820,2026-08-27 00:28:00,TERRA_M-M,ALTAMIRA,PARÁ,Brasil,1500602,15,33,,,,Amazônia,7.0
345a13db-15e2-3f46-bebf-00bd8a4cdf0f,  -6.225780, -55.621470,2026-08-27 00:28:00,TERRA_M-M,ITAITUBA,PARÁ,Brasil,1503606,15,33,,,,Amazônia,14.1
9baf72d2-db2e-332c-92ac-e7142bc29c09,  -5.776510, -57.596190,2026-08-27 00:28:00,TERRA_M-M,JACAREACANGA,PARÁ,Brasil,1503754,15,33,,,,Amazônia,10.1
a938e225-9d8a-380c-949e-2c020976ca62,  -6.997460, -59.302230,2026-08-27 00:28:00,TERRA_M-M,APUÍ,AMAZONAS,Brasil,1300144,13,33,,,,Amazônia,10.6
b350fb76-afc5-3b59-9cfd-e1743356ae70,  -6.738310, -58.581880,2026-08-27 00:28:00,TERRA_M-M,MAUÉS,AMAZONAS,Brasil,1302900,13,33,,,,Amazônia,10.5
f2d5d1bf-3386-3130-99e7-8e57b1dff06d,  -6.222210, -53.482460,2026-08-27 00:28:00,TERRA_M-M,ALTAMIRA,PARÁ,Brasil,1500602,15,33,,,,Amazônia,15.2
fa068453-ace4-3cf2-a3c4-5e79c0b39fbd,  -6.771320, -55.696040,2026-08-27 00:28:00,TERRA_M-M,NOVO PROGRESSO,PARÁ,Brasil,1505031,15,33,,,,Amazônia,12.6
0e738364-3015-3b1d-8916-372756ef5d5c,  -6.261050, -53.377080,2026-08-27 00:28:00,TERRA_M-M,ALTAMIRA,PARÁ,Brasil,1500602,15,33,,,,Amazônia,10.5
6ce23335-d054-3b05-829a-d1467a1a88d4,  -1.736610, -55.298800,2026-08-27 00:28:00,TERRA_M-M,ÓBIDOS,PARÁ,Brasil,1505106,15,33,,,,Amazônia,4.6
757a3e77-aaa9-3ed5-b056-05ea5b0c7fdb,  -4.927720, -55.764540,2026-08-27 00:28:00,TERRA_M-M,TRAIRÃO,PARÁ,Brasil,1508050,15,33,,,,Amazônia,4.7
7dab8d00-e221-3409-9b19-8173a2612d8e,  -6.656390, -58.509790,2026-08-27 00:28:00,TERRA_M-M,MAUÉS,AMAZONAS,Brasil,1302900,13,33,,,,Amazônia,14.2
473c0c32-8b22-3a32-be96-8e6b076d2f6d,  -4.497830, -55.454020,2026-08-27 00:28:00,TERRA_M-M,RURÓPOLIS,PARÁ,Brasil,1506195,15,33,,,,Amazônia,6.7
484f1226-cbae-34b2-b071-4c00b8bafd9b,  -6.271950, -53.385930,2026-08-27 00:28:00,TERRA_M-M,ALTAMIRA,PARÁ,Brasil,1500602,15,33,,,,Amazônia,10.6
c9d37744-7eb6-3ed7-9d5e-04a9ed800c1d,  -6.974160, -55.700000,2026-08-27 00:28:00,TERRA_M-M,NOVO PROGRESSO,PARÁ,Brasil,1505031,15,33,,,,Amazônia,9.2
91a9c45e-cc1c-3c4e-86a3-cd0191584345,  -4.757800, -56.083990,2026-08-27 00:28:00,TERRA_M-M,ITAITUBA,PARÁ,Brasil,1503606,15,33,,,,Amazônia,27.2
1809b4b1-c572-3f9b-b8cf-96728e425b61,  -6.270490, -53.375700,2026-08-27 00:28:00,TERRA_M-M,ALTAMIRA,PARÁ,Brasil,1500602,15,33,,,,Amazônia,13.2
ff1c988a-8edf-32dc-b7c1-5a664a7e5926,  -4.189670, -49.409960,2026-08-27 00:28:00,TERRA_M-M,GOIANÉSIA DO PARÁ,PARÁ,Brasil,1503093,15,33,,,,Amazônia,20.8
9e59ca6e-f094-387d-9a30-a80b05c7d78c,  -5.844820, -57.767120,2026-08-27 00:28:00,TERRA_M-M,JACAREACANGA,PARÁ,Brasil,1503754,15,33,,,,Amazônia,9.4
f37f006e-0e96-3bb3-ae84-7954e35aed89,  -6.803830, -59.601900,2026-08-27 00:28:00,TERRA_M-M,APUÍ,AMAZONAS,Brasil,1300144,13,33,,,,Amazônia,13.4
6c2d779f-3e31-36cf-87d8-654d1a537dc3,  -6.430160, -55.571380,2026-08-27 00:28:00,TERRA_M-M,NOVO PROGRESSO,PARÁ,Brasil,1505031,15,33,,,,Amazônia,6.5
8d0475be-2610-3fc9-969b-4f44f21c0fb7,  -6.118790, -57.820740,2026-08-27 00:28:00,TERRA_M-M,JACAREACANGA,PARÁ,Brasil,1503754,15,33,,,,Amazônia,6.7
7a2870df-54d4-37fd-9956-ffc89ec162b5,  -6.898570, -56.628740,2026-08-27 00:28:00,TERRA_M-M,ITAITUBA,PARÁ,Brasil,1503606,15,33,,,,Amazônia,5.7
ed9d9519-9857-3acd-be29-955268525e4a,  -6.813680, -59.713310,2026-08-27 00:28:00,TERRA_M-M,APUÍ,AMAZONAS,Brasil,1300144,13,33,,,,Amazônia,20.7
031c8349-90c4-32f6-803d-9d3f23e4b425,  -6.190460, -57.931700,2026-08-27 00:28:00,TERRA_M-M,JACAREACANGA,PARÁ,Brasil,1503754,15,33,,,,Amazônia,5.9
6da7021c-b286-3f4e-a73e-86a83ed1dc58,  -6.308660, -53.576500,2026-08-27 00:28:00,TERRA_M-M,ALTAMIRA,PARÁ,Brasil,1500602,15,33,,,,Amazônia,23.3
dfa2f15c-55a0-3e52-8245-93cabf0fab45,  -6.812300, -59.452820,2026-08-27 00:28:00,TERRA_M-M,APUÍ,AMAZONAS,Brasil,1300144,13,33,,,,Amazônia,8.7
7a7043b9-bc5c-3512-8657-6b30f105d119,  -1.357580, -54.632490,2026-08-27 00:28:00,TERRA_M-M,MONTE ALEGRE,PARÁ,Brasil,1504802,15,33,,,,Amazônia,33.8
92d221f8-089b-38aa-bc49-20913420baac,  -6.242750, -55.484600,2026-08-27 00:28:00,TERRA_M-M,ITAITUBA,PARÁ,Brasil,1503606,15,33,,,,Amazônia,9.8
28dcd202-ea0b-3e7b-be1f-912ef68b8600,  -6.230190, -53.471070,2026-08-27 00:28:00,TERRA_M-M,ALTAMIRA,PARÁ,Brasil,1500602,15,33,,,,Amazônia,12.1
47d2e7f9-4ea3-30d0-b941-5f2e919b5bbd,  -7.472580, -61.367730,2026-08-27 00:28:00,TERRA_M-M,MANICORÉ,AMAZONAS,Brasil,1302702,13,33,,,,Amazônia,20.1
0b9e9d08-a9ab-374e-9535-e72b11eb5b0b,  -5.843520, -57.757380,2026-08-27 00:28:00,TERRA_M-M,JACAREACANGA,PARÁ,Brasil,1503754,15,33,,,,Amazônia,20.4
79808f88-bdfc-361b-9770-0691987ce774,  -2.819930, -48.650420,2026-08-27 00:28:00,TERRA_M-M,TAILÂNDIA,PARÁ,Brasil,1507953,15,33,,,,Amazônia,24.6
fe593245-25ca-3030-bc88-a2c8f7608aee,  -6.005670, -57.788290,2026-08-27 00:28:00,TERRA_M-M,JACAREACANGA,PARÁ,Brasil,1503754,15,33,,,,Amazônia,4.8
6e46ea22-d7f6-366f-8b91-92b681c7fb0c,  -6.213320, -52.976830,2026-08-27 00:28:00,TERRA_M-M,SÃO FÉLIX DO XINGU,PARÁ,Brasil,1507300,15,33,,,,Amazônia,10.0
8d9e9b41-49bf-3ce1-a5b5-181bb52d1e68,  -6.426460, -54.943100,2026-08-27 00:28:00,TERRA_M-M,ALTAMIRA,PARÁ,Brasil,1500602,15,33,,,,Amazônia,28.6
2460005d-a5c8-3cea-8b72-33e6659d1039,  -6.493140, -51.433010,2026-08-27 00:28:00,TERRA_M-M,SÃO FÉLIX DO XINGU,PARÁ,Brasil,1507300,15,33,,,,Amazônia,19.9
e556e87f-7c6d-327b-900f-36900812c8fb,  -6.262240, -55.413110,2026-08-27 00:28:00,TERRA_M-M,ITAITUBA,PARÁ,Brasil,1503606,15,33,,,,Amazônia,9.5
72314253-0156-3160-b036-cb99241d4ab6,  -6.120370, -57.691260,2026-08-27 00:28:00,TERRA_M-M,JACAREACANGA,PARÁ,Brasil,1503754,15,33,,,,Amazônia,5.3
0f9a7e7e-f6f5-3e1a-b708-5e2c02fa3dc0,  -6.839080, -59.946320,2026-08-27 00:28:00,TERRA_M-M,NOVO ARIPUANÃ,AMAZONAS,Brasil,1303304,13,33,,,,Amazônia,14.8
fc021c92-377a-33f3-913a-1a1dd1a6c37a,  -6.807120, -59.706570,2026-08-27 00:28:00,TERRA_M-M,APUÍ,AMAZONAS,Brasil,1300144,13,33,,,,Amazônia,14.9
468fcb3b-1259-37d5-854b-757b13c84ef7,  -6.522730, -55.231520,2026-08-27 00:28:00,TERRA_M-M,ITAITUBA,PARÁ,Brasil,1503606,15,33,,,,Amazônia,11.8
d7542708-b154-3ce4-a3ff-10a84f856664,  -3.280200, -57.874400,2026-08-27 00:28:00,TERRA_M-M,BOA VISTA DO RAMOS,AMAZONAS,Brasil,1300680,13,33,,,,Amazônia,5.7
305b4984-076c-3a3f-9498-3fcc2b643649,  -6.241530, -55.475790,2026-08-27 00:28:00,TERRA_M-M,ITAITUBA,PARÁ,Brasil,1503606,15,33,,,,Amazônia,16.9
db5bf7d7-863d-31f4-a3c2-cbc23a551293,  -2.816110, -48.624570,2026-08-27 00:28:00,TERRA_M-M,TAILÂNDIA,PARÁ,Brasil,1507953,15,33,,,,Amazônia,69.9
4e8031b5-3d93-311e-bbed-0563d81cbec1,  -6.307240, -53.566490,2026-08-27 00:28:00,TERRA_M-M,ALTAMIRA,PARÁ,Brasil,1500602,15,33,,,,Amazônia,6.9
b1e0b303-184d-3bf6-b0e1-4ca0630e281f,  -6.737070, -59.031960,2026-08-27 00:28:00,TERRA_M-M,APUÍ,AMAZONAS,Brasil,1300144,13,33,,,,Amazônia,6.8
32f18f56-c39f-32c2-ad6d-f71009824e5b,  -6.173080, -57.803260,2026-08-27 00:28:00,TERRA_M-M,JACAREACANGA,PARÁ,Brasil,1503754,15,33,,,,Amazônia,5.7
26f58a2c-ed25-3c7b-ab77-f037dd2c19ef,  -6.425210, -54.934160,2026-08-27 00:28:00,TERRA_M-M,ALTAMIRA,PARÁ,Brasil,1500602,15,33,,,,Amazônia,33.1
239b254a-d7e3-386f-be75-10ab810dc847,  -6.150620, -57.706840,2026-08-27 00:28:00,TERRA_M-M,JACAREACANGA,PARÁ,Brasil,1503754,15,33,,,,Amazônia,7.9
b8f83dcb-0028-38d3-8542-f6c3df9696c3,  -6.798290, -59.721140,2026-08-27 00:28:00,TERRA_M-M,APUÍ,AMAZONAS,Brasil,1300144,13,33,,,,Amazônia,20.4
de6d67e0-0813-3733-8303-07458347eccc,  -4.176490, -49.411980,2026-08-27 00:28:00,TERRA_M-M,GOIANÉSIA DO PARÁ,PARÁ,Brasil,1503093,15,33,,,,Amazônia,58.8
cf0ff37d-2ca2-3cb0-b12e-c9bec158103f,  -6.272620, -53.322960,2026-08-27 00:28:00,TERRA_M-M,ALTAMIRA,PARÁ,Brasil,1500602,15,33,,,,Amazônia,8.3
b6e854bd-b330-35b0-8532-e0e1ef4398d0,  -6.407470, -60.042000,2026-08-27 00:28:00,TERRA_M-M,NOVO ARIPUANÃ,AMAZONAS,Brasil,1303304,13,33,,,,Amazônia,11.1
cd55f277-be63-3470-8a63-dd362f84140a,  -6.940260, -58.945050,2026-08-27 00:28:00,TERRA_M-M,APUÍ,AMAZONAS,Brasil,1300144,13,33,,,,Amazônia,31.1
d7f02c12-01ba-3a1e-9963-499e28801ed2,  -3.225040, -51.984130,2026-08-27 00:28:00,TERRA_M-M,VITÓRIA DO XINGU,PARÁ,Brasil,1508357,15,33,,,,Amazônia,17.8
c066fea4-d2af-35e4-8ecb-549332a3fb27,  -6.313740, -53.545060,2026-08-27 00:28:00,TERRA_M-M,ALTAMIRA,PARÁ,Brasil,1500602,15,33,,,,Amazônia,22.0
99078900-41c5-3734-a5ac-799aa7d6aff7,  -6.184660, -53.488000,2026-08-27 00:28:00,TERRA_M-M,ALTAMIRA,PARÁ,Brasil,1500602,15,33,,,,Amazônia,6.1
6990694f-8304-3495-a4bf-7022ec5187f3,  -6.965100, -56.641280,2026-08-27 00:28:00,TERRA_M-M,ITAITUBA,PARÁ,Brasil,1503606,15,33,,,,Amazônia,5.3
921bc9f1-f5a1-346b-b829-3b1147df5774,  -6.263530, -53.122090,2026-08-27 00:28:00,TERRA_M-M,SÃO FÉLIX DO XINGU,PARÁ,Brasil,1507300,15,33,,,,Amazônia,14.8
99e6030f-8880-3170-9404-4b81aa8e91cf,  -3.108030, -61.231970,2026-08-27 00:28:00,TERRA_M-M,MANACAPURU,AMAZONAS,Brasil,1302504,13,33,,,,Amazônia,19.1
1e37cb24-333e-3c56-8704-f8634d010ea3,  -3.731260, -59.324170,2026-08-27 00:28:00,TERRA_M-M,AUTAZES,AMAZONAS,Brasil,1300300,13,33,,,,Amazônia,14.3
256fb8b0-e4c0-346f-9586-43131155679b,  -6.110830, -57.831900,2026-08-27 00:28:00,TERRA_M-M,JACAREACANGA,PARÁ,Brasil,1503754,15,33,,,,Amazônia,8.0
d1ad4341-09cf-311f-bdac-d1f9ed8ae831,  -6.281380, -53.384540,2026-08-27 00:28:00,TERRA_M-M,ALTAMIRA,PARÁ,Brasil,1500602,15,33,,,,Amazônia,6.8
9eae49e5-7c63-3607-90a7-e6fc25a47952,  -4.269840, -55.142890,2026-08-27 00:28:00,TERRA_M-M,RURÓPOLIS,PARÁ,Brasil,1506195,15,33,,,,Amazônia,17.6
085d1130-7f65-309e-bedc-23c67e176c22,  -6.220780, -53.472350,2026-08-27 00:28:00,TERRA_M-M,ALTAMIRA,PARÁ,Brasil,1500602,15,33,,,,Amazônia,24.3
a7c8f9e2-b2e2-3922-b031-319698413940,  -5.201330, -60.231570,2026-08-27 00:28:00,TERRA_M-M,NOVO ARIPUANÃ,AMAZONAS,Brasil,1303304,13,33,,,,Amazônia,10.8
cff374dc-5111-3633-89a2-eb3b65688c27,  -6.516370, -55.250460,2026-08-27 00:28:00,TERRA_M-M,ITAITUBA,PARÁ,Brasil,1503606,15,33,,,,Amazônia,10.2
20aa743d-e684-3278-848e-559bb0436a84, -10.778900, -53.995800,2026-08-27 00:30:00,GOES-19,MARCELÂNDIA,MATO GROSSO,Brasil,5105580,51,33,,,,Amazônia,84.5
7cba34ac-5e2c-3c1f-a5b4-cd2e3b748b4c, -11.735700, -54.522700,2026-08-27 00:30:00,GOES-19,UNIÃO DO SUL,MATO GROSSO,Brasil,5108303,51,33,,,,Amazônia,74.9
7e23f9f5-6594-37e1-8c82-bd18cea4b98d, -10.760000, -53.997400,2026-08-27 00:30:00,GOES-19,MARCELÂNDIA,MATO GROSSO,Brasil,5105580,51,33,,,,Amazônia,68.3
e0abdc8a-fc44-3948-aa33-4cbd6f72f36b,  -2.816900, -48.622400,2026-08-27 00:30:00,GOES-19,TAILÂNDIA,PARÁ,Brasil,1507953,15,33,,,,Amazônia,54.4
f6df3906-1005-3071-a14a-f1bdadd333e7,  -5.864000, -43.584400,2026-08-27 00:30:00,GOES-19,LAGOA DO MATO,MARANHÃO,Brasil,2105922,21,33,,,,Cerrado,53.0
04a4f565-3b10-30e3-9ced-ed4c0b4a579b,  -8.794700, -50.060000,2026-08-27 00:30:00,GOES-19,SANTA MARIA DAS BARREIRAS,PARÁ,Brasil,1506583,15,33,,,,Amazônia,59.0
92c5f764-7bdf-30fc-b36b-ee2d5c1d53a1,  -5.999500, -57.844400,2026-08-27 00:30:00,GOES-19,JACAREACANGA,PARÁ,Brasil,1503754,15,33,,,,Amazônia,102.3
a3ba389f-65aa-3511-8626-b7f36f7148c6,  -8.927300, -48.367900,2026-08-27 00:30:00,GOES-19,TUPIRAMA,TOCANTINS,Brasil,1721257,17,33,,,,Cerrado,54.5
640b8bb3-0574-36ec-b47a-73237b1c60bc, -10.759800, -54.017900,2026-08-27 00:30:00,GOES-19,MARCELÂNDIA,MATO GROSSO,Brasil,5105580,51,33,,,,Amazônia,83.3
e0becf3c-c454-315a-a492-0f7d8840e8fc,  -8.813500, -50.058300,2026-08-27 00:30:00,GOES-19,SANTA MARIA DAS BARREIRAS,PARÁ,Brasil,1506583,15,33,,,,Amazônia,72.8
cd675c3d-93c9-3c74-984f-915b7c241f33, -10.759600, -54.038400,2026-08-27 00:30:00,GOES-19,MARCELÂNDIA,MATO GROSSO,Brasil,5105580,51,33,,,,Amazônia,111.8
3b94810f-689b-3047-bd57-6996c5cb1861,  -7.338100, -44.428300,2026-08-27 00:30:00,GOES-19,URUÇUÍ,PIAUÍ,Brasil,2211209,22,33,,,,Cerrado,69.8
85152b81-67aa-3b8e-a320-8b23af5cb0a5,  -7.337800, -44.451400,2026-08-27 00:30:00,GOES-19,URUÇUÍ,PIAUÍ,Brasil,2211209,22,33,,,,Cerrado,61.0
bd9b1d59-dd61-35da-a943-43cd4f49f25e,  -6.267700, -53.356500,2026-08-27 00:30:00,GOES-19,ALTAMIRA,PARÁ,Brasil,1500602,15,33,,,,Amazônia,50.0
6e237055-9b3a-3047-adae-7452c5096fc9,  -6.639700, -53.173000,2026-08-27 00:30:00,GOES-19,SÃO FÉLIX DO XINGU,PARÁ,Brasil,1507300,15,33,,,,Amazônia,40.8
95f33e1e-4acf-3c24-9092-f55553a22c6a,  -9.228200, -51.542800,2026-08-27 00:30:00,GOES-19,SÃO FÉLIX DO XINGU,PARÁ,Brasil,1507300,15,33,,,,Amazônia,179.0
e95edcea-044e-32ba-a043-2f21377d054c,  -7.347900, -55.154400,2026-08-27 00:30:00,GOES-19,ALTAMIRA,PARÁ,Brasil,1500602,15,33,,,,Amazônia,19.1
c94992b5-cbb5-32f8-b2e9-c847318b5c66, -10.372700, -45.053700,2026-08-27 00:30:00,GOES-19,CORRENTE,PIAUÍ,Brasil,2202901,22,33,,,,Cerrado,102.4
11e03601-1beb-36ba-a8a2-44d43f7bc962, -13.379200, -51.506100,2026-08-27 00:30:00,GOES-19,RIBEIRÃO CASCALHEIRA,MATO GROSSO,Brasil,5107180,51,33,,,,Cerrado,76.8
c17e508d-e880-3d53-9a9e-42b4d0c8487e, -10.353600, -45.056100,2026-08-27 00:30:00,GOES-19,CORRENTE,PIAUÍ,Brasil,2202901,22,33,,,,Cerrado,70.2
67f53551-516c-3a17-bf24-578d72261987,  -9.209400, -51.544400,2026-08-27 00:30:00,GOES-19,SÃO FÉLIX DO XINGU,PARÁ,Brasil,1507300,15,33,,,,Amazônia,70.4
62bef7d5-4af6-348a-8a51-3ae7a86f8345, -10.778700, -54.016300,2026-08-27 00:30:00,GOES-19,MARCELÂNDIA,MATO GROSSO,Brasil,5105580,51,33,,,,Amazônia,91.8
2c7acf3b-6372-3b95-ba5e-2a68d7784642,  -7.366300, -55.173400,2026-08-27 00:30:00,GOES-19,ALTAMIRA,PARÁ,Brasil,1500602,15,33,,,,Amazônia,66.7
7f4ce79f-fb95-3b32-85b8-539d3b71969b,  -6.639600, -53.193400,2026-08-27 00:30:00,GOES-19,SÃO FÉLIX DO XINGU,PARÁ,Brasil,1507300,15,33,,,,Amazônia,95.8
da6c3950-0993-31cd-bf0a-a43c76ab1f2d,  -7.366500, -55.153400,2026-08-27 00:30:00,GOES-19,ALTAMIRA,PARÁ,Brasil,1500602,15,33,,,,Amazônia,105.3
aa75bfa1-fca3-376b-86b9-1b9da33d5e0e, -11.276100, -46.887400,2026-08-27 00:30:00,GOES-19,ALMAS,TOCANTINS,Brasil,1700400,17,33,,,,Cerrado,91.8
e7a1ab6b-eed5-35a7-b602-9f0027df7a77,  -8.795200, -50.017300,2026-08-27 00:30:00,GOES-19,SANTA MARIA DAS BARREIRAS,PARÁ,Brasil,1506583,15,33,,,,Amazônia,63.1
4b4a7f94-07fe-35cf-b993-1170d18ea40b, -10.353300, -45.079100,2026-08-27 00:30:00,GOES-19,CORRENTE,PIAUÍ,Brasil,2202901,22,33,,,,Cerrado,67.1
6e0d9bdc-4b96-340e-aec2-b4208a088919,  -4.182400, -49.405300,2026-08-27 00:30:00,GOES-19,GOIANÉSIA DO PARÁ,PARÁ,Brasil,1503093,15,33,,,,Amazônia,54.3
a6f81969-ad57-363b-9655-4ef7d2dc7115,  -5.999600, -57.824900,2026-08-27 00:30:00,GOES-19,JACAREACANGA,PARÁ,Brasil,1503754,15,33,,,,Amazônia,137.8
6a77ada4-71d5-3986-b1c7-366ae5bfa2eb,  -2.798400, -48.623000,2026-08-27 00:30:00,GOES-19,TAILÂNDIA,PARÁ,Brasil,1507953,15,33,,,,Amazônia,61.0
1f31911b-2dff-3a11-b96f-0a0c96fbf325,  -9.228000, -51.563800,2026-08-27 00:30:00,GOES-19,SÃO FÉLIX DO XINGU,PARÁ,Brasil,1507300,15,33,,,,Amazônia,54.4
92fadb06-b9bc-310c-a29c-42b6d0479dde,   2.580000, -60.697300,2026-08-27 00:30:00,GOES-19,CANTÁ,RORAIMA,Brasil,1400175,14,33,,,,Amazônia,45.2
bbffda82-bf9e-3963-b798-b52b1c550097, -11.754600, -54.520900,2026-08-27 00:30:00,GOES-19,UNIÃO DO SUL,MATO GROSSO,Brasil,5108303,51,33,,,,Amazônia,60.6
4906b7ca-381a-32b4-a2d8-00f7f5d8c1a1,  -8.795000, -50.038700,2026-08-27 00:30:00,GOES-19,SANTA MARIA DAS BARREIRAS,PARÁ,Brasil,1506583,15,33,,,,Amazônia,62.6
b217dfdd-474f-3891-ae3f-6f1b39c8c886, -11.735400, -54.543100,2026-08-27 00:30:00,GOES-19,UNIÃO DO SUL,MATO GROSSO,Brasil,5108303,51,33,,,,Amazônia,94.6
2be69c44-49fb-391f-a497-e2d5ae8178f9,  -7.069800, -44.910700,2026-08-27 00:30:00,GOES-19,SÃO FÉLIX DE BALSAS,MARANHÃO,Brasil,2110807,21,33,,,,Cerrado,64.8
713298d7-3eee-3e29-9ba5-0b03e4e008d0, -11.276500, -46.864900,2026-08-27 00:30:00,GOES-19,ALMAS,TOCANTINS,Brasil,1700400,17,33,,,,Cerrado,91.7
3a0d0d0a-2a30-3db5-b31b-1431dce6a491,  -8.241000, -55.000300,2026-08-27 00:30:00,GOES-19,ALTAMIRA,PARÁ,Brasil,1500602,15,33,,,,Amazônia,88.4
57707017-3031-3894-b43d-7826b5051383, -10.372300, -45.076700,2026-08-27 00:30:00,GOES-19,CORRENTE,PIAUÍ,Brasil,2202901,22,33,,,,Cerrado,89.3
258bdeab-cf8f-3027-a2e6-f9c4b8d67e27, -10.760300, -53.976900,2026-08-27 00:30:00,GOES-19,MARCELÂNDIA,MATO GROSSO,Brasil,5105580,51,33,,,,Amazônia,64.6
c97f5ccd-90a1-33db-90bb-6df56d9ae0f9, -10.389700, -61.211800,2026-08-27 00:30:00,GOES-19,RONDOLÂNDIA,MATO GROSSO,Brasil,5107578,51,33,,,,Amazônia,84.9
cf5b1113-a3ee-3341-bbca-93b22d4e72dc, -10.389800, -61.192500,2026-08-27 00:30:00,GOES-19,RONDOLÂNDIA,MATO GROSSO,Brasil,5107578,51,33,,,,Amazônia,89.0
2dbbb572-7cd1-3f51-aa39-56253c1ddca0,   2.578650, -60.698570,2026-08-27 00:30:00,TERRA_M-M,CANTÁ,RORAIMA,Brasil,1400175,14,33,,,,Amazônia,9.9
f37b0288-6a29-3e00-a76c-14034b50a795,   3.287060, -60.623160,2026-08-27 00:33:00,TERRA_M-M,BOA VISTA,RORAIMA,Brasil,1400100,14,33,,,,Amazônia,7.2
7e1389c9-49bf-3dad-a0ad-9cfec429876f,  -8.795500, -49.996000,2026-08-27 00:40:00,GOES-19,SANTA MARIA DAS BARREIRAS,PARÁ,Brasil,1506583,15,33,,,,Amazônia,66.8
1c1bd919-0a6b-3bb4-8804-24c187b459b3, -11.754600, -54.520900,2026-08-27 00:40:00,GOES-19,UNIÃO DO SUL,MATO GROSSO,Brasil,5108303,51,33,,,,Amazônia,51.1
d383b103-0497-38cf-bf94-0b04a8db1fc1, -10.760300, -53.976900,2026-08-27 00:40:00,GOES-19,MARCELÂNDIA,MATO GROSSO,Brasil,5105580,51,33,,,,Amazônia,69.2
b56df34e-ab6c-3db0-9114-a8c7ebe194fd,  -8.259600, -54.999200,2026-08-27 00:40:00,GOES-19,ALTAMIRA,PARÁ,Brasil,1500602,15,33,,,,Amazônia,57.0
2ba4f91c-f59b-3f1e-b937-602629f95166,  -8.167000, -47.520100,2026-08-27 00:40:00,GOES-19,GOIATINS,TOCANTINS,Brasil,1709005,17,33,,,,Cerrado,108.1
c1f17fd5-7011-3154-98e5-a9f277b85cb5, -13.379900, -51.463400,2026-08-27 00:40:00,GOES-19,RIBEIRÃO CASCALHEIRA,MATO GROSSO,Brasil,5107180,51,33,,,,Cerrado,108.6
7a205a1a-2c1f-3ff5-b478-38f2c0e2baeb,  -5.999600, -57.824900,2026-08-27 00:40:00,GOES-19,JACAREACANGA,PARÁ,Brasil,1503754,15,33,,,,Amazônia,77.9
4e454e1f-d4fb-36e7-b1f3-585701df988b,  -5.999500, -57.844400,2026-08-27 00:40:00,GOES-19,JACAREACANGA,PARÁ,Brasil,1503754,15,33,,,,Amazônia,64.9
352db863-fae6-3dcb-8d49-81ec629453cf,  -7.384900, -55.172300,2026-08-27 00:40:00,GOES-19,ALTAMIRA,PARÁ,Brasil,1500602,15,33,,,,Amazônia,25.2
b3922180-f4f7-3e93-b1ae-0d416efa17be,  -6.639600, -53.193400,2026-08-27 00:40:00,GOES-19,SÃO FÉLIX DO XINGU,PARÁ,Brasil,1507300,15,33,,,,Amazônia,89.7
242126a5-c8d4-3943-8903-87daf5a26911, -10.389800, -61.192500,2026-08-27 00:40:00,GOES-19,RONDOLÂNDIA,MATO GROSSO,Brasil,5107578,51,33,,,,Amazônia,81.7
7aa36fa8-b17b-3202-ad43-d5696d15b9f7, -10.389700, -61.211800,2026-08-27 00:40:00,GOES-19,RONDOLÂNDIA,MATO GROSSO,Brasil,5107578,51,33,,,,Amazônia,83.6
c9d3329b-3d48-3b72-bfa4-0460215a609b,  -7.366500, -55.153400,2026-08-27 00:40:00,GOES-19,ALTAMIRA,PARÁ,Brasil,1500602,15,33,,,,Amazônia,71.3
43165d47-fea5-35ed-8407-203aa6bb57bb,  -8.241000, -55.000300,2026-08-27 00:40:00,GOES-19,ALTAMIRA,PARÁ,Brasil,1500602,15,33,,,,Amazônia,58.7
ec99f9ae-a322-36a8-b2fd-3d4023f2cda8, -10.372700, -45.053700,2026-08-27 00:40:00,GOES-19,CORRENTE,PIAUÍ,Brasil,2202901,22,33,,,,Cerrado,125.4
7e6e144c-753c-38ed-bcd5-b2bcc10abbaa,  -8.813500, -50.058300,2026-08-27 00:40:00,GOES-19,SANTA MARIA DAS BARREIRAS,PARÁ,Brasil,1506583,15,33,,,,Amazônia,74.7
087fc9d2-8e83-3a10-904f-a75e41e3fbf5, -10.759600, -54.038400,2026-08-27 00:40:00,GOES-19,MARCELÂNDIA,MATO GROSSO,Brasil,5105580,51,33,,,,Amazônia,102.4
ddf7c013-9271-3975-ad0f-5cd1554de227, -13.360700, -51.465900,2026-08-27 00:40:00,GOES-19,RIBEIRÃO CASCALHEIRA,MATO GROSSO,Brasil,5107180,51,33,,,,Cerrado,79.1
bfb70011-e77f-32a0-80bb-2b73731c850d, -10.372300, -45.076700,2026-08-27 00:40:00,GOES-19,CORRENTE,PIAUÍ,Brasil,2202901,22,33,,,,Cerrado,100.4
94adb66d-25f8-36e7-9e92-17fc9ce36a88,  -2.816900, -48.622400,2026-08-27 00:40:00,GOES-19,TAILÂNDIA,PARÁ,Brasil,1507953,15,33,,,,Amazônia,72.8
db074461-5b77-3886-9be2-c2f84ab0bb82,  -8.167200, -47.498100,2026-08-27 00:40:00,GOES-19,GOIATINS,TOCANTINS,Brasil,1709005,17,33,,,,Cerrado,60.8
1abd517f-a822-3f12-8be4-000529fc7f18, -10.778700, -54.016300,2026-08-27 00:40:00,GOES-19,MARCELÂNDIA,MATO GROSSO,Brasil,5105580,51,33,,,,Amazônia,80.3
8dfdc1a7-d92f-3943-9eb5-003abef38e23,  -7.385000, -55.152300,2026-08-27 00:40:00,GOES-19,ALTAMIRA,PARÁ,Brasil,1500602,15,33,,,,Amazônia,35.5
7208531e-bc9b-3df7-b075-8726944334a9,  -7.366300, -55.173400,2026-08-27 00:40:00,GOES-19,ALTAMIRA,PARÁ,Brasil,1500602,15,33,,,,Amazônia,49.8
683213c6-e8e0-3505-b2df-7683bc9289f1, -11.735400, -54.543100,2026-08-27 00:40:00,GOES-19,UNIÃO DO SUL,MATO GROSSO,Brasil,5108303,51,33,,,,Amazônia,90.1
a1f5bf1d-b372-303b-816e-009fe36cb777, -10.759800, -54.017900,2026-08-27 00:40:00,GOES-19,MARCELÂNDIA,MATO GROSSO,Brasil,5105580,51,33,,,,Amazônia,79.0
6c308dea-3114-3a29-b050-d37a7b2fe36d, -10.760000, -53.997400,2026-08-27 00:40:00,GOES-19,MARCELÂNDIA,MATO GROSSO,Brasil,5105580,51,33,,,,Amazônia,68.0
e14ebe1c-fbea-3120-bbab-79212c56e67f, -11.735700, -54.522700,2026-08-27 00:40:00,GOES-19,UNIÃO DO SUL,MATO GROSSO,Brasil,5108303,51,33,,,,Amazônia,63.8
db8372ae-ff4e-3894-86d0-520534b70e12,  -9.228200, -51.542800,2026-08-27 00:40:00,GOES-19,SÃO FÉLIX DO XINGU,PARÁ,Brasil,1507300,15,33,,,,Amazônia,140.0
66146bcb-6de7-3091-bdd5-b3051fc5b000,  -6.658100, -53.192400,2026-08-27 00:40:00,GOES-19,SÃO FÉLIX DO XINGU,PARÁ,Brasil,1507300,15,33,,,,Amazônia,42.0
796f9f97-458a-38a3-8713-4b053b3e166a,  -8.185800, -47.518400,2026-08-27 00:40:00,GOES-19,GOIATINS,TOCANTINS,Brasil,1709005,17,33,,,,Cerrado,56.4
2e5dffbe-8eb1-321f-a1c4-70c556f00bf4,  -8.927300, -48.367900,2026-08-27 00:40:00,GOES-19,TUPIRAMA,TOCANTINS,Brasil,1721257,17,33,,,,Cerrado,71.7
71f75c75-76de-3ba5-98f9-45f5b23081bf, -10.778900, -53.995800,2026-08-27 00:40:00,GOES-19,MARCELÂNDIA,MATO GROSSO,Brasil,5105580,51,33,,,,Amazônia,70.6
67af12e4-3601-3358-9d16-52fd4301c6e5,  -8.795000, -50.038700,2026-08-27 00:40:00,GOES-19,SANTA MARIA DAS BARREIRAS,PARÁ,Brasil,1506583,15,33,,,,Amazônia,58.7
610796b8-dd6b-3bbf-b146-424ed62e4970,  -9.432800, -70.445100,2026-08-27 00:40:00,GOES-19,SANTA ROSA DO PURUS,ACRE,Brasil,1200435,12,33,,,,Amazônia,56.2
1b9e4a3a-fa2a-3514-80d5-e084efdfb94c,  -9.209400, -51.544400,2026-08-27 00:40:00,GOES-19,SÃO FÉLIX DO XINGU,PARÁ,Brasil,1507300,15,33,,,,Amazônia,68.7
8f5766be-cb44-3017-8957-2440c00d3553,  -7.069800, -44.910700,2026-08-27 00:40:00,GOES-19,SÃO FÉLIX DE BALSAS,MARANHÃO,Brasil,2110807,21,33,,,,Cerrado,62.9
58f1cb96-ba39-32c7-a680-a50611644303, -10.372300, -45.076700,2026-08-27 00:50:00,GOES-19,CORRENTE,PIAUÍ,Brasil,2202901,22,33,,,,Cerrado,68.5
43881b19-38c7-3c9c-857d-d5ccb730bf39,  -5.999600, -57.824900,2026-08-27 00:50:00,GOES-19,JACAREACANGA,PARÁ,Brasil,1503754,15,33,,,,Amazônia,96.3
a92110a6-3408-3eea-b3ea-59c4d75f3a8d, -15.209300, -53.850600,2026-08-27 00:50:00,GOES-19,NOVO SÃO JOAQUIM,MATO GROSSO,Brasil,5106281,51,33,,,,Cerrado,70.4
2b57fa14-b0d2-3358-bb0a-3e03cee0464b,  -6.639600, -53.193400,2026-08-27 00:50:00,GOES-19,SÃO FÉLIX DO XINGU,PARÁ,Brasil,1507300,15,33,,,,Amazônia,111.5
83845fe3-acfd-3387-9b95-dd4b7dd38ce2, -13.379900, -51.463400,2026-08-27 00:50:00,GOES-19,RIBEIRÃO CASCALHEIRA,MATO GROSSO,Brasil,5107180,51,33,,,,Cerrado,82.8
5baa4d7d-4d78-37b2-a8b0-c09b5fbe377d, -11.735700, -54.522700,2026-08-27 00:50:00,GOES-19,UNIÃO DO SUL,MATO GROSSO,Brasil,5108303,51,33,,,,Amazônia,73.2
3389c82f-6dcf-356d-826c-217e2845f33d,  -6.639700, -53.173000,2026-08-27 00:50:00,GOES-19,SÃO FÉLIX DO XINGU,PARÁ,Brasil,1507300,15,33,,,,Amazônia,48.2
05c1a30d-3e56-3c88-ad14-61ec521cd825, -10.389800, -61.192500,2026-08-27 00:50:00,GOES-19,RONDOLÂNDIA,MATO GROSSO,Brasil,5107578,51,33,,,,Amazônia,47.1
c194834c-1ebd-35ed-af39-82c8815e2b17, -10.372700, -45.053700,2026-08-27 00:50:00,GOES-19,CORRENTE,PIAUÍ,Brasil,2202901,22,33,,,,Cerrado,117.0
e7f5b459-b372-3886-91db-ce9744fae5b7,  -5.999500, -57.844400,2026-08-27 00:50:00,GOES-19,JACAREACANGA,PARÁ,Brasil,1503754,15,33,,,,Amazônia,67.0
e80990e2-2d21-3f99-a1d5-66dbd4f5a3af,  -2.816900, -48.622400,2026-08-27 00:50:00,GOES-19,TAILÂNDIA,PARÁ,Brasil,1507953,15,33,,,,Amazônia,63.3
24b2f775-04e6-3b94-95e8-2c632468356c,  -8.927300, -48.367900,2026-08-27 00:50:00,GOES-19,TUPIRAMA,TOCANTINS,Brasil,1721257,17,33,,,,Cerrado,70.2
52d4b1df-3aaa-3b64-bdca-442c971f753c,  -9.228000, -51.563800,2026-08-27 00:50:00,GOES-19,SÃO FÉLIX DO XINGU,PARÁ,Brasil,1507300,15,33,,,,Amazônia,58.2
8c382c3a-9729-3ebe-b598-fcc9424873b1,  -9.228200, -51.542800,2026-08-27 00:50:00,GOES-19,SÃO FÉLIX DO XINGU,PARÁ,Brasil,1507300,15,33,,,,Amazônia,128.8
1e4eaac4-e51d-3e04-afe4-f778301d6636, -11.735400, -54.543100,2026-08-27 00:50:00,GOES-19,UNIÃO DO SUL,MATO GROSSO,Brasil,5108303,51,33,,,,Amazônia,98.1
acc34589-b298-3c36-b208-19301e472c03,  -8.813500, -50.058300,2026-08-27 00:50:00,GOES-19,SANTA MARIA DAS BARREIRAS,PARÁ,Brasil,1506583,15,33,,,,Amazônia,61.7
f20bb691-4163-3c90-a555-00252a5c8e2a, -10.353600, -45.056100,2026-08-27 00:50:00,GOES-19,CORRENTE,PIAUÍ,Brasil,2202901,22,33,,,,Cerrado,63.6
c74033ed-06d2-37ea-a74e-9e89494bcf21, -10.778900, -53.995800,2026-08-27 01:00:00,GOES-19,MARCELÂNDIA,MATO GROSSO,Brasil,5105580,51,33,,,,Amazônia,68.3
317cc357-e265-3545-8fda-488263e8ed3a, -10.372700, -45.053700,2026-08-27 01:00:00,GOES-19,CORRENTE,PIAUÍ,Brasil,2202901,22,33,,,,Cerrado,123.5
a0236e70-8398-3931-90b4-66b079b3eae2,  -2.816900, -48.622400,2026-08-27 01:00:00,GOES-19,TAILÂNDIA,PARÁ,Brasil,1507953,15,33,,,,Amazônia,41.0
ef642850-3cc5-36f3-8573-044c744bc9ab, -10.778700, -54.016300,2026-08-27 01:00:00,GOES-19,MARCELÂNDIA,MATO GROSSO,Brasil,5105580,51,33,,,,Amazônia,74.3
c853ed66-40fa-3850-9c67-021dde052225, -10.760000, -53.997400,2026-08-27 01:00:00,GOES-19,MARCELÂNDIA,MATO GROSSO,Brasil,5105580,51,33,,,,Amazônia,63.2
5aa05a0b-22ed-3039-8b68-64e0e9b2a9db, -11.735400, -54.543100,2026-08-27 01:00:00,GOES-19,UNIÃO DO SUL,MATO GROSSO,Brasil,5108303,51,33,,,,Amazônia,88.6
2fd7f76c-4f14-32fe-b7e3-7045119ef4b4,  -5.999500, -57.844400,2026-08-27 01:00:00,GOES-19,JACAREACANGA,PARÁ,Brasil,1503754,15,33,,,,Amazônia,73.1
84a0f1e7-1830-3027-8cdb-8a7f45628514,  -4.587900, -44.087600,2026-08-27 01:00:00,GOES-19,CODÓ,MARANHÃO,Brasil,2103307,21,33,,,,Cerrado,55.1
90a051b7-447f-3e5b-baf8-e22dda899978, -10.372300, -45.076700,2026-08-27 01:00:00,GOES-19,CORRENTE,PIAUÍ,Brasil,2202901,22,33,,,,Cerrado,89.2
61347c3d-8a38-3a33-a029-18535f871a88,  -4.550500, -44.089900,2026-08-27 01:00:00,GOES-19,CODÓ,MARANHÃO,Brasil,2103307,21,33,,,,Cerrado,299.5
a0c7392b-e6f7-3132-aaa3-f7644bcac847, -10.759800, -54.017900,2026-08-27 01:00:00,GOES-19,MARCELÂNDIA,MATO GROSSO,Brasil,5105580,51,33,,,,Amazônia,70.8
0abff805-6a02-3e97-80db-d65cf2e7a750, -10.759600, -54.038400,2026-08-27 01:00:00,GOES-19,MARCELÂNDIA,MATO GROSSO,Brasil,5105580,51,33,,,,Amazônia,89.9
1b7ed78b-9cba-37f1-bb15-424a31d24b2d,  -6.267600, -53.376800,2026-08-27 01:00:00,GOES-19,ALTAMIRA,PARÁ,Brasil,1500602,15,33,,,,Amazônia,52.8
99d31ceb-64ec-30eb-9d62-15207faa26cb,  -7.366300, -55.173400,2026-08-27 01:00:00,GOES-19,ALTAMIRA,PARÁ,Brasil,1500602,15,33,,,,Amazônia,22.2
abe2c9af-050e-38b8-8f63-ba6df404630f, -10.389700, -61.211800,2026-08-27 01:00:00,GOES-19,RONDOLÂNDIA,MATO GROSSO,Brasil,5107578,51,33,,,,Amazônia,44.2
2232f9cc-4427-3687-9840-e15baec101fa,  -7.366500, -55.153400,2026-08-27 01:00:00,GOES-19,ALTAMIRA,PARÁ,Brasil,1500602,15,33,,,,Amazônia,41.1
09b4e92d-f71e-309f-b9dc-39e7e99f93f7,  -4.550700, -44.066800,2026-08-27 01:00:00,GOES-19,CODÓ,MARANHÃO,Brasil,2103307,21,33,,,,Cerrado,205.5
5f4dd225-7c97-352c-aa51-611ca2f9abc4,  -4.569400, -44.065700,2026-08-27 01:00:00,GOES-19,CODÓ,MARANHÃO,Brasil,2103307,21,33,,,,Cerrado,592.4
0b52ec13-f8d8-3007-99ab-075ef5d87997,  -8.927300, -48.367900,2026-08-27 01:00:00,GOES-19,TUPIRAMA,TOCANTINS,Brasil,1721257,17,33,,,,Cerrado,63.4
adab585c-3965-3ecc-97d6-159f0a113999,  -4.569200, -44.088700,2026-08-27 01:00:00,GOES-19,CODÓ,MARANHÃO,Brasil,2103307,21,33,,,,Cerrado,920.1
d08aae2b-23cd-3158-9a2c-7923a786a89c,  -6.018000, -57.824200,2026-08-27 01:00:00,GOES-19,JACAREACANGA,PARÁ,Brasil,1503754,15,33,,,,Amazônia,57.4
34aa1b4c-c1c3-351d-a97c-8a4e3fef7099,  -6.267700, -53.356500,2026-08-27 01:00:00,GOES-19,ALTAMIRA,PARÁ,Brasil,1500602,15,33,,,,Amazônia,50.4
d1a04a22-ba2a-3190-a17d-5f441bb250e0,  -9.228200, -51.542800,2026-08-27 01:00:00,GOES-19,SÃO FÉLIX DO XINGU,PARÁ,Brasil,1507300,15,33,,,,Amazônia,108.7
8c2ba5ed-611a-3fe2-a084-a72e080f1fb7, -10.760300, -53.976900,2026-08-27 01:00:00,GOES-19,MARCELÂNDIA,MATO GROSSO,Brasil,5105580,51,33,,,,Amazônia,65.3
93228899-252b-3418-a023-6f01d4b0ca5d,  -7.385000, -55.152300,2026-08-27 01:00:00,GOES-19,ALTAMIRA,PARÁ,Brasil,1500602,15,33,,,,Amazônia,19.9
d755d92a-1cc4-3a12-b661-7cc3519c29e5,  -6.639600, -53.193400,2026-08-27 01:00:00,GOES-19,SÃO FÉLIX DO XINGU,PARÁ,Brasil,1507300,15,33,,,,Amazônia,89.1
760bfea5-aacf-319b-bf69-30e19babb579,  -5.999600, -57.824900,2026-08-27 01:00:00,GOES-19,JACAREACANGA,PARÁ,Brasil,1503754,15,33,,,,Amazônia,92.8
eb524dc4-950e-3c5a-a1b9-9661281106f4,  -4.569200, -44.088700,2026-08-27 01:10:00,GOES-19,CODÓ,MARANHÃO,Brasil,2103307,21,33,,,,Cerrado,554.8
69d7ef07-1dd0-3051-b77e-b4035fce8019,  -5.999500, -57.844400,2026-08-27 01:10:00,GOES-19,JACAREACANGA,PARÁ,Brasil,1503754,15,33,,,,Amazônia,55.2
bfe7dfc4-2fc6-36c2-8f46-e8a8bd0292eb, -10.372300, -45.076700,2026-08-27 01:10:00,GOES-19,CORRENTE,PIAUÍ,Brasil,2202901,22,33,,,,Cerrado,98.2
b398461d-9d25-3943-9ad5-1ed3de823771, -10.372700, -45.053700,2026-08-27 01:10:00,GOES-19,CORRENTE,PIAUÍ,Brasil,2202901,22,33,,,,Cerrado,111.0
9c27be9b-9256-3230-86a7-2b8d607aa2bb,  -6.267700, -53.356500,2026-08-27 01:10:00,GOES-19,ALTAMIRA,PARÁ,Brasil,1500602,15,33,,,,Amazônia,52.1
81a0d34c-40b0-338d-b9db-9f1e45759485,  -6.639600, -53.193400,2026-08-27 01:10:00,GOES-19,SÃO FÉLIX DO XINGU,PARÁ,Brasil,1507300,15,33,,,,Amazônia,90.8
09938f46-42bb-3e9b-b2e0-1fc9868d0eec,  -6.267600, -53.376800,2026-08-27 01:10:00,GOES-19,ALTAMIRA,PARÁ,Brasil,1500602,15,33,,,,Amazônia,54.8
20578854-53a5-3359-85fd-b1bef1ccfa5a,  -9.228000, -51.563800,2026-08-27 01:10:00,GOES-19,SÃO FÉLIX DO XINGU,PARÁ,Brasil,1507300,15,33,,,,Amazônia,54.5
ceee1df2-67c6-3e7c-9f23-e313fc19beb0,  -4.569400, -44.065700,2026-08-27 01:10:00,GOES-19,CODÓ,MARANHÃO,Brasil,2103307,21,33,,,,Cerrado,340.4
87ade1b2-0066-301c-8a77-fdb647021899,  -4.550700, -44.066800,2026-08-27 01:10:00,GOES-19,CODÓ,MARANHÃO,Brasil,2103307,21,33,,,,Cerrado,123.1
9a49291e-99db-3e54-9861-72da53ee2db1, -13.379900, -51.463400,2026-08-27 01:10:00,GOES-19,RIBEIRÃO CASCALHEIRA,MATO GROSSO,Brasil,5107180,51,33,,,,Cerrado,142.6
3d966b08-1245-34ca-8010-5dd0bb090428,  -9.209400, -51.544400,2026-08-27 01:10:00,GOES-19,SÃO FÉLIX DO XINGU,PARÁ,Brasil,1507300,15,33,,,,Amazônia,59.6
8c3620d8-a4ff-3e5f-9726-c4162d4a6c2a,  -9.228200, -51.542800,2026-08-27 01:10:00,GOES-19,SÃO FÉLIX DO XINGU,PARÁ,Brasil,1507300,15,33,,,,Amazônia,122.0
31268ac7-d6e3-3561-8b35-3ceb8f6bc699,  -4.569000, -44.111700,2026-08-27 01:10:00,GOES-19,CODÓ,MARANHÃO,Brasil,2103307,21,33,,,,Cerrado,75.4
bf474e15-4b39-3518-a946-5b9309ba6b15,  -7.366300, -55.173400,2026-08-27 01:10:00,GOES-19,ALTAMIRA,PARÁ,Brasil,1500602,15,33,,,,Amazônia,20.3
ca871dd5-f1c7-38c2-aab2-59a638c54a56,  -7.366500, -55.153400,2026-08-27 01:10:00,GOES-19,ALTAMIRA,PARÁ,Brasil,1500602,15,33,,,,Amazônia,24.7
b3fac8ca-5379-3b58-8535-b87b1e85fe03,  -5.999600, -57.824900,2026-08-27 01:10:00,GOES-19,JACAREACANGA,PARÁ,Brasil,1503754,15,33,,,,Amazônia,64.7
bb674de4-dc9a-3333-a714-9daaefd0e635, -11.735400, -54.543100,2026-08-27 01:10:00,GOES-19,UNIÃO DO SUL,MATO GROSSO,Brasil,5108303,51,33,,,,Amazônia,74.1
0f2dc966-4e0c-30c7-a444-192b85e807ce,  -8.927300, -48.367900,2026-08-27 01:10:00,GOES-19,TUPIRAMA,TOCANTINS,Brasil,1721257,17,33,,,,Cerrado,49.1
41448e10-2b77-33a6-b903-2fa11bf0192d, -13.379600, -51.484800,2026-08-27 01:10:00,GOES-19,RIBEIRÃO CASCALHEIRA,MATO GROSSO,Brasil,5107180,51,33,,,,Cerrado,88.8
7dc05c13-8e14-3434-bff4-99abc3390de7,  -4.550500, -44.089900,2026-08-27 01:10:00,GOES-19,CODÓ,MARANHÃO,Brasil,2103307,21,33,,,,Cerrado,191.9
b221a7ac-5ef2-3228-8fe0-f28dea1d55a6, -11.735700, -54.522700,2026-08-27 01:10:00,GOES-19,UNIÃO DO SUL,MATO GROSSO,Brasil,5108303,51,33,,,,Amazônia,53.2
a99a39aa-9c40-3d25-b780-5f7f48e4a5f5,  -4.560000, -44.090000,2026-08-27 01:15:00,MSG-03,CODÓ,MARANHÃO,Brasil,2103307,21,33,,,,Cerrado,
6cf658be-6db3-3ce9-9e4e-8c08cea2e7cb,  -4.560000, -44.040000,2026-08-27 01:15:00,MSG-03,CODÓ,MARANHÃO,Brasil,2103307,21,33,,,,Cerrado,
11ec6bda-fd56-3a59-a471-41b068c698c7,  -4.540000, -44.040000,2026-08-27 01:15:00,MSG-03,CODÓ,MARANHÃO,Brasil,2103307,21,33,,,,Cerrado,
3c4a36d6-608e-36d2-b7ce-4ce3292a5a6a,  -4.540000, -44.080000,2026-08-27 01:15:00,MSG-03,CODÓ,MARANHÃO,Brasil,2103307,21,33,,,,Cerrado,
ab7d44c5-46ff-31e0-b709-7a4b4d86ccde,  -6.639600, -53.193400,2026-08-27 01:20:00,GOES-19,SÃO FÉLIX DO XINGU,PARÁ,Brasil,1507300,15,33,,,,Amazônia,100.6
bf1837ca-0b09-3f81-8293-34b29c1f3ff3, -13.379900, -51.463400,2026-08-27 01:20:00,GOES-19,RIBEIRÃO CASCALHEIRA,MATO GROSSO,Brasil,5107180,51,33,,,,Cerrado,78.1
087b43c2-4af8-3ed3-baa1-c6d57bc4ae08, -10.759800, -54.017900,2026-08-27 01:20:00,GOES-19,MARCELÂNDIA,MATO GROSSO,Brasil,5105580,51,33,,,,Amazônia,63.7
a8a47968-b130-322f-ab29-2ee10a2e1681,  -4.587900, -44.087600,2026-08-27 01:20:00,GOES-19,CODÓ,MARANHÃO,Brasil,2103307,21,33,,,,Cerrado,67.0
ec0ca6d9-3afd-369b-b84f-d6217f56dbc5, -10.372300, -45.076700,2026-08-27 01:20:00,GOES-19,CORRENTE,PIAUÍ,Brasil,2202901,22,33,,,,Cerrado,66.2
0adc15f3-21aa-3933-8133-92a1b331b1d5, -13.379600, -51.484800,2026-08-27 01:20:00,GOES-19,RIBEIRÃO CASCALHEIRA,MATO GROSSO,Brasil,5107180,51,33,,,,Cerrado,76.7
468957f6-44e0-3cdd-997a-399537e54913,  -7.366300, -55.173400,2026-08-27 01:20:00,GOES-19,ALTAMIRA,PARÁ,Brasil,1500602,15,33,,,,Amazônia,36.8
ba32a12c-9dbb-3c86-ad99-032e396ef92a, -11.735400, -54.543100,2026-08-27 01:20:00,GOES-19,UNIÃO DO SUL,MATO GROSSO,Brasil,5108303,51,33,,,,Amazônia,55.1
8b12d454-0b9b-3f3b-8396-31400cb859fa,  -9.228000, -51.563800,2026-08-27 01:20:00,GOES-19,SÃO FÉLIX DO XINGU,PARÁ,Brasil,1507300,15,33,,,,Amazônia,72.4
3e7bcb2d-5d27-30b7-b45c-1f307ebb09e6,  -9.228200, -51.542800,2026-08-27 01:20:00,GOES-19,SÃO FÉLIX DO XINGU,PARÁ,Brasil,1507300,15,33,,,,Amazônia,132.7
274a80a4-968d-3dd3-a817-4695f832eb1d, -10.372700, -45.053700,2026-08-27 01:20:00,GOES-19,CORRENTE,PIAUÍ,Brasil,2202901,22,33,,,,Cerrado,80.5
53916b4c-ec00-3d4a-a3d8-129cab9545e8,  -4.569400, -44.065700,2026-08-27 01:20:00,GOES-19,CODÓ,MARANHÃO,Brasil,2103307,21,33,,,,Cerrado,231.3
d0d66c63-84e9-3cf4-828a-12d97a94ed80, -11.754400, -54.541400,2026-08-27 01:20:00,GOES-19,UNIÃO DO SUL,MATO GROSSO,Brasil,5108303,51,33,,,,Amazônia,35.1
3be8a4f4-5d3e-34ec-a6ee-b6e54beb8986,  -4.550500, -44.089900,2026-08-27 01:20:00,GOES-19,CODÓ,MARANHÃO,Brasil,2103307,21,33,,,,Cerrado,204.9
9688c4f6-ec66-3ad4-a8ad-45406eefc399,  -7.366500, -55.153400,2026-08-27 01:20:00,GOES-19,ALTAMIRA,PARÁ,Brasil,1500602,15,33,,,,Amazônia,51.0
bcad7386-f91d-33ca-98aa-c95dfc16c98d,  -2.816900, -48.622400,2026-08-27 01:20:00,GOES-19,TAILÂNDIA,PARÁ,Brasil,1507953,15,33,,,,Amazônia,42.8
8c0dd387-5e51-35fc-88bf-c05442bf54fd, -11.735700, -54.522700,2026-08-27 01:20:00,GOES-19,UNIÃO DO SUL,MATO GROSSO,Brasil,5108303,51,33,,,,Amazônia,34.1
417d6d8f-3bc6-38e5-a3db-068d79542f42, -15.209300, -53.850600,2026-08-27 01:20:00,GOES-19,NOVO SÃO JOAQUIM,MATO GROSSO,Brasil,5106281,51,33,,,,Cerrado,71.0
621a05a4-e1ff-3f0a-9f1a-04a96d4a5387,  -5.999500, -57.844400,2026-08-27 01:20:00,GOES-19,JACAREACANGA,PARÁ,Brasil,1503754,15,33,,,,Amazônia,87.9
3f36cf2b-a6b3-329f-ad0e-bfff10650cba,  -4.550700, -44.066800,2026-08-27 01:20:00,GOES-19,CODÓ,MARANHÃO,Brasil,2103307,21,33,,,,Cerrado,157.1
462a72a7-4111-3fad-af70-29beec9a13ee, -11.754600, -54.520900,2026-08-27 01:20:00,GOES-19,UNIÃO DO SUL,MATO GROSSO,Brasil,5108303,51,33,,,,Amazônia,29.3
6629639e-2468-3e11-a223-7acf2ba337bb,  -4.569200, -44.088700,2026-08-27 01:20:00,GOES-19,CODÓ,MARANHÃO,Brasil,2103307,21,33,,,,Cerrado,322.7
dddbff0c-95ec-3618-be91-98a5a6a2d483, -10.778900, -53.995800,2026-08-27 01:20:00,GOES-19,MARCELÂNDIA,MATO GROSSO,Brasil,5105580,51,33,,,,Amazônia,70.0
2f594954-733e-3b61-8cce-e383d8b2b719, -10.778700, -54.016300,2026-08-27 01:20:00,GOES-19,MARCELÂNDIA,MATO GROSSO,Brasil,5105580,51,33,,,,Amazônia,69.3
bebc567c-4f65-3034-b49c-bd9f0de1376a, -10.759600, -54.038400,2026-08-27 01:20:00,GOES-19,MARCELÂNDIA,MATO GROSSO,Brasil,5105580,51,33,,,,Amazônia,81.2
3302831a-53fa-3ef2-8f86-78ec19e27955,  -5.999600, -57.824900,2026-08-27 01:20:00,GOES-19,JACAREACANGA,PARÁ,Brasil,1503754,15,33,,,,Amazônia,99.0
48a5c77a-39db-3af6-bdf2-ddbac2f20fcd,  -2.816900, -48.622400,2026-08-27 01:30:00,GOES-19,TAILÂNDIA,PARÁ,Brasil,1507953,15,33,,,,Amazônia,44.2
ea6f2f7e-57a9-3271-910a-d88c8819c477,  -6.639600, -53.193400,2026-08-27 01:30:00,GOES-19,SÃO FÉLIX DO XINGU,PARÁ,Brasil,1507300,15,33,,,,Amazônia,69.2
cf957047-85ef-3c60-a0b1-a7a13cc4c4a7, -10.372700, -45.053700,2026-08-27 01:30:00,GOES-19,CORRENTE,PIAUÍ,Brasil,2202901,22,33,,,,Cerrado,96.0
a0381f48-9030-313c-8f8a-61c407d98d1f,  -4.550500, -44.089900,2026-08-27 01:30:00,GOES-19,CODÓ,MARANHÃO,Brasil,2103307,21,33,,,,Cerrado,268.1
a5be9704-3041-381a-9162-0379414a1751,  -7.385000, -55.152300,2026-08-27 01:30:00,GOES-19,ALTAMIRA,PARÁ,Brasil,1500602,15,33,,,,Amazônia,26.7
99e53208-f103-3eaa-bf61-0ec117954e04,  -4.550700, -44.066800,2026-08-27 01:30:00,GOES-19,CODÓ,MARANHÃO,Brasil,2103307,21,33,,,,Cerrado,233.6
ec476289-5ccc-379d-ba7a-32ca024d7ec6,  -5.999500, -57.844400,2026-08-27 01:30:00,GOES-19,JACAREACANGA,PARÁ,Brasil,1503754,15,33,,,,Amazônia,75.0
fb0205d0-8a86-38c2-9efd-b5fac15e91b0,  -7.366300, -55.173400,2026-08-27 01:30:00,GOES-19,ALTAMIRA,PARÁ,Brasil,1500602,15,33,,,,Amazônia,43.0
03efb018-2ca6-3e93-8edb-1b1b49a2e249,  -7.366500, -55.153400,2026-08-27 01:30:00,GOES-19,ALTAMIRA,PARÁ,Brasil,1500602,15,33,,,,Amazônia,67.3
834c5bed-451a-3ee8-bbaf-28522f78080e,  -4.569200, -44.088700,2026-08-27 01:30:00,GOES-19,CODÓ,MARANHÃO,Brasil,2103307,21,33,,,,Cerrado,433.6
55d17c82-2f30-3a18-b4d4-d4363f3e2d94, -11.735400, -54.543100,2026-08-27 01:30:00,GOES-19,UNIÃO DO SUL,MATO GROSSO,Brasil,5108303,51,33,,,,Amazônia,62.8
b3e220f8-8d5b-33f6-bc4b-578b1c06cee4,  -4.569400, -44.065700,2026-08-27 01:30:00,GOES-19,CODÓ,MARANHÃO,Brasil,2103307,21,33,,,,Cerrado,371.0
d2b0a2f9-49fa-3161-bafd-a6b2550a60c5, -17.329400, -53.240300,2026-08-27 01:30:00,GOES-19,ALTO ARAGUAIA,MATO GROSSO,Brasil,5100300,51,33,,,,Cerrado,88.3
57a25949-1a23-3870-8293-2b0647111fa9, -10.372300, -45.076700,2026-08-27 01:30:00,GOES-19,CORRENTE,PIAUÍ,Brasil,2202901,22,33,,,,Cerrado,66.6
124f5f9e-a3db-31a5-a5e1-4748ca5d3cd6,  -5.999600, -57.824900,2026-08-27 01:30:00,GOES-19,JACAREACANGA,PARÁ,Brasil,1503754,15,33,,,,Amazônia,99.4
1e899ffe-f2f0-326f-96b0-79cae4801c42,  -9.228200, -51.542800,2026-08-27 01:30:00,GOES-19,SÃO FÉLIX DO XINGU,PARÁ,Brasil,1507300,15,33,,,,Amazônia,89.3
a61b5747-7f6e-39dc-8a34-792cd6530bf1,  -6.639600, -53.193400,2026-08-27 01:40:00,GOES-19,SÃO FÉLIX DO XINGU,PARÁ,Brasil,1507300,15,33,,,,Amazônia,97.5
61091a1b-7f74-3384-97cf-07572d73ecad,  -4.550700, -44.066800,2026-08-27 01:40:00,GOES-19,CODÓ,MARANHÃO,Brasil,2103307,21,33,,,,Cerrado,121.4
529478f5-2be6-3cea-beb5-2f8dd7590496,  -5.999500, -57.844400,2026-08-27 01:40:00,GOES-19,JACAREACANGA,PARÁ,Brasil,1503754,15,33,,,,Amazônia,66.0
ec595b21-39d3-3d6c-a362-c89754885dd8,  -4.569400, -44.065700,2026-08-27 01:40:00,GOES-19,CODÓ,MARANHÃO,Brasil,2103307,21,33,,,,Cerrado,306.7
981ab487-66f1-37e5-8d87-43258a41885e,  -6.639700, -53.173000,2026-08-27 01:40:00,GOES-19,SÃO FÉLIX DO XINGU,PARÁ,Brasil,1507300,15,33,,,,Amazônia,53.4
442e0af1-5497-3d95-b6ca-14810468180e, -10.372700, -45.053700,2026-08-27 01:40:00,GOES-19,CORRENTE,PIAUÍ,Brasil,2202901,22,33,,,,Cerrado,104.7
f4a45458-713a-36c6-aa39-cd768017bffe, -11.735400, -54.543100,2026-08-27 01:40:00,GOES-19,UNIÃO DO SUL,MATO GROSSO,Brasil,5108303,51,33,,,,Amazônia,64.0
6da0c041-15b3-3707-8a31-6cd21d0d654b,  -7.366500, -55.153400,2026-08-27 01:40:00,GOES-19,ALTAMIRA,PARÁ,Brasil,1500602,15,33,,,,Amazônia,57.8
53161cf7-3a42-3a70-8b2c-016f46b58d51, -10.759600, -54.038400,2026-08-27 01:40:00,GOES-19,MARCELÂNDIA,MATO GROSSO,Brasil,5105580,51,33,,,,Amazônia,81.2
430275f0-15d2-3899-b3f0-b780e82458e2, -10.778700, -54.016300,2026-08-27 01:40:00,GOES-19,MARCELÂNDIA,MATO GROSSO,Brasil,5105580,51,33,,,,Amazônia,73.7
25b2c16f-f5a8-32a0-9630-ca0972a3a448, -10.778900, -53.995800,2026-08-27 01:40:00,GOES-19,MARCELÂNDIA,MATO GROSSO,Brasil,5105580,51,33,,,,Amazônia,61.2
d7e97a8d-5857-37ad-90fa-695773099ad6, -10.760300, -53.976900,2026-08-27 01:40:00,GOES-19,MARCELÂNDIA,MATO GROSSO,Brasil,5105580,51,33,,,,Amazônia,54.5
0322f252-c3ab-3bfc-9324-3bc84068f2a0,  -7.366300, -55.173400,2026-08-27 01:40:00,GOES-19,ALTAMIRA,PARÁ,Brasil,1500602,15,33,,,,Amazônia,36.5
9a33958f-44f1-304f-93a0-52b5401396d3, -10.372300, -45.076700,2026-08-27 01:40:00,GOES-19,CORRENTE,PIAUÍ,Brasil,2202901,22,33,,,,Cerrado,70.0
56b31ee4-b025-3e59-9e12-6b67bd99995c,  -8.813500, -50.058300,2026-08-27 01:40:00,GOES-19,SANTA MARIA DAS BARREIRAS,PARÁ,Brasil,1506583,15,33,,,,Amazônia,61.1
95067a05-7255-3070-888b-41454c098e8e,  -9.228200, -51.542800,2026-08-27 01:40:00,GOES-19,SÃO FÉLIX DO XINGU,PARÁ,Brasil,1507300,15,33,,,,Amazônia,77.8
d8952303-8366-30db-bc22-a0b7add3a563,  -6.621000, -53.194500,2026-08-27 01:40:00,GOES-19,SÃO FÉLIX DO XINGU,PARÁ,Brasil,1507300,15,33,,,,Amazônia,43.7
0f401eaa-1e7e-3b59-9c88-55c2171c7c47,  -4.569200, -44.088700,2026-08-27 01:40:00,GOES-19,CODÓ,MARANHÃO,Brasil,2103307,21,33,,,,Cerrado,495.8
51bcf960-1f6b-35fb-ba93-516b60d7ae6d, -11.754400, -54.541400,2026-08-27 01:40:00,GOES-19,UNIÃO DO SUL,MATO GROSSO,Brasil,5108303,51,33,,,,Amazônia,38.2
523c665b-d261-3ca7-a8a5-29fc4b428da4, -10.759800, -54.017900,2026-08-27 01:40:00,GOES-19,MARCELÂNDIA,MATO GROSSO,Brasil,5105580,51,33,,,,Amazônia,66.5
049cf9bd-d9e0-386f-b0f3-2292333edead,  -6.018000, -57.824200,2026-08-27 01:40:00,GOES-19,JACAREACANGA,PARÁ,Brasil,1503754,15,33,,,,Amazônia,60.1
aa6959d7-82d0-3bc1-bdd7-c6706981657b,  -4.550500, -44.089900,2026-08-27 01:40:00,GOES-19,CODÓ,MARANHÃO,Brasil,2103307,21,33,,,,Cerrado,188.0
42f7ab26-5302-3dda-b25f-326dfd1d8838,  -5.999600, -57.824900,2026-08-27 01:40:00,GOES-19,JACAREACANGA,PARÁ,Brasil,1503754,15,33,,,,Amazônia,92.9
96a9404e-7be8-3c75-be1f-c81351e7f560, -16.215000, -57.750300,2026-08-27 01:50:00,GOES-19,CÁCERES,MATO GROSSO,Brasil,5102504,51,33,,,,Pantanal,259.0
ceb0c45b-71fa-397d-af67-13a38fe68b04, -10.778700, -54.016300,2026-08-27 01:50:00,GOES-19,MARCELÂNDIA,MATO GROSSO,Brasil,5105580,51,33,,,,Amazônia,65.9
26174a6e-6119-3021-9c9b-acde3d0cc845, -10.778900, -53.995800,2026-08-27 01:50:00,GOES-19,MARCELÂNDIA,MATO GROSSO,Brasil,5105580,51,33,,,,Amazônia,66.5
15cfa5fd-67d7-3f7e-83e0-3b69fb02980f,  -4.550700, -44.066800,2026-08-27 01:50:00,GOES-19,CODÓ,MARANHÃO,Brasil,2103307,21,33,,,,Cerrado,143.5
24a962fc-f4fc-36a7-b831-a11ac3a7ae65, -16.195200, -57.772800,2026-08-27 01:50:00,GOES-19,CÁCERES,MATO GROSSO,Brasil,5102504,51,33,,,,Pantanal,51.3
5bdd0cf3-3d7f-3e01-8a7f-41a171b23e23, -13.379600, -51.484800,2026-08-27 01:50:00,GOES-19,RIBEIRÃO CASCALHEIRA,MATO GROSSO,Brasil,5107180,51,33,,,,Cerrado,77.1
65118179-9939-39b4-8feb-b5f610cb5c90, -16.214700, -57.770700,2026-08-27 01:50:00,GOES-19,CÁCERES,MATO GROSSO,Brasil,5102504,51,33,,,,Pantanal,115.7
7c859033-7da0-3251-b5fe-08708818d5e8,  -4.569200, -44.088700,2026-08-27 01:50:00,GOES-19,CODÓ,MARANHÃO,Brasil,2103307,21,33,,,,Cerrado,361.6
36a31efd-31cc-3424-ac93-44409d3b1aaa,  -5.999600, -57.824900,2026-08-27 01:50:00,GOES-19,JACAREACANGA,PARÁ,Brasil,1503754,15,33,,,,Amazônia,112.8
28b656d0-ce86-3772-bbbf-faeb934b81f2,  -5.999500, -57.844400,2026-08-27 01:50:00,GOES-19,JACAREACANGA,PARÁ,Brasil,1503754,15,33,,,,Amazônia,76.2
82bf8a6e-519e-39b8-85fd-ec6abd7f2551,  -6.639700, -53.173000,2026-08-27 01:50:00,GOES-19,SÃO FÉLIX DO XINGU,PARÁ,Brasil,1507300,15,33,,,,Amazônia,73.5
f4016734-bebe-3a18-8602-103245a505d1, -16.195500, -57.752400,2026-08-27 01:50:00,GOES-19,CÁCERES,MATO GROSSO,Brasil,5102504,51,33,,,,Pantanal,105.5
37698715-0fc6-37b9-9196-bfe7117549ca, -13.360400, -51.487200,2026-08-27 01:50:00,GOES-19,RIBEIRÃO CASCALHEIRA,MATO GROSSO,Brasil,5107180,51,33,,,,Cerrado,73.5
5f6f0a7c-207c-303c-9742-1c08c2814598, -15.383100, -53.891300,2026-08-27 01:50:00,GOES-19,POXORÉU,MATO GROSSO,Brasil,5107008,51,33,,,,Cerrado,89.8
5e119bba-f7cf-3485-b19f-85c5ef8e942e,  -4.550500, -44.089900,2026-08-27 01:50:00,GOES-19,CODÓ,MARANHÃO,Brasil,2103307,21,33,,,,Cerrado,212.9
d7b6c547-d16c-3c7e-8096-a636442a5984, -10.759800, -54.017900,2026-08-27 01:50:00,GOES-19,MARCELÂNDIA,MATO GROSSO,Brasil,5105580,51,33,,,,Amazônia,64.6
70e99f86-c8a9-3c20-92fa-5c85197dae6e,  -6.639600, -53.193400,2026-08-27 01:50:00,GOES-19,SÃO FÉLIX DO XINGU,PARÁ,Brasil,1507300,15,33,,,,Amazônia,121.5
0fdfcdc6-4153-304e-b24a-8f5c2d856120, -11.735400, -54.543100,2026-08-27 01:50:00,GOES-19,UNIÃO DO SUL,MATO GROSSO,Brasil,5108303,51,33,,,,Amazônia,47.6
73293263-84ed-336c-91ce-065982476f35, -10.372700, -45.053700,2026-08-27 01:50:00,GOES-19,CORRENTE,PIAUÍ,Brasil,2202901,22,33,,,,Cerrado,82.8
98721beb-061a-3998-ae42-1a4eff49b32e, -10.759600, -54.038400,2026-08-27 01:50:00,GOES-19,MARCELÂNDIA,MATO GROSSO,Brasil,5105580,51,33,,,,Amazônia,77.2
a9337c8e-f84d-382b-a050-c6a0215c0ea5, -11.735700, -54.522700,2026-08-27 01:50:00,GOES-19,UNIÃO DO SUL,MATO GROSSO,Brasil,5108303,51,33,,,,Amazônia,32.9
100b2387-f3c6-3bda-89f0-48b118e4404b, -10.372300, -45.076700,2026-08-27 01:50:00,GOES-19,CORRENTE,PIAUÍ,Brasil,2202901,22,33,,,,Cerrado,60.7
487c9705-5815-36ce-928b-3b89ee861e2f,  -4.569400, -44.065700,2026-08-27 01:50:00,GOES-19,CODÓ,MARANHÃO,Brasil,2103307,21,33,,,,Cerrado,239.3
1fb19a7f-64b3-3025-a565-e4d40bf966fa, -15.383400, -53.870300,2026-08-27 01:50:00,GOES-19,POXORÉU,MATO GROSSO,Brasil,5107008,51,33,,,,Cerrado,83.0
890ba616-b9d1-3594-af9a-470857cb4b55, -11.754400, -54.541400,2026-08-27 01:50:00,GOES-19,UNIÃO DO SUL,MATO GROSSO,Brasil,5108303,51,33,,,,Amazônia,35.6
cf92b1a1-b89d-305b-b772-f8e68ffd77ad,  -9.228200, -51.542800,2026-08-27 01:50:00,GOES-19,SÃO FÉLIX DO XINGU,PARÁ,Brasil,1507300,15,33,,,,Amazônia,81.3
085c7202-7f70-37ce-b731-19e499337c17, -10.759600, -54.038400,2026-08-27 02:00:00,GOES-19,MARCELÂNDIA,MATO GROSSO,Brasil,5105580,51,33,,,,Amazônia,74.3
1e4b34e1-4b95-3c6c-a52d-9572d4eeb109,  -9.228200, -51.542800,2026-08-27 02:00:00,GOES-19,SÃO FÉLIX DO XINGU,PARÁ,Brasil,1507300,15,33,,,,Amazônia,87.5
0b526f1e-7b8e-3da7-ab8e-72d861a2dbe6, -10.778700, -54.016300,2026-08-27 02:00:00,GOES-19,MARCELÂNDIA,MATO GROSSO,Brasil,5105580,51,33,,,,Amazônia,75.0
ceed9fe1-c7ca-3b3a-82d1-30b62d43d446,  -6.639700, -53.173000,2026-08-27 02:00:00,GOES-19,SÃO FÉLIX DO XINGU,PARÁ,Brasil,1507300,15,33,,,,Amazônia,59.9
0723ca68-13c3-323b-a2eb-f8e21578df60, -16.215000, -57.750300,2026-08-27 02:00:00,GOES-19,CÁCERES,MATO GROSSO,Brasil,5102504,51,33,,,,Pantanal,173.8
7ea96566-34b5-3179-8e50-5bb84d658288, -13.342200, -51.425600,2026-08-27 02:00:00,GOES-19,RIBEIRÃO CASCALHEIRA,MATO GROSSO,Brasil,5107180,51,33,,,,Cerrado,83.0
73edd229-672c-3fd3-919e-89896f7819b8, -16.195500, -57.752400,2026-08-27 02:00:00,GOES-19,CÁCERES,MATO GROSSO,Brasil,5102504,51,33,,,,Pantanal,155.5
79d9e9e5-4686-3689-b077-1b9f08929b76, -15.383400, -53.870300,2026-08-27 02:00:00,GOES-19,POXORÉU,MATO GROSSO,Brasil,5107008,51,33,,,,Cerrado,56.4
928d2718-bd1c-3643-b6f8-05b08e23a141, -11.735400, -54.543100,2026-08-27 02:00:00,GOES-19,UNIÃO DO SUL,MATO GROSSO,Brasil,5108303,51,33,,,,Amazônia,63.4
ee1c473a-59db-3080-b3d1-4fefeeba9474,  -4.550700, -44.066800,2026-08-27 02:00:00,GOES-19,CODÓ,MARANHÃO,Brasil,2103307,21,33,,,,Cerrado,136.2
2ea75520-b563-34fd-8d0b-12c69ed17202, -10.778900, -53.995800,2026-08-27 02:00:00,GOES-19,MARCELÂNDIA,MATO GROSSO,Brasil,5105580,51,33,,,,Amazônia,70.3
8b30c2c8-0d70-3e55-8df0-fd97f6e47fe9, -10.372700, -45.053700,2026-08-27 02:00:00,GOES-19,CORRENTE,PIAUÍ,Brasil,2202901,22,33,,,,Cerrado,68.6
e16df1e2-d0d6-3761-86c7-b6170eb3020b, -13.379900, -51.463400,2026-08-27 02:00:00,GOES-19,RIBEIRÃO CASCALHEIRA,MATO GROSSO,Brasil,5107180,51,33,,,,Cerrado,109.1
132f3c6d-d02f-387d-920d-313e2378fa4d, -15.383100, -53.891300,2026-08-27 02:00:00,GOES-19,POXORÉU,MATO GROSSO,Brasil,5107008,51,33,,,,Cerrado,87.5
b5a21c37-ffba-3575-8ad0-75b42606b63e,  -5.999600, -57.824900,2026-08-27 02:00:00,GOES-19,JACAREACANGA,PARÁ,Brasil,1503754,15,33,,,,Amazônia,109.6
25f4f41f-c56c-3168-b3d1-37997181a9fc,  -4.569400, -44.065700,2026-08-27 02:00:00,GOES-19,CODÓ,MARANHÃO,Brasil,2103307,21,33,,,,Cerrado,216.2
b9271046-b584-39d8-99f0-cb84387e4735, -16.195200, -57.772800,2026-08-27 02:00:00,GOES-19,CÁCERES,MATO GROSSO,Brasil,5102504,51,33,,,,Pantanal,59.4
1a4efdb7-d8e9-32cf-99a4-d135fd56ae27,  -6.639600, -53.193400,2026-08-27 02:00:00,GOES-19,SÃO FÉLIX DO XINGU,PARÁ,Brasil,1507300,15,33,,,,Amazônia,134.7
357e2038-156c-3a79-8a10-52a2ef4ca7c3, -10.759800, -54.017900,2026-08-27 02:00:00,GOES-19,MARCELÂNDIA,MATO GROSSO,Brasil,5105580,51,33,,,,Amazônia,62.7
24a24541-fc0e-3bbd-a59e-8475a251f57a,  -4.569200, -44.088700,2026-08-27 02:00:00,GOES-19,CODÓ,MARANHÃO,Brasil,2103307,21,33,,,,Cerrado,288.2
dc179d37-2063-3d37-a779-3bd6a1b5788b,  -5.999500, -57.844400,2026-08-27 02:00:00,GOES-19,JACAREACANGA,PARÁ,Brasil,1503754,15,33,,,,Amazônia,90.9
dc9d7f5c-74ca-3176-acf1-3802c708ca66, -13.361100, -51.444500,2026-08-27 02:00:00,GOES-19,RIBEIRÃO CASCALHEIRA,MATO GROSSO,Brasil,5107180,51,33,,,,Cerrado,71.8
abb7487b-7986-3dc7-8bf8-9212d63655f4,  -4.550500, -44.089900,2026-08-27 02:00:00,GOES-19,CODÓ,MARANHÃO,Brasil,2103307,21,33,,,,Cerrado,178.5
3f1541a6-9e2f-37da-8f0d-123b6c8ee72b, -16.214700, -57.770700,2026-08-27 02:00:00,GOES-19,CÁCERES,MATO GROSSO,Brasil,5102504,51,33,,,,Pantanal,66.3
10088b90-f3f3-3b97-83b8-870254af89b0,  -8.600940, -70.226110,2026-08-27 02:04:00,TERRA_M-M,FEIJÓ,ACRE,Brasil,1200302,12,33,,,,Amazônia,31.0
96bfae64-45a9-387b-85a0-4c824185d053,  -6.639700, -53.173000,2026-08-27 02:10:00,GOES-19,SÃO FÉLIX DO XINGU,PARÁ,Brasil,1507300,15,33,,,,Amazônia,68.8
78b54f4b-5c84-3617-a75b-afc93ddd4cac,  -5.999600, -57.824900,2026-08-27 02:10:00,GOES-19,JACAREACANGA,PARÁ,Brasil,1503754,15,33,,,,Amazônia,119.2
2cb73b43-c2ea-386a-8353-4fd21224b2da,  -6.639600, -53.193400,2026-08-27 02:10:00,GOES-19,SÃO FÉLIX DO XINGU,PARÁ,Brasil,1507300,15,33,,,,Amazônia,129.0
b1778687-00bc-34fe-b139-6840949f6c3f, -10.778900, -53.995800,2026-08-27 02:10:00,GOES-19,MARCELÂNDIA,MATO GROSSO,Brasil,5105580,51,33,,,,Amazônia,64.2
00bdb588-a735-3b72-a057-8b009f5b1801,  -4.569400, -44.065700,2026-08-27 02:10:00,GOES-19,CODÓ,MARANHÃO,Brasil,2103307,21,33,,,,Cerrado,130.4
ac57fb99-7b4e-370f-8650-cbace6dbf063, -16.195500, -57.752400,2026-08-27 02:10:00,GOES-19,CÁCERES,MATO GROSSO,Brasil,5102504,51,33,,,,Pantanal,164.6
5b89b916-1915-30dc-beae-841babc32ae7, -16.215000, -57.750300,2026-08-27 02:10:00,GOES-19,CÁCERES,MATO GROSSO,Brasil,5102504,51,33,,,,Pantanal,197.5
426d3c62-10e9-30fe-8985-61064fda6789,  -9.228200, -51.542800,2026-08-27 02:10:00,GOES-19,SÃO FÉLIX DO XINGU,PARÁ,Brasil,1507300,15,33,,,,Amazônia,78.9
6986516e-2cc0-36a4-a62b-2d31f9cbbf81,  -4.550700, -44.066800,2026-08-27 02:10:00,GOES-19,CODÓ,MARANHÃO,Brasil,2103307,21,33,,,,Cerrado,94.9
7c7aef5d-4eb1-36d0-8d9b-8bdb2ea21b66,  -4.550500, -44.089900,2026-08-27 02:10:00,GOES-19,CODÓ,MARANHÃO,Brasil,2103307,21,33,,,,Cerrado,144.8
34f6633e-76b8-3bb1-8cd3-bdc732d6f0c3, -16.214700, -57.770700,2026-08-27 02:10:00,GOES-19,CÁCERES,MATO GROSSO,Brasil,5102504,51,33,,,,Pantanal,67.1
f9de49dc-2e06-32fd-9930-0281a8e4360c,  -5.999500, -57.844400,2026-08-27 02:10:00,GOES-19,JACAREACANGA,PARÁ,Brasil,1503754,15,33,,,,Amazônia,78.6
8e76e714-2c5e-3b7a-a436-ccf0add99fdc,  -4.569200, -44.088700,2026-08-27 02:10:00,GOES-19,CODÓ,MARANHÃO,Brasil,2103307,21,33,,,,Cerrado,203.4
2fbed266-3ee2-3248-8dd1-fc581a963354, -10.759600, -54.038400,2026-08-27 02:10:00,GOES-19,MARCELÂNDIA,MATO GROSSO,Brasil,5105580,51,33,,,,Amazônia,72.0
eced0c41-a324-397e-b28c-c9b4602ea3d1, -10.759800, -54.017900,2026-08-27 02:10:00,GOES-19,MARCELÂNDIA,MATO GROSSO,Brasil,5105580,51,33,,,,Amazônia,64.9
1bf497b9-2186-3714-a284-f712684a7f20, -10.372700, -45.053700,2026-08-27 02:10:00,GOES-19,CORRENTE,PIAUÍ,Brasil,2202901,22,33,,,,Cerrado,70.1
a17aa805-bc34-3b10-98d2-3e49e053cf36, -11.735400, -54.543100,2026-08-27 02:10:00,GOES-19,UNIÃO DO SUL,MATO GROSSO,Brasil,5108303,51,33,,,,Amazônia,65.4
fccce5b7-d06b-3c1a-a575-b9f2a4c53d90, -14.583200, -52.010400,2026-08-27 02:10:00,GOES-19,NOVA NAZARÉ,MATO GROSSO,Brasil,5106174,51,33,,,,Cerrado,84.1
ed43c560-bc06-30ac-97e8-b55749bdabd1, -10.778700, -54.016300,2026-08-27 02:10:00,GOES-19,MARCELÂNDIA,MATO GROSSO,Brasil,5105580,51,33,,,,Amazônia,65.9
285f40b0-ac1d-3a8b-94ad-6238ed11a5d3, -16.195200, -57.772800,2026-08-27 02:10:00,GOES-19,CÁCERES,MATO GROSSO,Brasil,5102504,51,33,,,,Pantanal,50.4
9afdb366-7f72-3846-8f8b-4bc2b50863d3,  -4.540000, -44.080000,2026-08-27 02:15:00,MSG-03,CODÓ,MARANHÃO,Brasil,2103307,21,33,,,,Cerrado,
509944d0-63bb-3d28-9aa5-219617650dce,  -4.560000, -44.090000,2026-08-27 02:15:00,MSG-03,CODÓ,MARANHÃO,Brasil,2103307,21,33,,,,Cerrado,
ae98b285-94b9-391b-b3e9-83b076bdf36a,  -5.999600, -57.824900,2026-08-27 02:20:00,GOES-19,JACAREACANGA,PARÁ,Brasil,1503754,15,33,,,,Amazônia,89.0
27151d1b-7d3e-3d8f-b321-ba461b747645,  -6.639700, -53.173000,2026-08-27 02:20:00,GOES-19,SÃO FÉLIX DO XINGU,PARÁ,Brasil,1507300,15,33,,,,Amazônia,51.4
6083c5ed-d419-33c5-848d-98056211a574,  -4.550500, -44.089900,2026-08-27 02:20:00,GOES-19,CODÓ,MARANHÃO,Brasil,2103307,21,33,,,,Cerrado,91.6
544e66b5-3d9a-3dd8-b726-453d0e08447d, -10.759600, -54.038400,2026-08-27 02:20:00,GOES-19,MARCELÂNDIA,MATO GROSSO,Brasil,5105580,51,33,,,,Amazônia,70.6
3ee4e67d-7c0c-383f-93f6-10cf05cb69fb,  -5.999500, -57.844400,2026-08-27 02:20:00,GOES-19,JACAREACANGA,PARÁ,Brasil,1503754,15,33,,,,Amazônia,74.9
36d6eca7-dce5-3d6f-9b37-cdb17c073a3a,  -9.228200, -51.542800,2026-08-27 02:20:00,GOES-19,SÃO FÉLIX DO XINGU,PARÁ,Brasil,1507300,15,33,,,,Amazônia,66.8
aa49e8c4-1f8e-30cb-aa56-55a4d12e6d78, -10.760300, -53.976900,2026-08-27 02:20:00,GOES-19,MARCELÂNDIA,MATO GROSSO,Brasil,5105580,51,33,,,,Amazônia,60.2
8ca410ac-223b-345a-ad01-71310e50dc70, -10.759800, -54.017900,2026-08-27 02:20:00,GOES-19,MARCELÂNDIA,MATO GROSSO,Brasil,5105580,51,33,,,,Amazônia,62.4
da8aca28-7304-3eaf-958d-4fda4bbe64d0,  -4.569200, -44.088700,2026-08-27 02:20:00,GOES-19,CODÓ,MARANHÃO,Brasil,2103307,21,33,,,,Cerrado,168.0
99e1542f-ae61-3bc0-b53a-c529d6b0980b, -10.778700, -54.016300,2026-08-27 02:20:00,GOES-19,MARCELÂNDIA,MATO GROSSO,Brasil,5105580,51,33,,,,Amazônia,58.6
be202128-1ef4-30d6-bc29-5719d828abc7, -11.735400, -54.543100,2026-08-27 02:20:00,GOES-19,UNIÃO DO SUL,MATO GROSSO,Brasil,5108303,51,33,,,,Amazônia,69.1
779eb8a2-81ab-35b0-be50-15b6aa9abd81, -10.778900, -53.995800,2026-08-27 02:20:00,GOES-19,MARCELÂNDIA,MATO GROSSO,Brasil,5105580,51,33,,,,Amazônia,57.3
181aa0f4-a1f1-3571-b97f-37fe6ef786fc,  -4.550700, -44.066800,2026-08-27 02:20:00,GOES-19,CODÓ,MARANHÃO,Brasil,2103307,21,33,,,,Cerrado,70.4
50961e3d-45bc-36f9-9256-6548957905e7,  -6.639600, -53.193400,2026-08-27 02:20:00,GOES-19,SÃO FÉLIX DO XINGU,PARÁ,Brasil,1507300,15,33,,,,Amazônia,111.6
cab380de-d332-3613-af65-26e5e3b5dd11, -16.215000, -57.750300,2026-08-27 02:20:00,GOES-19,CÁCERES,MATO GROSSO,Brasil,5102504,51,33,,,,Pantanal,52.5
8ac462c6-c4fc-3ca6-b88d-8cc8dda08918,  -4.569400, -44.065700,2026-08-27 02:20:00,GOES-19,CODÓ,MARANHÃO,Brasil,2103307,21,33,,,,Cerrado,127.1
3788c5d1-e83b-3f2a-98e3-f8a2fa8a412f, -10.372700, -45.053700,2026-08-27 02:20:00,GOES-19,CORRENTE,PIAUÍ,Brasil,2202901,22,33,,,,Cerrado,83.3
183e0a7b-4be7-38d8-9f1e-639dcfea5034, -10.760000, -53.997400,2026-08-27 02:20:00,GOES-19,MARCELÂNDIA,MATO GROSSO,Brasil,5105580,51,33,,,,Amazônia,53.9
57186110-1e84-350c-bdf5-76ee8c40b31c,  -6.621000, -53.194500,2026-08-27 02:20:00,GOES-19,SÃO FÉLIX DO XINGU,PARÁ,Brasil,1507300,15,33,,,,Amazônia,49.4
9c42388e-53fe-34f8-b4ac-68c24499a7d4,  -4.569200, -44.088700,2026-08-27 02:30:00,GOES-19,CODÓ,MARANHÃO,Brasil,2103307,21,33,,,,Cerrado,119.9
1bb20475-6386-35be-aaf3-84178ee40bcd, -10.372700, -45.053700,2026-08-27 02:30:00,GOES-19,CORRENTE,PIAUÍ,Brasil,2202901,22,33,,,,Cerrado,63.8
409cdead-3c90-3f94-ab0a-9c6c814f1701,  -6.639700, -53.173000,2026-08-27 02:30:00,GOES-19,SÃO FÉLIX DO XINGU,PARÁ,Brasil,1507300,15,33,,,,Amazônia,62.2
106a8b68-3844-3524-ad64-42168a5bfbb7,  -5.999600, -57.824900,2026-08-27 02:30:00,GOES-19,JACAREACANGA,PARÁ,Brasil,1503754,15,33,,,,Amazônia,114.0
9c8e6847-76f0-3d50-b856-dfd4432b9466, -16.215000, -57.750300,2026-08-27 02:30:00,GOES-19,CÁCERES,MATO GROSSO,Brasil,5102504,51,33,,,,Pantanal,20.2
1e9ce2d1-2b43-30bc-bf36-315e43349362,  -5.999500, -57.844400,2026-08-27 02:30:00,GOES-19,JACAREACANGA,PARÁ,Brasil,1503754,15,33,,,,Amazônia,80.7
33179713-1042-3690-ba03-17ff34756e2a,  -4.550500, -44.089900,2026-08-27 02:30:00,GOES-19,CODÓ,MARANHÃO,Brasil,2103307,21,33,,,,Cerrado,56.4
bd7c158a-a078-35af-822e-2ae103e0f381, -11.735400, -54.543100,2026-08-27 02:30:00,GOES-19,UNIÃO DO SUL,MATO GROSSO,Brasil,5108303,51,33,,,,Amazônia,68.3
b0791d17-3f8d-344d-b94b-426277781aea,  -9.228200, -51.542800,2026-08-27 02:30:00,GOES-19,SÃO FÉLIX DO XINGU,PARÁ,Brasil,1507300,15,33,,,,Amazônia,69.1
1034b1e7-9f2f-3a5d-8be1-a85520d99c14,  -4.569400, -44.065700,2026-08-27 02:30:00,GOES-19,CODÓ,MARANHÃO,Brasil,2103307,21,33,,,,Cerrado,104.0
225d7a55-23bf-35d1-bf8c-2966f30c3949, -10.759800, -54.017900,2026-08-27 02:30:00,GOES-19,MARCELÂNDIA,MATO GROSSO,Brasil,5105580,51,33,,,,Amazônia,59.3
51900ef6-8709-3fc5-9028-d3bcf75f266d, -10.759600, -54.038400,2026-08-27 02:30:00,GOES-19,MARCELÂNDIA,MATO GROSSO,Brasil,5105580,51,33,,,,Amazônia,84.1
6ca84bc8-feca-3085-b538-2a570410124d,  -6.639600, -53.193400,2026-08-27 02:30:00,GOES-19,SÃO FÉLIX DO XINGU,PARÁ,Brasil,1507300,15,33,,,,Amazônia,101.7
d7ada301-32ae-3ef8-8383-2d4f396e8e2b,  -4.428100, -42.913400,2026-08-27 02:40:00,GOES-19,CAXIAS,MARANHÃO,Brasil,2103000,21,33,,,,Cerrado,76.0
cfbc6f91-3a90-319a-8e42-43f2289f403e,  -4.446800, -42.912300,2026-08-27 02:40:00,GOES-19,CAXIAS,MARANHÃO,Brasil,2103000,21,33,,,,Cerrado,63.8
ec2a9da3-d22d-32e8-bca9-20517440103c, -13.604000, -51.839500,2026-08-27 02:40:00,GOES-19,CANARANA,MATO GROSSO,Brasil,5102702,51,33,,,,Cerrado,119.8
13d4279c-4b01-372d-8bd7-7cea2826c8f1, -10.372700, -45.053700,2026-08-27 02:40:00,GOES-19,CORRENTE,PIAUÍ,Brasil,2202901,22,33,,,,Cerrado,63.7
a9220d58-8fa0-3b39-af77-619ca94487c1, -13.341200, -51.489600,2026-08-27 02:40:00,GOES-19,RIBEIRÃO CASCALHEIRA,MATO GROSSO,Brasil,5107180,51,33,,,,Cerrado,65.1
69a17b77-71c2-368e-9055-20868a0f1ce9, -10.759600, -54.038400,2026-08-27 02:40:00,GOES-19,MARCELÂNDIA,MATO GROSSO,Brasil,5105580,51,33,,,,Amazônia,75.3
ece7fcb3-0e51-357e-80cd-6b1083061782,  -6.639600, -53.193400,2026-08-27 02:40:00,GOES-19,SÃO FÉLIX DO XINGU,PARÁ,Brasil,1507300,15,33,,,,Amazônia,88.5
287bd4d2-aafd-3c0c-a176-0c034ae18333, -13.398800, -51.482400,2026-08-27 02:40:00,GOES-19,RIBEIRÃO CASCALHEIRA,MATO GROSSO,Brasil,5107180,51,33,,,,Cerrado,63.6
1d382c32-a1b1-3790-873a-5143d5fb64ea, -10.759800, -54.017900,2026-08-27 02:40:00,GOES-19,MARCELÂNDIA,MATO GROSSO,Brasil,5105580,51,33,,,,Amazônia,59.7
373f4650-6737-3a02-9bab-141afe8cdd9e, -13.623600, -51.815800,2026-08-27 02:40:00,GOES-19,CANARANA,MATO GROSSO,Brasil,5102702,51,33,,,,Cerrado,93.6
a3565854-24e3-3354-ab8b-fb3befd82227, -13.379900, -51.463400,2026-08-27 02:40:00,GOES-19,RIBEIRÃO CASCALHEIRA,MATO GROSSO,Brasil,5107180,51,33,,,,Cerrado,116.1
64852919-da04-306c-abe8-5ef160dd661f, -13.604400, -51.818200,2026-08-27 02:40:00,GOES-19,CANARANA,MATO GROSSO,Brasil,5102702,51,33,,,,Cerrado,115.8
20dffd7f-8dd5-3f4a-8dea-a5856d578a61,  -4.569200, -44.088700,2026-08-27 02:40:00,GOES-19,CODÓ,MARANHÃO,Brasil,2103307,21,33,,,,Cerrado,106.7
8b64ff78-51f9-3fe4-be5e-a359d715c761, -13.360400, -51.487200,2026-08-27 02:40:00,GOES-19,RIBEIRÃO CASCALHEIRA,MATO GROSSO,Brasil,5107180,51,33,,,,Cerrado,91.5
68964ede-6be8-343a-94c9-8d7fc7c994d0,  -5.999600, -57.824900,2026-08-27 02:40:00,GOES-19,JACAREACANGA,PARÁ,Brasil,1503754,15,33,,,,Amazônia,85.3
e87eb211-0a9a-35d5-8717-695591ae29e6, -13.379600, -51.484800,2026-08-27 02:40:00,GOES-19,RIBEIRÃO CASCALHEIRA,MATO GROSSO,Brasil,5107180,51,33,,,,Cerrado,118.5
b11a7fec-4298-3659-b1c9-061ebc9220e1,  -9.228200, -51.542800,2026-08-27 02:40:00,GOES-19,SÃO FÉLIX DO XINGU,PARÁ,Brasil,1507300,15,33,,,,Amazônia,64.2
9671a011-e1d0-348f-a475-0ab49235191a, -13.623300, -51.837100,2026-08-27 02:40:00,GOES-19,CANARANA,MATO GROSSO,Brasil,5102702,51,33,,,,Cerrado,101.3
70a8f340-abe7-39bd-88fd-99f80ce1b522, -13.399100, -51.461000,2026-08-27 02:40:00,GOES-19,RIBEIRÃO CASCALHEIRA,MATO GROSSO,Brasil,5107180,51,33,,,,Cerrado,73.7
13cedaf5-97f7-382d-88bc-9073ba03732c,  -4.569400, -44.065700,2026-08-27 02:40:00,GOES-19,CODÓ,MARANHÃO,Brasil,2103307,21,33,,,,Cerrado,92.5
9a26b6be-0cdb-34ca-b943-e23c31ade54b,  -5.999500, -57.844400,2026-08-27 02:40:00,GOES-19,JACAREACANGA,PARÁ,Brasil,1503754,15,33,,,,Amazônia,68.9
95ae481c-416e-3e62-a33f-05d1409eaf7c, -11.735400, -54.543100,2026-08-27 02:40:00,GOES-19,UNIÃO DO SUL,MATO GROSSO,Brasil,5108303,51,33,,,,Amazônia,56.9
b8e4434c-6f50-3415-b52c-cf37a479c70d,  -9.228200, -51.542800,2026-08-27 02:50:00,GOES-19,SÃO FÉLIX DO XINGU,PARÁ,Brasil,1507300,15,33,,,,Amazônia,66.1
ad07ff61-8fa4-37b5-a87e-ebc3da33a08e, -13.604000, -51.839500,2026-08-27 02:50:00,GOES-19,CANARANA,MATO GROSSO,Brasil,5102702,51,33,,,,Cerrado,80.6
9c9e3299-911c-3f40-8e19-c583eff40861,  -6.639600, -53.193400,2026-08-27 02:50:00,GOES-19,SÃO FÉLIX DO XINGU,PARÁ,Brasil,1507300,15,33,,,,Amazônia,97.8
e0f38b95-a5ab-3690-806e-c1fc0c413e6b, -13.604400, -51.818200,2026-08-27 02:50:00,GOES-19,CANARANA,MATO GROSSO,Brasil,5102702,51,33,,,,Cerrado,97.3
d569b2e9-0f32-380a-b89e-a107fb32c334, -13.360700, -51.465900,2026-08-27 02:50:00,GOES-19,RIBEIRÃO CASCALHEIRA,MATO GROSSO,Brasil,5107180,51,33,,,,Cerrado,61.4
3953c4c6-f0ca-36db-8547-b7800f22588f,  -5.999500, -57.844400,2026-08-27 02:50:00,GOES-19,JACAREACANGA,PARÁ,Brasil,1503754,15,33,,,,Amazônia,81.9
c89fb56b-6650-37b6-bb82-1163ba2b90c6,  -5.999600, -57.824900,2026-08-27 02:50:00,GOES-19,JACAREACANGA,PARÁ,Brasil,1503754,15,33,,,,Amazônia,108.2
bc396580-b80f-390e-9a63-f9c991f72a2f,  -4.569400, -44.065700,2026-08-27 02:50:00,GOES-19,CODÓ,MARANHÃO,Brasil,2103307,21,33,,,,Cerrado,62.8
491efcbc-0227-3828-a9ee-4aeb3c8acaef, -13.379600, -51.484800,2026-08-27 02:50:00,GOES-19,RIBEIRÃO CASCALHEIRA,MATO GROSSO,Brasil,5107180,51,33,,,,Cerrado,85.7
74552fe8-6f3b-3f7b-a62e-0286ee7cc0ff, -13.360400, -51.487200,2026-08-27 02:50:00,GOES-19,RIBEIRÃO CASCALHEIRA,MATO GROSSO,Brasil,5107180,51,33,,,,Cerrado,77.8
6501d554-c40b-3eb5-b899-4adf0f5a2a72,  -6.639700, -53.173000,2026-08-27 02:50:00,GOES-19,SÃO FÉLIX DO XINGU,PARÁ,Brasil,1507300,15,33,,,,Amazônia,55.9
5b952b97-3864-3c21-b6bf-0d522c021377, -10.759800, -54.017900,2026-08-27 02:50:00,GOES-19,MARCELÂNDIA,MATO GROSSO,Brasil,5105580,51,33,,,,Amazônia,57.3
defdc03f-c82c-3470-a956-566c0cf494b3, -13.380300, -51.442100,2026-08-27 02:50:00,GOES-19,RIBEIRÃO CASCALHEIRA,MATO GROSSO,Brasil,5107180,51,33,,,,Cerrado,81.0
ef904504-6a41-369f-8c68-c2c8e7579a5d, -13.623600, -51.815800,2026-08-27 02:50:00,GOES-19,CANARANA,MATO GROSSO,Brasil,5102702,51,33,,,,Cerrado,174.3
7b77da00-1064-322f-b84a-14896669bf1a, -13.399100, -51.461000,2026-08-27 02:50:00,GOES-19,RIBEIRÃO CASCALHEIRA,MATO GROSSO,Brasil,5107180,51,33,,,,Cerrado,63.6
5a72fc53-d854-3a96-ac7c-603f2e01052a, -13.623300, -51.837100,2026-08-27 02:50:00,GOES-19,CANARANA,MATO GROSSO,Brasil,5102702,51,33,,,,Cerrado,145.1
7836f81f-178e-3377-a2d2-d85d3b928e06, -13.379900, -51.463400,2026-08-27 02:50:00,GOES-19,RIBEIRÃO CASCALHEIRA,MATO GROSSO,Brasil,5107180,51,33,,,,Cerrado,127.3
3bc71f14-101a-3a31-9918-5f8248ecd36e, -13.342200, -51.425600,2026-08-27 02:50:00,GOES-19,RIBEIRÃO CASCALHEIRA,MATO GROSSO,Brasil,5107180,51,33,,,,Cerrado,74.6
17b71c04-e842-332c-8edf-23e6dff9c980,  -4.569200, -44.088700,2026-08-27 02:50:00,GOES-19,CODÓ,MARANHÃO,Brasil,2103307,21,33,,,,Cerrado,81.5
54387c6c-c33c-33c3-8b51-2c6dde054d65, -10.759600, -54.038400,2026-08-27 02:50:00,GOES-19,MARCELÂNDIA,MATO GROSSO,Brasil,5105580,51,33,,,,Amazônia,70.3
eef43813-605a-33a9-bfe6-4023588c0f15,  -6.295490, -35.205440,2026-08-27 02:51:00,NOAA-21,GOIANINHA,RIO GRANDE DO NORTE,Brasil,2404200,24,33,,,,Mata Atlântica,3.0
b791fcc7-fefd-331a-967e-ff212333bdef,  -6.293570, -35.203980,2026-08-27 02:51:00,NOAA-21,GOIANINHA,RIO GRANDE DO NORTE,Brasil,2404200,24,33,,,,Mata Atlântica,6.9
2e0452cf-b3c7-3554-b595-a33c55bda208,  -6.288860, -35.204420,2026-08-27 02:51:00,NOAA-21,GOIANINHA,RIO GRANDE DO NORTE,Brasil,2404200,24,33,,,,Mata Atlântica,4.6
2cffc89d-7dba-3c42-a59e-2cb7e811c8fe, -10.759800, -54.017900,2026-08-27 03:00:00,GOES-19,MARCELÂNDIA,MATO GROSSO,Brasil,5105580,51,33,,,,Amazônia,28.8
607589fc-6a15-30e1-bdd1-910f00e3d63f, -10.778900, -53.995800,2026-08-27 03:00:00,GOES-19,MARCELÂNDIA,MATO GROSSO,Brasil,5105580,51,33,,,,Amazônia,21.3
7dd29159-b513-39b1-a4a8-855416a06533, -13.623300, -51.837100,2026-08-27 03:00:00,GOES-19,CANARANA,MATO GROSSO,Brasil,5102702,51,33,,,,Cerrado,122.0
80434207-c43d-3579-90cc-60c4009726d3,  -5.999500, -57.844400,2026-08-27 03:00:00,GOES-19,JACAREACANGA,PARÁ,Brasil,1503754,15,33,,,,Amazônia,58.5
cdfffa7e-6f9e-3a80-bae9-3a3b71b5b4ca,  -5.999600, -57.824900,2026-08-27 03:00:00,GOES-19,JACAREACANGA,PARÁ,Brasil,1503754,15,33,,,,Amazônia,91.2
9cd57281-8a51-3b17-b2a2-75f7c16d1da0, -10.759600, -54.038400,2026-08-27 03:00:00,GOES-19,MARCELÂNDIA,MATO GROSSO,Brasil,5105580,51,33,,,,Amazônia,36.6
c66cfd17-eee3-3e5f-b172-7b91220bc693,  -4.569200, -44.088700,2026-08-27 03:00:00,GOES-19,CODÓ,MARANHÃO,Brasil,2103307,21,33,,,,Cerrado,83.8
7fb4b079-8190-3cb3-895f-62b79a6f5b42, -10.760300, -53.976900,2026-08-27 03:00:00,GOES-19,MARCELÂNDIA,MATO GROSSO,Brasil,5105580,51,33,,,,Amazônia,29.2
66a5211f-fdad-3cc1-8fd1-24ac4204a4d2, -10.372700, -45.053700,2026-08-27 03:00:00,GOES-19,CORRENTE,PIAUÍ,Brasil,2202901,22,33,,,,Cerrado,61.8
2ce91a9f-8498-37e3-9429-bad6940d6cf4, -13.604000, -51.839500,2026-08-27 03:00:00,GOES-19,CANARANA,MATO GROSSO,Brasil,5102702,51,33,,,,Cerrado,75.8
893cd237-0b82-397e-995c-d06f4f4cd48c, -13.623600, -51.815800,2026-08-27 03:00:00,GOES-19,CANARANA,MATO GROSSO,Brasil,5102702,51,33,,,,Cerrado,134.2
4d16393c-c5d0-3705-a638-0980412fcd5d, -13.604400, -51.818200,2026-08-27 03:00:00,GOES-19,CANARANA,MATO GROSSO,Brasil,5102702,51,33,,,,Cerrado,83.4
021504d4-98f6-3495-b8d8-c36be42e1445,  -6.639600, -53.193400,2026-08-27 03:00:00,GOES-19,SÃO FÉLIX DO XINGU,PARÁ,Brasil,1507300,15,33,,,,Amazônia,69.4
722fb9e6-c3d6-359e-95d3-9ae81a58a865, -10.760000, -53.997400,2026-08-27 03:00:00,GOES-19,MARCELÂNDIA,MATO GROSSO,Brasil,5105580,51,33,,,,Amazônia,24.4
0104c105-3071-3172-b540-824339dd529f,  -4.569400, -44.065700,2026-08-27 03:00:00,GOES-19,CODÓ,MARANHÃO,Brasil,2103307,21,33,,,,Cerrado,51.5
23ad8ca3-e11e-38d1-aaef-810cfa43f300,  -9.228200, -51.542800,2026-08-27 03:10:00,GOES-19,SÃO FÉLIX DO XINGU,PARÁ,Brasil,1507300,15,33,,,,Amazônia,67.4
02a1b847-dde4-3394-ba01-df795e5f6bb6, -13.623600, -51.815800,2026-08-27 03:10:00,GOES-19,CANARANA,MATO GROSSO,Brasil,5102702,51,33,,,,Cerrado,62.0
8a0631ad-6994-3d35-a3d8-b8eaf23fa7bc,  -5.999600, -57.824900,2026-08-27 03:10:00,GOES-19,JACAREACANGA,PARÁ,Brasil,1503754,15,33,,,,Amazônia,100.6
22c4b089-6bc2-3158-ae83-ddfc0e109898,  -4.569200, -44.088700,2026-08-27 03:10:00,GOES-19,CODÓ,MARANHÃO,Brasil,2103307,21,33,,,,Cerrado,63.8
7f476cde-1c96-3444-8af5-747409c0437c,  -5.999500, -57.844400,2026-08-27 03:10:00,GOES-19,JACAREACANGA,PARÁ,Brasil,1503754,15,33,,,,Amazônia,60.8
988e7b0a-5e81-316b-aef8-1c772e5522fc, -10.778900, -53.995800,2026-08-27 03:10:00,GOES-19,MARCELÂNDIA,MATO GROSSO,Brasil,5105580,51,33,,,,Amazônia,21.5
5a8d920d-8bed-3a00-98d2-8cf1ee3be9a2,  -6.639600, -53.193400,2026-08-27 03:10:00,GOES-19,SÃO FÉLIX DO XINGU,PARÁ,Brasil,1507300,15,33,,,,Amazônia,58.3
4f625a11-4e4a-3cf2-b658-bbea65f6d7e3, -10.759600, -54.038400,2026-08-27 03:10:00,GOES-19,MARCELÂNDIA,MATO GROSSO,Brasil,5105580,51,33,,,,Amazônia,26.2
ad3b0cb2-2990-337e-86f8-ea98c25f9327, -11.735400, -54.543100,2026-08-27 03:10:00,GOES-19,UNIÃO DO SUL,MATO GROSSO,Brasil,5108303,51,33,,,,Amazônia,52.2
ce26db15-86bd-3eb2-9744-9aacc414d6cd, -12.208300, -50.603000,2026-08-27 03:10:00,GOES-19,FORMOSO DO ARAGUAIA,TOCANTINS,Brasil,1708205,17,33,,,,Cerrado,79.4
1d0766ce-4f40-31c9-ab12-07dde5e10044, -10.760000, -53.997400,2026-08-27 03:10:00,GOES-19,MARCELÂNDIA,MATO GROSSO,Brasil,5105580,51,33,,,,Amazônia,22.6
c46a23d0-317a-3a89-8193-6db3d680422e, -10.760300, -53.976900,2026-08-27 03:10:00,GOES-19,MARCELÂNDIA,MATO GROSSO,Brasil,5105580,51,33,,,,Amazônia,30.1
b96298a9-dfc1-3872-96ec-47ecffce7442,  -5.999600, -57.824900,2026-08-27 03:20:00,GOES-19,JACAREACANGA,PARÁ,Brasil,1503754,15,33,,,,Amazônia,79.7
2ae81972-d981-3f47-bc10-6e1902e92815,  -4.569400, -44.065700,2026-08-27 03:20:00,GOES-19,CODÓ,MARANHÃO,Brasil,2103307,21,33,,,,Cerrado,50.6
d643b5c8-6527-371d-892d-2e69f27eafa8,  -2.816900, -48.622400,2026-08-27 03:20:00,GOES-19,TAILÂNDIA,PARÁ,Brasil,1507953,15,33,,,,Amazônia,45.8
d715a896-5134-32b3-a053-08cdb78848df,  -9.228200, -51.542800,2026-08-27 03:20:00,GOES-19,SÃO FÉLIX DO XINGU,PARÁ,Brasil,1507300,15,33,,,,Amazônia,70.5
813c2a70-4b82-3fcc-a4d9-7d6f62a8f086, -10.760300, -53.976900,2026-08-27 03:20:00,GOES-19,MARCELÂNDIA,MATO GROSSO,Brasil,5105580,51,33,,,,Amazônia,27.7
47ae93df-8818-3cb5-a5a2-cb2f243606ae,  -4.569200, -44.088700,2026-08-27 03:20:00,GOES-19,CODÓ,MARANHÃO,Brasil,2103307,21,33,,,,Cerrado,55.0
2dfdc70f-d049-3cca-8313-d3900e64dc03, -10.759800, -54.017900,2026-08-27 03:20:00,GOES-19,MARCELÂNDIA,MATO GROSSO,Brasil,5105580,51,33,,,,Amazônia,41.1
517f1483-b9cd-3de6-93c9-cead8595f893,  -5.919800, -43.626400,2026-08-27 03:20:00,GOES-19,LAGOA DO MATO,MARANHÃO,Brasil,2105922,21,33,,,,Cerrado,50.6
87f5ee6b-39f6-3951-9f0a-2ab058f26f88, -10.759600, -54.038400,2026-08-27 03:20:00,GOES-19,MARCELÂNDIA,MATO GROSSO,Brasil,5105580,51,33,,,,Amazônia,45.8
7e607f75-fddc-3825-b437-6d0efbba60dc, -10.760000, -53.997400,2026-08-27 03:20:00,GOES-19,MARCELÂNDIA,MATO GROSSO,Brasil,5105580,51,33,,,,Amazônia,32.3
0597a434-a35d-39ec-bd13-20b341366bb3,  -5.999500, -57.844400,2026-08-27 03:20:00,GOES-19,JACAREACANGA,PARÁ,Brasil,1503754,15,33,,,,Amazônia,61.4
7f91448f-c3a6-3ed8-9867-82a52aad271e,  -7.102750, -42.821820,2026-08-27 03:28:00,NPP-375D,NAZARÉ DO PIAUÍ,PIAUÍ,Brasil,2206704,22,33,,,,Caatinga,1.8
82ba7f52-58a2-3660-87e0-621080909a86,  -6.928680, -41.636600,2026-08-27 03:28:00,NPP-375D,DOM EXPEDITO LOPES,PIAUÍ,Brasil,2203404,22,33,,,,Caatinga,2.7
5cc9c9f7-177d-3a1c-8d97-355870387a5a,  -5.753940, -42.641250,2026-08-27 03:28:00,NPP-375D,AGRICOLÂNDIA,PIAUÍ,Brasil,2200103,22,33,,,,Caatinga,1.3
7be023e9-63a8-3be5-b30d-643a283e2e8d,  -7.090010, -42.812150,2026-08-27 03:28:00,NPP-375D,NAZARÉ DO PIAUÍ,PIAUÍ,Brasil,2206704,22,33,,,,Caatinga,3.4
63944b6a-4da6-3408-a459-f88a51061965,  -7.091740, -42.819550,2026-08-27 03:28:00,NPP-375D,NAZARÉ DO PIAUÍ,PIAUÍ,Brasil,2206704,22,33,,,,Caatinga,10.1
15fa604d-1f4d-36c2-b10b-22547b69ed2f,  -7.093050, -42.812630,2026-08-27 03:28:00,NPP-375D,NAZARÉ DO PIAUÍ,PIAUÍ,Brasil,2206704,22,33,,,,Caatinga,4.0
2fe1c291-403c-3f13-90c3-daa86a163b21,  -2.906910, -40.389490,2026-08-27 03:28:00,NPP-375D,CRUZ,CEARÁ,Brasil,2304251,23,33,,,,Caatinga,1.8
f1e6277a-b4a4-3d21-850e-10e4ea22ce86,  -6.927640, -41.628320,2026-08-27 03:28:00,NPP-375D,DOM EXPEDITO LOPES,PIAUÍ,Brasil,2203404,22,33,,,,Caatinga,1.4
8719fcdd-c74a-3472-b442-ff6408a39dc2,  -7.098770, -42.821020,2026-08-27 03:28:00,NPP-375D,NAZARÉ DO PIAUÍ,PIAUÍ,Brasil,2206704,22,33,,,,Caatinga,4.0
45185a42-5362-3033-87c0-d4423afd7cd9,  -5.750140, -42.635330,2026-08-27 03:28:00,NPP-375D,MIGUEL LEÃO,PIAUÍ,Brasil,2206308,22,33,,,,Caatinga,9.8
03f99580-1fdd-3ac1-ac3a-8c5e6b43be31,  -5.746810, -42.639900,2026-08-27 03:28:00,NPP-375D,MIGUEL LEÃO,PIAUÍ,Brasil,2206308,22,33,,,,Caatinga,7.9
58e3bcd9-6096-3185-a756-ba31ef51887f,  -5.248770, -35.816140,2026-08-27 03:28:00,NPP-375D,TOUROS,RIO GRANDE DO NORTE,Brasil,2414407,24,33,,,,Caatinga,1.6
56342aef-aab0-3be2-b718-e3db669bd63f,  -7.095720, -42.820380,2026-08-27 03:28:00,NPP-375D,NAZARÉ DO PIAUÍ,PIAUÍ,Brasil,2206704,22,33,,,,Caatinga,3.4
15795e5c-5e0d-309b-8726-c35c9ef73853,  -5.247030, -35.814490,2026-08-27 03:28:00,NPP-375D,SÃO MIGUEL DO GOSTOSO,RIO GRANDE DO NORTE,Brasil,2412559,24,33,,,,Caatinga,2.2
b52ecdea-1361-35c6-8673-867985b3e982,  -7.088670, -42.818990,2026-08-27 03:28:00,NPP-375D,NAZARÉ DO PIAUÍ,PIAUÍ,Brasil,2206704,22,33,,,,Caatinga,3.4
77156df7-7cc4-361b-a1b3-b3fd03a59f67,  -5.748880, -42.641920,2026-08-27 03:28:00,NPP-375D,AGRICOLÂNDIA,PIAUÍ,Brasil,2200103,22,33,,,,Caatinga,15.5
cd44e946-58db-37e3-a238-3e03107e429d,  -6.926540, -41.634110,2026-08-27 03:28:00,NPP-375D,DOM EXPEDITO LOPES,PIAUÍ,Brasil,2203404,22,33,,,,Caatinga,2.6
e417ab29-5423-3af6-8c98-3295b200fcfe,  -7.319510, -42.988530,2026-08-27 03:28:00,NPP-375D,FLORIANO,PIAUÍ,Brasil,2203909,22,33,,,,Caatinga,4.1
869850f5-6436-3e8d-9abe-1f94db812b8f,  -7.097090, -42.813350,2026-08-27 03:28:00,NPP-375D,NAZARÉ DO PIAUÍ,PIAUÍ,Brasil,2206704,22,33,,,,Caatinga,3.4
3207b800-d51f-39a5-842d-e889480d6d01,  -5.747950, -42.633690,2026-08-27 03:28:00,NPP-375D,MIGUEL LEÃO,PIAUÍ,Brasil,2206308,22,33,,,,Caatinga,7.9
9266e32b-12a1-33ac-afa9-778547a26e7d,  -7.098450, -42.806420,2026-08-27 03:28:00,NPP-375D,NAZARÉ DO PIAUÍ,PIAUÍ,Brasil,2206704,22,33,,,,Caatinga,3.6
b8f1c3f2-7ba3-3cbd-a7e2-26a8acee702b,  -2.905960, -40.395020,2026-08-27 03:28:00,NPP-375D,CRUZ,CEARÁ,Brasil,2304251,23,33,,,,Caatinga,2.8
a60c37e8-3b62-346e-83ae-030ea4dbcc28,  -7.320920, -42.981220,2026-08-27 03:28:00,NPP-375D,FLORIANO,PIAUÍ,Brasil,2203909,22,33,,,,Caatinga,4.0
07f37fc1-9f6e-33b4-b08e-e59921a7b03f,  -7.109820, -42.823060,2026-08-27 03:28:00,NPP-375D,NAZARÉ DO PIAUÍ,PIAUÍ,Brasil,2206704,22,33,,,,Caatinga,1.8
52851e4a-430e-3e36-b4d1-0426cfad3dd2,  -6.929740, -41.630790,2026-08-27 03:28:00,NPP-375D,DOM EXPEDITO LOPES,PIAUÍ,Brasil,2203404,22,33,,,,Caatinga,2.0
f07b3dd9-b235-3e3e-8a99-ec008f9b9de4,  -7.094360, -42.805670,2026-08-27 03:28:00,NPP-375D,NAZARÉ DO PIAUÍ,PIAUÍ,Brasil,2206704,22,33,,,,Caatinga,4.0
1431e7a7-dc3a-3978-a7a4-8c7f3faf4664,  -5.999600, -57.824900,2026-08-27 03:30:00,GOES-19,JACAREACANGA,PARÁ,Brasil,1503754,15,33,,,,Amazônia,83.3
846dae4b-8669-3ac2-b209-9a82652693a9,  -5.999500, -57.844400,2026-08-27 03:30:00,GOES-19,JACAREACANGA,PARÁ,Brasil,1503754,15,33,,,,Amazônia,67.9
7b35ea07-f6e8-3244-8b1b-0bcbd8f9ceb2,  -5.919800, -43.626400,2026-08-27 03:30:00,GOES-19,LAGOA DO MATO,MARANHÃO,Brasil,2105922,21,33,,,,Cerrado,59.2
90c07a7c-c82b-378a-b7de-fd80003d90cd, -10.759600, -54.038400,2026-08-27 03:30:00,GOES-19,MARCELÂNDIA,MATO GROSSO,Brasil,5105580,51,33,,,,Amazônia,54.0
77284892-3207-3c82-9b7a-b5412e098d7f,  -9.228200, -51.542800,2026-08-27 03:30:00,GOES-19,SÃO FÉLIX DO XINGU,PARÁ,Brasil,1507300,15,33,,,,Amazônia,55.2
4e482c1f-2984-3532-9c6e-65d6f4724b24,  -9.952700, -37.465560,2026-08-27 03:30:00,NPP-375D,PORTO DA FOLHA,SERGIPE,Brasil,2805604,28,33,,,,Caatinga,0.9
ccb26c26-f06d-32cf-9072-f68739c9f678, -14.912190, -43.410980,2026-08-27 03:32:00,NPP-375D,GAMELEIRAS,MINAS GERAIS,Brasil,3127339,31,33,,,,Caatinga,1.5
4b2be5e2-f143-388d-9ba6-5ea43c390685, -14.919800, -41.305680,2026-08-27 03:32:00,NPP-375D,TREMEDAL,BAHIA,Brasil,2931806,29,33,,,,Caatinga,1.9
0ff2faba-38a7-34de-802e-b427e091d5bf, -14.923850, -41.303750,2026-08-27 03:32:00,NPP-375D,TREMEDAL,BAHIA,Brasil,2931806,29,33,,,,Mata Atlântica,2.0
b4affe92-129c-3856-b54e-d58ba6428be6, -14.274530, -42.711110,2026-08-27 03:32:00,NPP-375D,GUANAMBI,BAHIA,Brasil,2911709,29,33,,,,Caatinga,8.2
4b6270f6-38c8-3a57-b913-2f264caa15ee, -14.278190, -42.710000,2026-08-27 03:32:00,NPP-375D,GUANAMBI,BAHIA,Brasil,2911709,29,33,,,,Caatinga,4.6
f284213d-5689-31e5-80e1-4f88e795583a, -17.793010, -39.704690,2026-08-27 03:32:00,NPP-375D,NOVA VIÇOSA,BAHIA,Brasil,2923001,29,33,,,,Mata Atlântica,2.3
d4f62c65-5da4-358a-8ad2-79074e11dced, -14.272030, -42.708390,2026-08-27 03:32:00,NPP-375D,GUANAMBI,BAHIA,Brasil,2911709,29,33,,,,Caatinga,4.6
cf48a087-4b98-3056-a100-8a9d84d2ff28, -14.912470, -43.412570,2026-08-27 03:32:00,NPP-375D,GAMELEIRAS,MINAS GERAIS,Brasil,3127339,31,33,,,,Caatinga,2.0
a1b12a3f-20dc-3a33-822f-1223a592b04c, -14.906080, -43.411130,2026-08-27 03:32:00,NPP-375D,GAMELEIRAS,MINAS GERAIS,Brasil,3127339,31,33,,,,Caatinga,1.9
44d38c47-044b-37e8-ae76-577f662cfb32, -14.923030, -41.307810,2026-08-27 03:32:00,NPP-375D,TREMEDAL,BAHIA,Brasil,2931806,29,33,,,,Mata Atlântica,3.2
e892af6f-e8d1-3750-b950-829389d30452, -14.926270, -41.302950,2026-08-27 03:32:00,NPP-375D,TREMEDAL,BAHIA,Brasil,2931806,29,33,,,,Mata Atlântica,1.7
85aea39c-e791-3c14-aa10-b09f58bdd17f, -14.925430, -41.306970,2026-08-27 03:32:00,NPP-375D,TREMEDAL,BAHIA,Brasil,2931806,29,33,,,,Mata Atlântica,1.9
b2097290-2d8e-33ec-ab24-2506cf02dbcf, -14.276840, -42.700100,2026-08-27 03:32:00,NPP-375D,GUANAMBI,BAHIA,Brasil,2911709,29,33,,,,Caatinga,3.4
404d94b5-6f51-39e4-acd7-0bf607aae3d2, -14.275610, -42.705950,2026-08-27 03:32:00,NPP-375D,GUANAMBI,BAHIA,Brasil,2911709,29,33,,,,Caatinga,3.4
9a5c6dc3-4a49-3fb7-b286-d672b757dff1, -14.273170, -42.703150,2026-08-27 03:32:00,NPP-375D,GUANAMBI,BAHIA,Brasil,2911709,29,33,,,,Caatinga,5.0
8a3fe3ad-1f92-3e40-92f6-811f0461b0d2, -14.911030, -43.416440,2026-08-27 03:32:00,NPP-375D,GAMELEIRAS,MINAS GERAIS,Brasil,3127339,31,33,,,,Caatinga,1.9
aaf1af27-c505-3227-8969-490f3450c2ba, -29.138070, -50.380560,2026-08-27 03:36:00,NPP-375D,SÃO FRANCISCO DE PAULA,RIO GRANDE DO SUL,Brasil,4318200,43,33,,,,Mata Atlântica,3.8
3b76b96e-bc00-385a-9263-9ba1ed9002e2,  -4.569200, -44.088700,2026-08-27 03:40:00,GOES-19,CODÓ,MARANHÃO,Brasil,2103307,21,33,,,,Cerrado,60.5
787489d5-cc78-322f-a064-e054b5f6d997,  -5.919800, -43.626400,2026-08-27 03:40:00,GOES-19,LAGOA DO MATO,MARANHÃO,Brasil,2105922,21,33,,,,Cerrado,51.0
b223b8ca-5e44-322e-a3a9-2d59312ae2b7,  -9.228200, -51.542800,2026-08-27 03:40:00,GOES-19,SÃO FÉLIX DO XINGU,PARÁ,Brasil,1507300,15,33,,,,Amazônia,57.2
6bb269f1-eb05-3e78-b65c-f1730b176052, -10.759600, -54.038400,2026-08-27 03:40:00,GOES-19,MARCELÂNDIA,MATO GROSSO,Brasil,5105580,51,33,,,,Amazônia,50.6
01696208-f938-3a5e-8fbd-202c7139c83d,  -7.068520, -44.911710,2026-08-27 03:47:00,NOAA-20,SÃO FÉLIX DE BALSAS,MARANHÃO,Brasil,2110807,21,33,,,,Cerrado,6.2
216f321b-a5a9-3c14-bc02-54a5b0e4ce43,  -7.734440, -44.748460,2026-08-27 03:47:00,NOAA-20,URUÇUÍ,PIAUÍ,Brasil,2211209,22,33,,,,Cerrado,1.3
ae50c1da-1fb9-3992-b2f0-013b5f7b8a90,  -7.058220, -44.907120,2026-08-27 03:47:00,NOAA-20,SÃO FÉLIX DE BALSAS,MARANHÃO,Brasil,2110807,21,33,,,,Cerrado,2.9
d33d2761-76d8-3b87-b6c8-e632d7982f14,  -7.340190, -44.449270,2026-08-27 03:47:00,NOAA-20,URUÇUÍ,PIAUÍ,Brasil,2211209,22,33,,,,Cerrado,3.8
4bada46f-9ec5-3ecb-86c2-626d1360b23d,  -6.655590, -43.902670,2026-08-27 03:47:00,NOAA-20,NOVA IORQUE,MARANHÃO,Brasil,2107308,21,33,,,,Cerrado,2.5
f5cd251b-e799-35a5-9645-3ac02b3cfbe8,  -7.752080, -44.741150,2026-08-27 03:47:00,NOAA-20,URUÇUÍ,PIAUÍ,Brasil,2211209,22,33,,,,Cerrado,5.0
902d909a-4fe2-3d70-9a88-4510ae49da72,  -3.773450, -38.439450,2026-08-27 03:47:00,NOAA-20,FORTALEZA,CEARÁ,Brasil,2304400,23,33,,,,Caatinga,2.7
05d12408-5039-3fa2-83b7-c8b21c7c0365,  -7.272520, -45.354340,2026-08-27 03:47:00,NOAA-20,LORETO,MARANHÃO,Brasil,2106102,21,33,,,,Cerrado,5.5
73c9765b-1f61-34f5-a0c2-e0f1dc8c1bed,  -7.090350, -42.194810,2026-08-27 03:47:00,NOAA-20,OEIRAS,PIAUÍ,Brasil,2207009,22,33,,,,Caatinga,1.6
292de047-9783-35c5-a030-69a91e81c0f1,  -7.293210, -44.081010,2026-08-27 03:47:00,NOAA-20,LANDRI SALES,PIAUÍ,Brasil,2205607,22,33,,,,Cerrado,0.9
ee81936c-2a4d-3997-adaa-95e506350bea,  -7.343070, -44.433280,2026-08-27 03:47:00,NOAA-20,URUÇUÍ,PIAUÍ,Brasil,2211209,22,33,,,,Cerrado,5.4
4cce1550-3608-3ef7-b303-51c1ffc28cb5,  -8.101820, -47.453140,2026-08-27 03:47:00,NOAA-20,GOIATINS,TOCANTINS,Brasil,1709005,17,33,,,,Cerrado,1.6
383b2201-6ae8-389b-adcc-58d71f9c9557,  -6.929720, -41.630880,2026-08-27 03:47:00,NOAA-20,DOM EXPEDITO LOPES,PIAUÍ,Brasil,2203404,22,33,,,,Caatinga,1.6
f30a2b3e-d533-3ac4-a554-432c51e87199,  -7.127230, -42.796640,2026-08-27 03:47:00,NOAA-20,NAZARÉ DO PIAUÍ,PIAUÍ,Brasil,2206704,22,33,,,,Caatinga,2.3
f4ecdaaa-ef59-3310-909f-2f0ee883470a,  -7.334390, -44.451680,2026-08-27 03:47:00,NOAA-20,URUÇUÍ,PIAUÍ,Brasil,2211209,22,33,,,,Cerrado,3.8
62a8c49f-a38b-3705-a26f-d7c06386e050,  -7.375400, -45.997450,2026-08-27 03:47:00,NOAA-20,BALSAS,MARANHÃO,Brasil,2101400,21,33,,,,Cerrado,3.4
bae0a6c7-0927-3a4f-a5a7-14b3d7c42b3a,  -3.774960, -38.441650,2026-08-27 03:47:00,NOAA-20,FORTALEZA,CEARÁ,Brasil,2304400,23,33,,,,Caatinga,2.5
e359306e-85dd-3263-ac21-ba36f517bd19,  -6.883180, -43.754400,2026-08-27 03:47:00,NOAA-20,GUADALUPE,PIAUÍ,Brasil,2204501,22,33,,,,Cerrado,1.4
7c47a14f-ff88-3ea0-9ec9-83d0130459c9,  -5.865730, -43.598880,2026-08-27 03:47:00,NOAA-20,LAGOA DO MATO,MARANHÃO,Brasil,2105922,21,33,,,,Cerrado,3.6
3a61a955-5081-383f-ba43-f9c7784f4d4f,  -6.935440, -41.623280,2026-08-27 03:47:00,NOAA-20,DOM EXPEDITO LOPES,PIAUÍ,Brasil,2203404,22,33,,,,Caatinga,1.4
08765720-4aec-3cc3-996b-20005a314eac,  -8.477700, -39.584670,2026-08-27 03:47:00,NOAA-20,OROCÓ,PERNAMBUCO,Brasil,2609808,26,33,,,,Caatinga,0.6
cefd25dc-1242-31ea-8ca4-5b5309dd5825,  -6.164090, -47.316140,2026-08-27 03:47:00,NOAA-20,CAMPESTRE DO MARANHÃO,MARANHÃO,Brasil,2102556,21,33,,,,Cerrado,2.8
63531d4d-6c24-3db2-904c-3f3852438a99,  -6.194150, -45.916520,2026-08-27 03:47:00,NOAA-20,GRAJAÚ,MARANHÃO,Brasil,2104800,21,33,,,,Cerrado,1.8
0ee8a56c-297b-3b28-a7ce-55ef4a76d34e,  -7.433550, -43.076260,2026-08-27 03:47:00,NOAA-20,ITAUEIRA,PIAUÍ,Brasil,2205102,22,33,,,,Caatinga,1.0
087b27b4-933c-3aab-812f-e1f11681cf78,  -7.096610, -42.806590,2026-08-27 03:47:00,NOAA-20,NAZARÉ DO PIAUÍ,PIAUÍ,Brasil,2206704,22,33,,,,Caatinga,2.0
7fec6db3-cbf7-3b85-bbb2-aa28fa30a0cd,  -5.923180, -43.626930,2026-08-27 03:47:00,NOAA-20,LAGOA DO MATO,MARANHÃO,Brasil,2105922,21,33,,,,Cerrado,3.2
0f24d90d-99f2-379f-81db-ef780e258ba5,  -7.094860, -42.816570,2026-08-27 03:47:00,NOAA-20,NAZARÉ DO PIAUÍ,PIAUÍ,Brasil,2206704,22,33,,,,Caatinga,2.4
678dbaa8-b6d6-3329-93a0-d892b9d27ecc,  -8.606220, -47.457890,2026-08-27 03:47:00,NOAA-20,ITACAJÁ,TOCANTINS,Brasil,1710508,17,33,,,,Cerrado,5.8
9e3a5e31-1485-3605-a8d9-d1bb7301a06f,  -6.964660, -42.083560,2026-08-27 03:47:00,NOAA-20,OEIRAS,PIAUÍ,Brasil,2207009,22,33,,,,Caatinga,2.1
039d5fd8-cc9d-3b1c-afdf-47e6077937d7,  -6.925410, -41.630070,2026-08-27 03:47:00,NOAA-20,DOM EXPEDITO LOPES,PIAUÍ,Brasil,2203404,22,33,,,,Caatinga,1.3
9517fba1-22f8-3527-bb4c-cf2318fe0424,  -7.069130, -44.908340,2026-08-27 03:47:00,NOAA-20,SÃO FÉLIX DE BALSAS,MARANHÃO,Brasil,2110807,21,33,,,,Cerrado,7.2
77ca6283-5209-3095-8c14-bb30e69aab67,  -6.162710, -47.314530,2026-08-27 03:47:00,NOAA-20,CAMPESTRE DO MARANHÃO,MARANHÃO,Brasil,2102556,21,33,,,,Cerrado,5.2
0ec812d8-1480-3af6-82ab-d50e4ff34c7a,  -7.999260, -42.818530,2026-08-27 03:47:00,NOAA-20,PAJEÚ DO PIAUÍ,PIAUÍ,Brasil,2207355,22,33,,,,Caatinga,1.4
a02daef4-f998-3e92-95a5-52b78c9a9bb9,  -6.878180, -43.753480,2026-08-27 03:47:00,NOAA-20,GUADALUPE,PIAUÍ,Brasil,2204501,22,33,,,,Cerrado,0.5
e0e9aaef-afa9-34e0-bce9-fb613b7ba313,  -7.752680, -44.737820,2026-08-27 03:47:00,NOAA-20,URUÇUÍ,PIAUÍ,Brasil,2211209,22,33,,,,Cerrado,4.3
f9b6cbea-758f-3408-bea2-60af45d063ed,  -7.744360, -44.753790,2026-08-27 03:47:00,NOAA-20,URUÇUÍ,PIAUÍ,Brasil,2211209,22,33,,,,Cerrado,1.9
1711f965-8088-3824-b736-bee4ab8d6156,  -7.097480, -42.801630,2026-08-27 03:47:00,NOAA-20,NAZARÉ DO PIAUÍ,PIAUÍ,Brasil,2206704,22,33,,,,Caatinga,2.6
54b1c670-c2da-3c04-8af7-a6f905c3f17f,  -7.066610, -42.172240,2026-08-27 03:47:00,NOAA-20,OEIRAS,PIAUÍ,Brasil,2207009,22,33,,,,Caatinga,2.2
edcafc29-9b4b-3134-b74e-1a201fd37fd4,  -5.923680, -43.624020,2026-08-27 03:47:00,NOAA-20,LAGOA DO MATO,MARANHÃO,Brasil,2105922,21,33,,,,Cerrado,3.2
d29c3013-97a1-32dd-b3d6-a62502300b0c,  -7.091050, -42.810790,2026-08-27 03:47:00,NOAA-20,NAZARÉ DO PIAUÍ,PIAUÍ,Brasil,2206704,22,33,,,,Caatinga,5.8
f4311a53-54b4-3ffa-943b-8cde3075d8e3,  -7.080580, -42.197850,2026-08-27 03:47:00,NOAA-20,OEIRAS,PIAUÍ,Brasil,2207009,22,33,,,,Caatinga,2.1
e1a0365b-7188-306c-b670-fcc68dd52a0a,  -7.336240, -44.104320,2026-08-27 03:47:00,NOAA-20,LANDRI SALES,PIAUÍ,Brasil,2205607,22,33,,,,Cerrado,1.0
3a62dc3e-2f40-39aa-afd6-d99e1804216c,  -5.867310, -43.589870,2026-08-27 03:47:00,NOAA-20,LAGOA DO MATO,MARANHÃO,Brasil,2105922,21,33,,,,Cerrado,4.4
ce88ed7e-2b3f-35aa-8da9-fda33a2ce947,  -5.877360, -43.591720,2026-08-27 03:47:00,NOAA-20,LAGOA DO MATO,MARANHÃO,Brasil,2105922,21,33,,,,Cerrado,0.6
2ad76bab-501a-34ee-a254-6e1f47571fbb,  -7.090180, -42.815770,2026-08-27 03:47:00,NOAA-20,NAZARÉ DO PIAUÍ,PIAUÍ,Brasil,2206704,22,33,,,,Caatinga,6.5
4b1e8d6b-cec4-35de-b7f2-324fa645a300,  -8.148710, -46.213580,2026-08-27 03:47:00,NOAA-20,BALSAS,MARANHÃO,Brasil,2101400,21,33,,,,Cerrado,1.9
e0a755ac-03de-3395-b2e3-aae91f801761,  -7.432140, -43.078610,2026-08-27 03:47:00,NOAA-20,ITAUEIRA,PIAUÍ,Brasil,2205102,22,33,,,,Caatinga,1.9
2190de84-7cfd-3ef9-9705-a0be38a0dc62,  -7.059470, -44.900160,2026-08-27 03:47:00,NOAA-20,SÃO FÉLIX DE BALSAS,MARANHÃO,Brasil,2110807,21,33,,,,Cerrado,4.5
8ee05802-e3ba-3b40-8613-b809759052a0,  -7.739720, -44.749330,2026-08-27 03:47:00,NOAA-20,URUÇUÍ,PIAUÍ,Brasil,2211209,22,33,,,,Cerrado,1.3
f5aac2b1-73c8-3bc8-93bc-3d1520db5009,  -5.970260, -42.744930,2026-08-27 03:47:00,NOAA-20,SÃO PEDRO DO PIAUÍ,PIAUÍ,Brasil,2210508,22,33,,,,Caatinga,1.6
5d41bfbc-4c78-35f8-b2b0-524819dfdf38,  -7.064340, -44.904040,2026-08-27 03:47:00,NOAA-20,SÃO FÉLIX DE BALSAS,MARANHÃO,Brasil,2110807,21,33,,,,Cerrado,2.9
ab4d4e87-ce46-3066-8d54-c601f51863b9,  -6.339120, -39.392710,2026-08-27 03:47:00,NOAA-20,IGUATU,CEARÁ,Brasil,2305506,23,33,,,,Caatinga,0.9
0736ebbc-544f-38b2-b8c4-c348bbcfa9c2,  -7.339030, -44.455700,2026-08-27 03:47:00,NOAA-20,URUÇUÍ,PIAUÍ,Brasil,2211209,22,33,,,,Cerrado,3.6
a4671e3e-29ec-3692-a482-e1a680a5450e,  -5.918130, -43.626040,2026-08-27 03:47:00,NOAA-20,LAGOA DO MATO,MARANHÃO,Brasil,2105922,21,33,,,,Cerrado,30.6
6850af24-1d9c-3d5e-b2a2-ff7e132a2465,  -7.113570, -42.819840,2026-08-27 03:47:00,NOAA-20,NAZARÉ DO PIAUÍ,PIAUÍ,Brasil,2206704,22,33,,,,Caatinga,1.0
f240f581-e71b-3b7f-be60-7064cb4ba590,  -7.103870, -42.792650,2026-08-27 03:47:00,NOAA-20,NAZARÉ DO PIAUÍ,PIAUÍ,Brasil,2206704,22,33,,,,Caatinga,2.5
5f66283d-9b0a-3490-ab0a-c475cb6c0694,  -7.736270, -44.738320,2026-08-27 03:47:00,NOAA-20,URUÇUÍ,PIAUÍ,Brasil,2211209,22,33,,,,Cerrado,5.3
f885f360-ee38-336a-af8c-0dadb6ea1da9,  -7.190120, -42.737600,2026-08-27 03:47:00,NOAA-20,NAZARÉ DO PIAUÍ,PIAUÍ,Brasil,2206704,22,33,,,,Caatinga,1.9
157b70f5-5135-3855-a64d-598c880b05d6,  -7.064920, -44.900780,2026-08-27 03:47:00,NOAA-20,SÃO FÉLIX DE BALSAS,MARANHÃO,Brasil,2110807,21,33,,,,Cerrado,4.5
9ef93671-df19-3a49-a286-ed6f595c8916,  -6.657050, -43.904300,2026-08-27 03:47:00,NOAA-20,NOVA IORQUE,MARANHÃO,Brasil,2107308,21,33,,,,Cerrado,3.1
1722b8d0-f790-39da-845d-d2bd5f6b84a5,  -7.342490, -44.436520,2026-08-27 03:47:00,NOAA-20,URUÇUÍ,PIAUÍ,Brasil,2211209,22,33,,,,Cerrado,4.2
d59860db-9272-3e91-ac44-2458b9d47f3b,  -6.887460, -41.748870,2026-08-27 03:47:00,NOAA-20,IPIRANGA DO PIAUÍ,PIAUÍ,Brasil,2204808,22,33,,,,Caatinga,2.0
ef329a91-2e0d-38c4-af75-862b7e331e7c,  -7.455660, -43.116540,2026-08-27 03:47:00,NOAA-20,ITAUEIRA,PIAUÍ,Brasil,2205102,22,33,,,,Caatinga,1.6
d009b2b7-dbf1-3aa1-8e07-0ddc00ee120d,  -7.608170, -47.292760,2026-08-27 03:47:00,NOAA-20,CAROLINA,MARANHÃO,Brasil,2102804,21,33,,,,Cerrado,4.5
f314d139-d1d6-3504-9a81-26e6de892e8d,  -8.142250, -43.739500,2026-08-27 03:47:00,NOAA-20,COLÔNIA DO GURGUÉIA,PIAUÍ,Brasil,2202752,22,33,,,,Caatinga,6.4
c2992cd0-b02d-3504-a6c4-2e8c49df80ff,  -6.929020, -41.635060,2026-08-27 03:47:00,NOAA-20,DOM EXPEDITO LOPES,PIAUÍ,Brasil,2203404,22,33,,,,Caatinga,1.0
f2736abc-bd16-3a84-8ce3-ad15c797a3f4,  -8.130970, -47.469470,2026-08-27 03:47:00,NOAA-20,GOIATINS,TOCANTINS,Brasil,1709005,17,33,,,,Cerrado,2.5
5d895bf2-1c2b-3c6c-85e8-47896a944010,  -6.924710, -41.634220,2026-08-27 03:47:00,NOAA-20,DOM EXPEDITO LOPES,PIAUÍ,Brasil,2203404,22,33,,,,Caatinga,1.3
080b9d4e-8c6e-3c4b-969d-2769d53614c0,  -8.184910, -47.513820,2026-08-27 03:47:00,NOAA-20,GOIATINS,TOCANTINS,Brasil,1709005,17,33,,,,Cerrado,14.4
6cf86129-616d-3bbb-b848-d16d7be4f1c8,  -7.094250, -42.172440,2026-08-27 03:47:00,NOAA-20,OEIRAS,PIAUÍ,Brasil,2207009,22,33,,,,Caatinga,1.1
3d8eb9df-0f38-30e4-93b6-1e2749ef49ab,  -6.926110, -41.625870,2026-08-27 03:47:00,NOAA-20,DOM EXPEDITO LOPES,PIAUÍ,Brasil,2203404,22,33,,,,Caatinga,1.3
608b7626-a1e3-3996-b721-ec08ab26279a,  -7.337270, -44.435700,2026-08-27 03:47:00,NOAA-20,URUÇUÍ,PIAUÍ,Brasil,2211209,22,33,,,,Cerrado,4.2
1436744d-c414-3774-8a46-fc1d53fbb618,  -7.274640, -46.808710,2026-08-27 03:47:00,NOAA-20,CAROLINA,MARANHÃO,Brasil,2102804,21,33,,,,Cerrado,4.6
f3df3897-256c-3f14-a236-6fcace63b5b1,  -7.267000, -45.356750,2026-08-27 03:47:00,NOAA-20,LORETO,MARANHÃO,Brasil,2106102,21,33,,,,Cerrado,5.5
c8295f80-8956-3751-8f57-72cd544f96b1,  -8.153370, -46.188190,2026-08-27 03:47:00,NOAA-20,BALSAS,MARANHÃO,Brasil,2101400,21,33,,,,Cerrado,2.3
d4f12100-81cf-3455-8337-d705c1baabf9,  -6.462490, -43.087570,2026-08-27 03:47:00,NOAA-20,BARÃO DE GRAJAÚ,MARANHÃO,Brasil,2101509,21,33,,,,Cerrado,1.1
a046fd26-673d-3341-bfba-8c5924ea12ee,  -7.740350, -44.745880,2026-08-27 03:47:00,NOAA-20,URUÇUÍ,PIAUÍ,Brasil,2211209,22,33,,,,Cerrado,1.3
9c5cb667-e7ec-37e6-a0e2-e94998b470d9,  -7.748000, -44.733600,2026-08-27 03:47:00,NOAA-20,URUÇUÍ,PIAUÍ,Brasil,2211209,22,33,,,,Cerrado,4.3
d6d8316c-4cfd-33d5-be63-f18ed9c5cd0f,  -7.321890, -42.978430,2026-08-27 03:47:00,NOAA-20,FLORIANO,PIAUÍ,Brasil,2203909,22,33,,,,Caatinga,3.5
c641ef35-a9c9-3fdb-aaf7-e1a58fb5b5de,  -5.747760, -42.638270,2026-08-27 03:47:00,NOAA-20,MIGUEL LEÃO,PIAUÍ,Brasil,2206308,22,33,,,,Caatinga,8.9
e33417a5-d9a1-3db3-982f-86711d465320,  -6.660660, -43.903630,2026-08-27 03:47:00,NOAA-20,NOVA IORQUE,MARANHÃO,Brasil,2107308,21,33,,,,Cerrado,2.5
d377d27e-1a76-30d7-83d0-9c15b19a5d1a,  -6.197250, -45.899590,2026-08-27 03:47:00,NOAA-20,GRAJAÚ,MARANHÃO,Brasil,2104800,21,33,,,,Cerrado,0.6
a228d81c-6123-300c-89a9-72ea1b1fe136,  -6.883810, -41.743930,2026-08-27 03:47:00,NOAA-20,IPIRANGA DO PIAUÍ,PIAUÍ,Brasil,2204808,22,33,,,,Caatinga,1.7
9108f1d9-4873-37b7-bc62-347cbb6102d7,  -7.334970, -44.448460,2026-08-27 03:47:00,NOAA-20,URUÇUÍ,PIAUÍ,Brasil,2211209,22,33,,,,Cerrado,3.8
8c900315-902a-3235-916e-846811a4b81f,  -7.320990, -42.983590,2026-08-27 03:47:00,NOAA-20,FLORIANO,PIAUÍ,Brasil,2203909,22,33,,,,Caatinga,2.7
3d9f5a64-ea89-3d33-bee9-7c383597c9df,  -6.457670, -43.086730,2026-08-27 03:47:00,NOAA-20,BARÃO DE GRAJAÚ,MARANHÃO,Brasil,2101509,21,33,,,,Cerrado,1.1
f51feaae-385c-32a8-8c6c-ea7849513983,  -7.309520, -42.965810,2026-08-27 03:47:00,NOAA-20,FLORIANO,PIAUÍ,Brasil,2203909,22,33,,,,Caatinga,2.9
877731b0-3ce7-3767-b1e8-8e46c540db19,  -7.098650, -42.822440,2026-08-27 03:47:00,NOAA-20,NAZARÉ DO PIAUÍ,PIAUÍ,Brasil,2206704,22,33,,,,Caatinga,2.4
93267f97-fca7-369f-a3d2-c342f3add2cd,  -7.266330, -45.356910,2026-08-27 03:47:00,NOAA-20,LORETO,MARANHÃO,Brasil,2106102,21,33,,,,Cerrado,5.5
2f89365c-7474-373d-8d89-3e9c8c35229c,  -6.651980, -43.903380,2026-08-27 03:47:00,NOAA-20,NOVA IORQUE,MARANHÃO,Brasil,2107308,21,33,,,,Cerrado,3.1
a8c4eac7-ddf9-3672-8d54-cbb0e99fcaa5,  -6.776060, -44.894750,2026-08-27 03:47:00,NOAA-20,SÃO FÉLIX DE BALSAS,MARANHÃO,Brasil,2110807,21,33,,,,Cerrado,1.6
02bf3e85-a1cc-373e-bc3d-e7e0766da691,  -7.735670, -44.741620,2026-08-27 03:47:00,NOAA-20,URUÇUÍ,PIAUÍ,Brasil,2211209,22,33,,,,Cerrado,5.3
552b9780-ebba-3429-8c70-ddf01a20012a,  -7.747410, -44.736850,2026-08-27 03:47:00,NOAA-20,URUÇUÍ,PIAUÍ,Brasil,2211209,22,33,,,,Cerrado,4.3
9663005f-d243-38cd-a02d-d3e62ee60f38,  -7.338450, -44.458940,2026-08-27 03:47:00,NOAA-20,URUÇUÍ,PIAUÍ,Brasil,2211209,22,33,,,,Cerrado,3.6
138ebd30-2f4a-37ca-89df-0fb3c144ff17,  -6.969590, -42.107730,2026-08-27 03:47:00,NOAA-20,OEIRAS,PIAUÍ,Brasil,2207009,22,33,,,,Caatinga,3.0
bd1f458d-f009-35e4-b94b-a69e74b301d7,  -1.587990, -47.361610,2026-08-27 03:47:00,NOAA-20,SÃO MIGUEL DO GUAMÁ,PARÁ,Brasil,1507607,15,33,,,,Amazônia,0.8
249df9f2-7336-3291-b229-c392ecd38c7e,  -5.979140, -43.746320,2026-08-27 03:47:00,NOAA-20,PASSAGEM FRANCA,MARANHÃO,Brasil,2107902,21,33,,,,Cerrado,1.5
54aab899-6604-328c-86d8-22a3e3b11ac2,  -7.095740, -42.811570,2026-08-27 03:47:00,NOAA-20,NAZARÉ DO PIAUÍ,PIAUÍ,Brasil,2206704,22,33,,,,Caatinga,2.0
4939b321-69ac-3a9e-830a-fef9494fa256,  -7.067400, -42.167760,2026-08-27 03:47:00,NOAA-20,OEIRAS,PIAUÍ,Brasil,2207009,22,33,,,,Caatinga,1.2
8e2ce26b-9aca-3ae0-89d3-065c643cdd56,  -6.193360, -45.920880,2026-08-27 03:47:00,NOAA-20,GRAJAÚ,MARANHÃO,Brasil,2104800,21,33,,,,Cerrado,1.5
15db3a4e-6c01-30a7-9c34-bde3f9a491df,  -5.484690, -44.663190,2026-08-27 03:47:00,NOAA-20,SANTA FILOMENA DO MARANHÃO,MARANHÃO,Brasil,2109759,21,33,,,,Cerrado,1.8
1d519c1b-3d02-3d90-8ae3-11660ff40c0d,  -7.341920, -44.439700,2026-08-27 03:47:00,NOAA-20,URUÇUÍ,PIAUÍ,Brasil,2211209,22,33,,,,Cerrado,4.2
6cb2cc32-6a2d-31bd-aa2c-44ea8a6850f3,  -5.918640, -43.623100,2026-08-27 03:47:00,NOAA-20,LAGOA DO MATO,MARANHÃO,Brasil,2105922,21,33,,,,Cerrado,30.6
699e7aa6-2db9-3ec3-bdf7-24a18eb2987c,  -7.069390, -42.170230,2026-08-27 03:47:00,NOAA-20,OEIRAS,PIAUÍ,Brasil,2207009,22,33,,,,Caatinga,2.0
ba7a9a3a-5a3e-378f-8dd6-ba74cc98030f,  -7.271840, -45.358040,2026-08-27 03:47:00,NOAA-20,LORETO,MARANHÃO,Brasil,2106102,21,33,,,,Cerrado,5.5
17971447-c11f-3315-b893-fb4be67fb002,  -7.089560, -42.199350,2026-08-27 03:47:00,NOAA-20,OEIRAS,PIAUÍ,Brasil,2207009,22,33,,,,Caatinga,1.6
724142d6-d30b-364e-8400-7667123c4103,  -6.657550, -43.901410,2026-08-27 03:47:00,NOAA-20,NOVA IORQUE,MARANHÃO,Brasil,2107308,21,33,,,,Cerrado,3.1
7b3ee96c-2ac0-32ac-853a-3cb167332cb6,  -7.751470, -44.744500,2026-08-27 03:47:00,NOAA-20,URUÇUÍ,PIAUÍ,Brasil,2211209,22,33,,,,Cerrado,5.0
62d87397-1a60-3e01-972e-6426922240a8,  -7.288660, -44.077160,2026-08-27 03:47:00,NOAA-20,LANDRI SALES,PIAUÍ,Brasil,2205607,22,33,,,,Cerrado,0.9
472c3003-bdd1-3bf1-9c96-70b9efb962d8,  -6.189040, -45.917410,2026-08-27 03:47:00,NOAA-20,GRAJAÚ,MARANHÃO,Brasil,2104800,21,33,,,,Cerrado,1.1
64d9c7c1-fd55-3271-9e98-4412cbefeb34,  -6.191260, -45.904790,2026-08-27 03:47:00,NOAA-20,GRAJAÚ,MARANHÃO,Brasil,2104800,21,33,,,,Cerrado,2.5
c59bb92f-346a-3041-8125-db4ecba60785,  -7.265650, -45.360610,2026-08-27 03:47:00,NOAA-20,LORETO,MARANHÃO,Brasil,2106102,21,33,,,,Cerrado,5.8
f40052ca-0c22-302b-949b-04da36d04996,  -6.188360, -45.915260,2026-08-27 03:47:00,NOAA-20,GRAJAÚ,MARANHÃO,Brasil,2104800,21,33,,,,Cerrado,0.9
ac4471d9-88bc-3a66-81b7-499414bf9394,  -7.063720, -44.907510,2026-08-27 03:47:00,NOAA-20,SÃO FÉLIX DE BALSAS,MARANHÃO,Brasil,2110807,21,33,,,,Cerrado,2.9
44c2d0ac-89cd-3a79-ab7a-3782f65df0f7,  -7.266340, -45.360460,2026-08-27 03:47:00,NOAA-20,LORETO,MARANHÃO,Brasil,2106102,21,33,,,,Cerrado,4.6
59b5c9b5-eef7-3155-a2d0-2864b5793e90,  -7.288130, -44.080130,2026-08-27 03:47:00,NOAA-20,LANDRI SALES,PIAUÍ,Brasil,2205607,22,33,,,,Cerrado,0.9
a3b5ed0d-051a-328e-afd2-6999ee510f89,  -7.099540, -42.817390,2026-08-27 03:47:00,NOAA-20,NAZARÉ DO PIAUÍ,PIAUÍ,Brasil,2206704,22,33,,,,Caatinga,2.4
9f418683-e3e8-3c82-be79-cedaf83c6f2c,  -5.917630, -43.628990,2026-08-27 03:47:00,NOAA-20,LAGOA DO MATO,MARANHÃO,Brasil,2105922,21,33,,,,Cerrado,10.5
f691bf2b-3ef5-3d8c-bd4f-a08768ef2665,  -8.607160, -47.452960,2026-08-27 03:47:00,NOAA-20,ITACAJÁ,TOCANTINS,Brasil,1710508,17,33,,,,Cerrado,4.6
c6f18afb-5b1b-338c-9bf9-b25aeeb1449b,  -8.116190, -45.490700,2026-08-27 03:47:00,NOAA-20,RIBEIRO GONÇALVES,PIAUÍ,Brasil,2208908,22,33,,,,Cerrado,1.3
6d20b191-b809-3d86-b10d-b8d327e89c0e,  -7.305690, -42.959950,2026-08-27 03:47:00,NOAA-20,FLORIANO,PIAUÍ,Brasil,2203909,22,33,,,,Caatinga,2.9
5505c3c6-ef46-3ac9-8daa-188329e1fc7c,  -7.322770, -42.973350,2026-08-27 03:47:00,NOAA-20,FLORIANO,PIAUÍ,Brasil,2203909,22,33,,,,Caatinga,3.5
1b20e7e1-a2b3-3aba-8729-9733e1d8babf,  -8.786820, -37.079340,2026-08-27 03:47:00,NOAA-20,BUÍQUE,PERNAMBUCO,Brasil,2602803,26,33,,,,Caatinga,0.4
44a78e5e-a4a2-3fff-892e-2b9a7474c083,  -5.872340, -43.590790,2026-08-27 03:47:00,NOAA-20,LAGOA DO MATO,MARANHÃO,Brasil,2105922,21,33,,,,Cerrado,4.4
88094e18-344e-3e0f-b119-45811b73cd14,  -7.339610, -44.452480,2026-08-27 03:47:00,NOAA-20,URUÇUÍ,PIAUÍ,Brasil,2211209,22,33,,,,Cerrado,3.8
2545323e-9c70-348e-bf6c-8d1e3b92d160,  -6.165070, -47.310860,2026-08-27 03:47:00,NOAA-20,CAMPESTRE DO MARANHÃO,MARANHÃO,Brasil,2102556,21,33,,,,Cerrado,2.8
792d4a76-6626-35fc-8ad8-59cd35301c25,  -6.967520, -42.104290,2026-08-27 03:47:00,NOAA-20,OEIRAS,PIAUÍ,Brasil,2207009,22,33,,,,Caatinga,1.4
c68e423a-1bdc-3705-9584-cbb704a463ed,  -7.298810, -43.027250,2026-08-27 03:47:00,NOAA-20,FLORIANO,PIAUÍ,Brasil,2203909,22,33,,,,Caatinga,3.0
58ad4cc3-6328-37b4-9c78-e6a8aff0f5b7,  -7.376150, -45.993390,2026-08-27 03:47:00,NOAA-20,BALSAS,MARANHÃO,Brasil,2101400,21,33,,,,Cerrado,3.4
b6565293-79bb-3255-b6cb-ad698caba1c7,  -7.317180, -42.977600,2026-08-27 03:47:00,NOAA-20,FLORIANO,PIAUÍ,Brasil,2203909,22,33,,,,Caatinga,2.3
022a83db-3140-3272-b77d-e79e9c8eb69e,  -7.341340, -44.442890,2026-08-27 03:47:00,NOAA-20,URUÇUÍ,PIAUÍ,Brasil,2211209,22,33,,,,Cerrado,8.6
a9f5f5ef-7d4e-3151-814b-6758a7160e3e,  -6.675150, -43.414340,2026-08-27 03:47:00,NOAA-20,BARÃO DE GRAJAÚ,MARANHÃO,Brasil,2101509,21,33,,,,Cerrado,1.3
8c807a07-6f75-3cb0-99c8-f2ca6454335e,  -6.923220, -46.414070,2026-08-27 03:47:00,NOAA-20,SÃO PEDRO DOS CRENTES,MARANHÃO,Brasil,2111573,21,33,,,,Cerrado,1.6
85ad0f0a-cdf8-3014-b650-e0dda6feb767,  -5.866780, -43.592900,2026-08-27 03:47:00,NOAA-20,LAGOA DO MATO,MARANHÃO,Brasil,2105922,21,33,,,,Cerrado,4.4
3b62b9ef-76fc-34e5-a9fd-e5e7758c073d,  -8.607060, -47.459680,2026-08-27 03:47:00,NOAA-20,ITACAJÁ,TOCANTINS,Brasil,1710508,17,33,,,,Cerrado,4.4
fd8869f3-698c-3b6d-82ca-8b03239b4bb8,  -7.017760, -47.978360,2026-08-27 03:47:00,NOAA-20,WANDERLÂNDIA,TOCANTINS,Brasil,1722081,17,33,,,,Cerrado,1.4
f185b187-6fa3-3df0-b6a4-0187d6f3d03c,  -7.063080, -44.911040,2026-08-27 03:47:00,NOAA-20,SÃO FÉLIX DE BALSAS,MARANHÃO,Brasil,2110807,21,33,,,,Cerrado,3.7
3ec8b669-f6e0-3cf4-a07a-8d5a9b394c48,  -6.879440, -41.743240,2026-08-27 03:47:00,NOAA-20,IPIRANGA DO PIAUÍ,PIAUÍ,Brasil,2204808,22,33,,,,Caatinga,1.6
a65ae1a9-c6fb-3e87-9a7f-0e77c7044f64,  -6.391370, -41.718900,2026-08-27 03:47:00,NOAA-20,VALENÇA DO PIAUÍ,PIAUÍ,Brasil,2211308,22,33,,,,Caatinga,1.4
cb435937-bfba-3100-a489-b5a1ac7428a4,  -7.739090, -44.752840,2026-08-27 03:47:00,NOAA-20,URUÇUÍ,PIAUÍ,Brasil,2211209,22,33,,,,Cerrado,2.7
21dc61d9-9dbe-3b7c-bb06-a253ca5c9f69,  -5.871820, -43.593780,2026-08-27 03:47:00,NOAA-20,LAGOA DO MATO,MARANHÃO,Brasil,2105922,21,33,,,,Cerrado,4.4
84caf56f-3992-32c7-b1ca-6efe958dec01,  -7.204190, -42.755600,2026-08-27 03:47:00,NOAA-20,NAZARÉ DO PIAUÍ,PIAUÍ,Brasil,2206704,22,33,,,,Caatinga,1.1
6b2a5e3a-db52-30d7-ba7b-d671877e98e7,  -7.103330, -42.823260,2026-08-27 03:47:00,NOAA-20,NAZARÉ DO PIAUÍ,PIAUÍ,Brasil,2206704,22,33,,,,Caatinga,1.2
8dae5ace-3a10-31ab-8232-a08f93f5cc0b,  -7.994660, -42.817670,2026-08-27 03:47:00,NOAA-20,PAJEÚ DO PIAUÍ,PIAUÍ,Brasil,2207355,22,33,,,,Caatinga,1.2
c095cc62-f713-36fa-bb55-a396fcf33e8e,  -7.108020, -42.824050,2026-08-27 03:47:00,NOAA-20,NAZARÉ DO PIAUÍ,PIAUÍ,Brasil,2206704,22,33,,,,Caatinga,1.2
486b0b49-7164-3263-b0ed-91a6222ffa18,  -6.190670, -45.902640,2026-08-27 03:47:00,NOAA-20,GRAJAÚ,MARANHÃO,Brasil,2104800,21,33,,,,Cerrado,1.3
d050d0e1-5f3c-3ae9-b4f3-46bbc28d66f2,  -7.735070, -44.744940,2026-08-27 03:47:00,NOAA-20,URUÇUÍ,PIAUÍ,Brasil,2211209,22,33,,,,Cerrado,1.3
8a84d97d-4914-3cd9-b3a2-2a9456daa50a,  -7.091140, -42.190310,2026-08-27 03:47:00,NOAA-20,OEIRAS,PIAUÍ,Brasil,2207009,22,33,,,,Caatinga,1.7
283f17b7-6852-313b-83de-095fe97260bc,  -7.744990, -44.750330,2026-08-27 03:47:00,NOAA-20,URUÇUÍ,PIAUÍ,Brasil,2211209,22,33,,,,Cerrado,3.4
aca0ad94-e49a-3dce-bfd6-05a449caa876,  -6.189890, -45.906860,2026-08-27 03:47:00,NOAA-20,GRAJAÚ,MARANHÃO,Brasil,2104800,21,33,,,,Cerrado,1.3
30cbd0b2-938e-385a-bbcf-c73c097c1f82,  -6.633140, -38.735440,2026-08-27 03:47:00,NOAA-20,UMARI,CEARÁ,Brasil,2313708,23,33,,,,Caatinga,1.5
8fc49313-9b3b-346b-9120-88599db4924a,  -7.120440, -42.780360,2026-08-27 03:47:00,NOAA-20,NAZARÉ DO PIAUÍ,PIAUÍ,Brasil,2206704,22,33,,,,Caatinga,2.3
1668a46f-15f0-3198-a756-08c4861bc684,  -6.660120, -43.906600,2026-08-27 03:47:00,NOAA-20,NOVA IORQUE,MARANHÃO,Brasil,2107308,21,33,,,,Cerrado,2.5
b954ecb5-ac36-3717-93a4-db0f9c3bf3f6,  -7.112700, -42.824840,2026-08-27 03:47:00,NOAA-20,NAZARÉ DO PIAUÍ,PIAUÍ,Brasil,2206704,22,33,,,,Caatinga,1.0
157a6785-4452-3a09-a7bd-168e20c04c6b,  -8.095580, -47.452090,2026-08-27 03:47:00,NOAA-20,GOIATINS,TOCANTINS,Brasil,1709005,17,33,,,,Cerrado,1.6
74d8e885-6724-3f84-90ed-cf333d3bdd0a,  -1.594820, -47.362820,2026-08-27 03:47:00,NOAA-20,SÃO MIGUEL DO GUAMÁ,PARÁ,Brasil,1507607,15,33,,,,Amazônia,1.5
cbd18a85-b6e2-3c33-9e34-17d278761ffa,  -6.939870, -42.683480,2026-08-27 03:47:00,NOAA-20,NAZARÉ DO PIAUÍ,PIAUÍ,Brasil,2206704,22,33,,,,Caatinga,1.6
d72620f4-3c27-3eb6-b2f8-25c1e257a809,  -7.103010, -42.797520,2026-08-27 03:47:00,NOAA-20,NAZARÉ DO PIAUÍ,PIAUÍ,Brasil,2206704,22,33,,,,Caatinga,2.6
ab2d18a2-23ae-3d5f-b72c-b3aae8e6ab5c,  -5.749420, -42.628520,2026-08-27 03:47:00,NOAA-20,MIGUEL LEÃO,PIAUÍ,Brasil,2206308,22,33,,,,Caatinga,2.4
43390827-52f2-3285-b2ef-9c964c3720ca,  -7.320100, -42.988750,2026-08-27 03:47:00,NOAA-20,FLORIANO,PIAUÍ,Brasil,2203909,22,33,,,,Caatinga,2.7
71ffda89-29df-365c-b67d-12676a45720f,  -7.849130, -46.312420,2026-08-27 03:47:00,NOAA-20,BALSAS,MARANHÃO,Brasil,2101400,21,33,,,,Cerrado,1.7
3b6d3616-8b71-328b-bc55-4d9e01640e4e,  -8.183950, -47.518870,2026-08-27 03:47:00,NOAA-20,GOIATINS,TOCANTINS,Brasil,1709005,17,33,,,,Cerrado,11.5
d080323d-cc23-3d57-9df3-998160a0e462,  -6.875050, -41.742650,2026-08-27 03:47:00,NOAA-20,IPIRANGA DO PIAUÍ,PIAUÍ,Brasil,2204808,22,33,,,,Caatinga,1.6
0a7db518-64bd-3e9a-98b9-7ce2e02d122e,  -6.916460, -46.417430,2026-08-27 03:47:00,NOAA-20,SÃO PEDRO DOS CRENTES,MARANHÃO,Brasil,2111573,21,33,,,,Cerrado,2.0
bc486d9f-f7bf-32b5-a385-09081415859a,  -7.456570, -43.111400,2026-08-27 03:47:00,NOAA-20,ITAUEIRA,PIAUÍ,Brasil,2205102,22,33,,,,Caatinga,2.6
8d8efb64-aac4-369e-b0bf-0137f8f8bef6,  -7.746210, -44.743500,2026-08-27 03:47:00,NOAA-20,URUÇUÍ,PIAUÍ,Brasil,2211209,22,33,,,,Cerrado,5.0
01a9aafe-404f-31d1-a0da-a0eb5ac2c596,  -6.412460, -42.773610,2026-08-27 03:47:00,NOAA-20,AMARANTE,PIAUÍ,Brasil,2200509,22,33,,,,Caatinga,2.2
f75f2d12-5026-3ad4-ac0f-b0a1153237a2,  -7.058860, -44.903590,2026-08-27 03:47:00,NOAA-20,SÃO FÉLIX DE BALSAS,MARANHÃO,Brasil,2110807,21,33,,,,Cerrado,2.9
40130a71-2762-32a7-b4cc-82a91eebd3d1,  -6.917290, -46.412860,2026-08-27 03:47:00,NOAA-20,SÃO PEDRO DOS CRENTES,MARANHÃO,Brasil,2111573,21,33,,,,Cerrado,1.6
5d21afc5-9bcf-3918-aa4c-a0a7f10ab182,  -7.104210, -42.818240,2026-08-27 03:47:00,NOAA-20,NAZARÉ DO PIAUÍ,PIAUÍ,Brasil,2206704,22,33,,,,Caatinga,1.2
3ce5eac9-b7de-30f5-a1e5-7e4d5f36cc36,  -8.149470, -46.209460,2026-08-27 03:47:00,NOAA-20,BALSAS,MARANHÃO,Brasil,2101400,21,33,,,,Cerrado,2.1
fd0d2878-5228-389d-bb85-391bc34c8616,  -7.018780, -47.972930,2026-08-27 03:47:00,NOAA-20,WANDERLÂNDIA,TOCANTINS,Brasil,1722081,17,33,,,,Cerrado,1.4
5ba0bd5b-7210-3744-9ba5-602668eed0b0,  -6.655070, -43.905580,2026-08-27 03:47:00,NOAA-20,NOVA IORQUE,MARANHÃO,Brasil,2107308,21,33,,,,Cerrado,2.5
613258bc-0f42-3bd6-8158-697f5d927bc8,  -8.110700, -45.489600,2026-08-27 03:47:00,NOAA-20,RIBEIRO GONÇALVES,PIAUÍ,Brasil,2208908,22,33,,,,Cerrado,2.1
9e90c0d9-1faa-3839-9e59-89f7e585f0b8,  -7.273780, -46.813400,2026-08-27 03:47:00,NOAA-20,CAROLINA,MARANHÃO,Brasil,2102804,21,33,,,,Cerrado,4.6
28edd402-e318-3aa3-a110-300ad3da4ba9,  -6.194810, -45.918860,2026-08-27 03:47:00,NOAA-20,GRAJAÚ,MARANHÃO,Brasil,2104800,21,33,,,,Cerrado,2.0
f3c94208-efa1-3883-9e47-cd7ca652c745,  -9.951760, -37.464720,2026-08-27 03:47:00,NOAA-20,PORTO DA FOLHA,SERGIPE,Brasil,2805604,28,33,,,,Caatinga,0.8
a2c7cf4c-a9cd-354c-9fb5-cee97ddf2b00,  -9.955120, -37.465260,2026-08-27 03:47:00,NOAA-20,PORTO DA FOLHA,SERGIPE,Brasil,2805604,28,33,,,,Caatinga,0.8
f50a1139-6155-3b25-8985-c4c3ae7645d5,  -7.369660, -45.996320,2026-08-27 03:47:00,NOAA-20,BALSAS,MARANHÃO,Brasil,2101400,21,33,,,,Cerrado,1.5
2dd599d8-1535-3337-af50-c13697b803c2,  -5.485310, -44.659660,2026-08-27 03:47:00,NOAA-20,SANTA FILOMENA DO MARANHÃO,MARANHÃO,Brasil,2109759,21,33,,,,Cerrado,1.0
238507b1-b096-318f-9d10-7a861ee8f9a6,  -7.337860, -44.432470,2026-08-27 03:47:00,NOAA-20,URUÇUÍ,PIAUÍ,Brasil,2211209,22,33,,,,Cerrado,5.4
2558fe27-7f08-3caa-9ed5-6109cb1627ec,  -8.607980, -47.454710,2026-08-27 03:47:00,NOAA-20,ITACAJÁ,TOCANTINS,Brasil,1710508,17,33,,,,Cerrado,5.6
1a8c1668-6f3d-3900-b708-49bc0ba706c8,  -5.871290, -43.596780,2026-08-27 03:47:00,NOAA-20,LAGOA DO MATO,MARANHÃO,Brasil,2105922,21,33,,,,Cerrado,3.6
d5205cfe-c72d-35e2-bcef-4b151d70ed89,  -7.308620, -42.970970,2026-08-27 03:47:00,NOAA-20,FLORIANO,PIAUÍ,Brasil,2203909,22,33,,,,Caatinga,2.4
7bcd370f-0f40-383d-844f-c59838a606ae,  -7.736860, -44.735090,2026-08-27 03:47:00,NOAA-20,URUÇUÍ,PIAUÍ,Brasil,2211209,22,33,,,,Cerrado,6.3
d673f4d7-034d-35dc-94c0-ddb8c81c164f,  -7.336690, -44.438900,2026-08-27 03:47:00,NOAA-20,URUÇUÍ,PIAUÍ,Brasil,2211209,22,33,,,,Cerrado,4.2
c0a75753-fdb6-3541-a837-832d46e0e7f8,  -5.866250, -43.595920,2026-08-27 03:47:00,NOAA-20,LAGOA DO MATO,MARANHÃO,Brasil,2105922,21,33,,,,Cerrado,3.6
1722447f-7dad-3e3a-9828-a81cf6c82eb4,  -7.203330, -42.760490,2026-08-27 03:47:00,NOAA-20,NAZARÉ DO PIAUÍ,PIAUÍ,Brasil,2206704,22,33,,,,Caatinga,1.4
e8c77fee-9184-3a29-a58f-0d6efb70d216,  -7.745610, -44.746870,2026-08-27 03:47:00,NOAA-20,URUÇUÍ,PIAUÍ,Brasil,2211209,22,33,,,,Cerrado,3.4
ea78512a-a23d-3a1c-bc98-f84a116f5a3b,  -6.966760, -42.108760,2026-08-27 03:47:00,NOAA-20,OEIRAS,PIAUÍ,Brasil,2207009,22,33,,,,Caatinga,1.4
22306cfc-5e4d-3104-945f-3e8c3a62e8cf,  -6.656540, -43.907270,2026-08-27 03:47:00,NOAA-20,NOVA IORQUE,MARANHÃO,Brasil,2107308,21,33,,,,Cerrado,2.9
9a3b2da0-9242-3a9a-8e86-c1db8097aaf2,  -7.730390, -44.740740,2026-08-27 03:47:00,NOAA-20,URUÇUÍ,PIAUÍ,Brasil,2211209,22,33,,,,Cerrado,1.7
03d7c8ca-7de1-320c-90ab-7739a79ae179,  -7.065010, -42.181290,2026-08-27 03:47:00,NOAA-20,OEIRAS,PIAUÍ,Brasil,2207009,22,33,,,,Caatinga,0.9
31ede256-a735-3a01-a6a4-2e0991ec5a09,  -6.883690, -43.751460,2026-08-27 03:47:00,NOAA-20,GUADALUPE,PIAUÍ,Brasil,2204501,22,33,,,,Cerrado,1.4
bb799a39-0f85-316b-a8e3-55f571437b3d,  -6.192000, -45.900570,2026-08-27 03:47:00,NOAA-20,GRAJAÚ,MARANHÃO,Brasil,2104800,21,33,,,,Cerrado,1.8
022b0fb7-2959-31e5-adfc-bd115d0e3f14,  -7.855910, -46.308360,2026-08-27 03:47:00,NOAA-20,BALSAS,MARANHÃO,Brasil,2101400,21,33,,,,Cerrado,1.1
4ed33cb4-70de-3858-8efa-49bf70415c95,  -6.338970, -39.394630,2026-08-27 03:47:00,NOAA-20,IGUATU,CEARÁ,Brasil,2305506,23,33,,,,Caatinga,0.9
8e982a38-406e-3de3-a4ee-c9d95fd2a495,  -7.160270, -42.813640,2026-08-27 03:47:00,NOAA-20,NAZARÉ DO PIAUÍ,PIAUÍ,Brasil,2206704,22,33,,,,Caatinga,2.5
070e408d-4b6f-36f9-972c-fc55a071910b, -13.348950, -51.423190,2026-08-27 03:49:00,NOAA-20,RIBEIRÃO CASCALHEIRA,MATO GROSSO,Brasil,5107180,51,33,,,,Cerrado,24.0
632356aa-00b1-3838-9d2f-eb625082eb25,  -2.732170, -47.051020,2026-08-27 03:49:00,NOAA-20,PARAGOMINAS,PARÁ,Brasil,1505502,15,33,,,,Amazônia,6.1
ac0c699b-436f-39e6-a69a-72b4dfec999c, -12.759170, -46.469700,2026-08-27 03:49:00,NOAA-20,LAVANDEIRA,TOCANTINS,Brasil,1712157,17,33,,,,Cerrado,3.6
f88a3fdd-c04e-3838-bb63-7617bee17900, -11.269990, -46.875860,2026-08-27 03:49:00,NOAA-20,ALMAS,TOCANTINS,Brasil,1700400,17,33,,,,Cerrado,0.9
18de7762-673b-3aaa-9e57-5edab1f7d36d,  -8.797960, -50.058860,2026-08-27 03:49:00,NOAA-20,SANTA MARIA DAS BARREIRAS,PARÁ,Brasil,1506583,15,33,,,,Amazônia,3.6
6c8a3865-7a7c-38bb-b0a2-70294b855bab, -12.281330, -43.139480,2026-08-27 03:49:00,NOAA-20,IBOTIRAMA,BAHIA,Brasil,2913200,29,33,,,,Caatinga,1.8
b550c8d6-ba7e-3f39-a731-34b3f4171cba, -13.347490, -51.486910,2026-08-27 03:49:00,NOAA-20,RIBEIRÃO CASCALHEIRA,MATO GROSSO,Brasil,5107180,51,33,,,,Cerrado,8.8
7b7d682e-2424-3655-b736-8f5a9780488d, -13.359930, -51.441140,2026-08-27 03:49:00,NOAA-20,RIBEIRÃO CASCALHEIRA,MATO GROSSO,Brasil,5107180,51,33,,,,Cerrado,23.9
dd2d6657-01fd-396a-904e-927a0d757854,  -8.798200, -50.044670,2026-08-27 03:49:00,NOAA-20,SANTA MARIA DAS BARREIRAS,PARÁ,Brasil,1506583,15,33,,,,Amazônia,2.4
f9f74660-9af9-3755-8cd1-871b4161869a, -13.328710, -51.479910,2026-08-27 03:49:00,NOAA-20,RIBEIRÃO CASCALHEIRA,MATO GROSSO,Brasil,5107180,51,33,,,,Cerrado,5.2
dcbad42b-10b7-3e0e-b48e-4653ad25c1f4,  -9.392100, -45.509480,2026-08-27 03:49:00,NOAA-20,SANTA FILOMENA,PIAUÍ,Brasil,2209203,22,33,,,,Cerrado,1.4
df703819-67d9-3e3f-987d-16255a964eb3, -13.344410, -51.432120,2026-08-27 03:49:00,NOAA-20,RIBEIRÃO CASCALHEIRA,MATO GROSSO,Brasil,5107180,51,33,,,,Cerrado,21.1
f7ddb5ee-f2c7-3adf-b0f6-6f44e55a1caa, -13.325970, -51.425380,2026-08-27 03:49:00,NOAA-20,RIBEIRÃO CASCALHEIRA,MATO GROSSO,Brasil,5107180,51,33,,,,Cerrado,10.6
84843e3e-33dc-3d91-b833-6914523913dd, -13.324900, -48.216430,2026-08-27 03:49:00,NOAA-20,MINAÇU,GOIÁS,Brasil,5213087,52,33,,,,Cerrado,2.6
342974f2-7e1e-3d54-a05b-856707cbecd2, -13.367050, -51.442830,2026-08-27 03:49:00,NOAA-20,RIBEIRÃO CASCALHEIRA,MATO GROSSO,Brasil,5107180,51,33,,,,Cerrado,20.7
2c5484f5-a6ce-3a32-9180-cb81777c2dcc, -14.843500, -49.222670,2026-08-27 03:49:00,NOAA-20,HIDROLINA,GOIÁS,Brasil,5209804,52,33,,,,Cerrado,1.4
e6ede4c4-8fe0-331e-879f-21c65bfecaa3, -12.276230, -43.142670,2026-08-27 03:49:00,NOAA-20,IBOTIRAMA,BAHIA,Brasil,2913200,29,33,,,,Caatinga,1.2
93de97ba-a5fd-3eb5-8ec6-497cd0bc3c84,  -4.561550, -44.091210,2026-08-27 03:49:00,NOAA-20,CODÓ,MARANHÃO,Brasil,2103307,21,33,,,,Cerrado,3.3
c600d84d-5952-353c-9f08-1cce574feaac,  -8.805330, -50.046160,2026-08-27 03:49:00,NOAA-20,SANTA MARIA DAS BARREIRAS,PARÁ,Brasil,1506583,15,33,,,,Amazônia,2.4
96c042cc-7d32-30f7-887f-38b14dea0b47, -15.012400, -48.879910,2026-08-27 03:49:00,NOAA-20,BARRO ALTO,GOIÁS,Brasil,5203203,52,33,,,,Cerrado,1.5
94ba1b98-7a74-37c4-a848-4478544a04d9, -13.353110, -51.426560,2026-08-27 03:49:00,NOAA-20,RIBEIRÃO CASCALHEIRA,MATO GROSSO,Brasil,5107180,51,33,,,,Cerrado,20.1
2ec85a1d-7a2b-3a69-af8e-cea0359173b9, -10.410290, -46.890470,2026-08-27 03:49:00,NOAA-20,MATEIROS,TOCANTINS,Brasil,1712702,17,33,,,,Cerrado,4.9
b65a52b7-2757-3a2c-bb63-8f12221964e5, -11.797240, -47.669650,2026-08-27 03:49:00,NOAA-20,NATIVIDADE,TOCANTINS,Brasil,1714203,17,33,,,,Cerrado,2.2
27edb5f4-374e-3c15-a61f-4020bef00224,  -8.803810, -50.016400,2026-08-27 03:49:00,NOAA-20,SANTA MARIA DAS BARREIRAS,PARÁ,Brasil,1506583,15,33,,,,Amazônia,4.1
218aa35f-92a1-3390-bf45-8fa88c1d92a4, -14.909530, -43.413940,2026-08-27 03:49:00,NOAA-20,GAMELEIRAS,MINAS GERAIS,Brasil,3127339,31,33,,,,Caatinga,2.3
b03013aa-ce79-316a-86f2-46cfa84e2621, -11.618210, -46.750170,2026-08-27 03:49:00,NOAA-20,DIANÓPOLIS,TOCANTINS,Brasil,1707009,17,33,,,,Cerrado,5.1
461731a4-3c2c-3fa4-8e90-4ac3e6cd9642,  -4.974740, -37.239930,2026-08-27 03:49:00,NOAA-20,GROSSOS,RIO GRANDE DO NORTE,Brasil,2404408,24,33,,,,Caatinga,1.0
cae046a8-a988-3294-92d6-1e8a85926d8e, -12.617610, -48.413330,2026-08-27 03:49:00,NOAA-20,SÃO SALVADOR DO TOCANTINS,TOCANTINS,Brasil,1720259,17,33,,,,Cerrado,4.5
1dcc59cd-2b78-3b49-b277-3dc21d5adc24, -16.379990, -39.435490,2026-08-27 03:49:00,NOAA-20,SANTA CRUZ CABRÁLIA,BAHIA,Brasil,2927705,29,33,,,,Mata Atlântica,0.5
343249bc-490f-3d02-8180-c3035f1193cd,  -8.813970, -50.077630,2026-08-27 03:49:00,NOAA-20,SANTA MARIA DAS BARREIRAS,PARÁ,Brasil,1506583,15,33,,,,Amazônia,3.4
5417ce27-86ff-34a9-a4dc-84479a60a2db, -14.730300, -48.767340,2026-08-27 03:49:00,NOAA-20,BARRO ALTO,GOIÁS,Brasil,5203203,52,33,,,,Cerrado,1.9
34a2743c-3c5c-3b6c-8224-44463e5ac280,  -4.564970, -44.091780,2026-08-27 03:49:00,NOAA-20,CODÓ,MARANHÃO,Brasil,2103307,21,33,,,,Cerrado,1.6
f330f9a9-7a55-3a7c-b7b0-b1a726c3866c, -10.494400, -46.232190,2026-08-27 03:49:00,NOAA-20,MATEIROS,TOCANTINS,Brasil,1712702,17,33,,,,Cerrado,5.5
6a3371a7-0ba1-33dd-9522-90283dcd3bd6, -11.602040, -46.743430,2026-08-27 03:49:00,NOAA-20,DIANÓPOLIS,TOCANTINS,Brasil,1707009,17,33,,,,Cerrado,3.2
4556828a-84b1-3f19-a648-ae39a977a17a, -15.018390, -48.881310,2026-08-27 03:49:00,NOAA-20,BARRO ALTO,GOIÁS,Brasil,5203203,52,33,,,,Cerrado,2.5
6fc81c5e-fc1c-359a-a52b-5c348e9e98e4, -12.744070, -46.489780,2026-08-27 03:49:00,NOAA-20,LAVANDEIRA,TOCANTINS,Brasil,1712157,17,33,,,,Cerrado,2.1
874e18a6-12a5-33d1-b9ec-7428b414803b, -13.364170, -48.236980,2026-08-27 03:49:00,NOAA-20,MINAÇU,GOIÁS,Brasil,5213087,52,33,,,,Cerrado,3.0
f3a93775-0f81-3dd7-acf1-5f05a68aa881,  -2.731200, -47.056720,2026-08-27 03:49:00,NOAA-20,PARAGOMINAS,PARÁ,Brasil,1505502,15,33,,,,Amazônia,8.5
08fa519a-6965-3726-b75f-cd4385ce6d60, -13.386780, -51.455290,2026-08-27 03:49:00,NOAA-20,RIBEIRÃO CASCALHEIRA,MATO GROSSO,Brasil,5107180,51,33,,,,Cerrado,12.5
c15ffa3e-e42c-3e60-a324-cfe77ea249e4,  -8.809630, -50.061940,2026-08-27 03:49:00,NOAA-20,SANTA MARIA DAS BARREIRAS,PARÁ,Brasil,1506583,15,33,,,,Amazônia,4.9
04d751f3-02df-3b2a-9f25-68fe6531ec72,  -4.566750, -44.081680,2026-08-27 03:49:00,NOAA-20,CODÓ,MARANHÃO,Brasil,2103307,21,33,,,,Cerrado,10.5
1236078c-f260-3e7d-bfb3-bf4b6c4b5713, -17.795680, -39.703320,2026-08-27 03:49:00,NOAA-20,NOVA VIÇOSA,BAHIA,Brasil,2923001,29,33,,,,Mata Atlântica,1.7
f000c02f-a791-36ed-a542-40a0ec7a3718,  -8.765360, -50.023280,2026-08-27 03:49:00,NOAA-20,SANTA MARIA DAS BARREIRAS,PARÁ,Brasil,1506583,15,33,,,,Amazônia,4.7
d1ddfc8e-f307-3f55-9ece-79675faf119d, -11.488290, -45.094790,2026-08-27 03:49:00,NOAA-20,RIACHÃO DAS NEVES,BAHIA,Brasil,2926202,29,33,,,,Cerrado,1.9
a45d907e-6e21-354c-9e11-2dbe7e10790a, -13.356060, -51.424880,2026-08-27 03:49:00,NOAA-20,RIBEIRÃO CASCALHEIRA,MATO GROSSO,Brasil,5107180,51,33,,,,Cerrado,28.1
0bed6ea0-1d7a-3f6e-8fdd-8b6330ba5132, -14.749730, -48.764370,2026-08-27 03:49:00,NOAA-20,BARRO ALTO,GOIÁS,Brasil,5203203,52,33,,,,Cerrado,1.8
b7f74124-62fb-337a-9ec0-614cc85ae834, -10.363620, -45.064090,2026-08-27 03:49:00,NOAA-20,CORRENTE,PIAUÍ,Brasil,2202901,22,33,,,,Cerrado,11.3
bee2d822-e703-332f-8c19-ab738e506ba3, -13.321570, -51.478230,2026-08-27 03:49:00,NOAA-20,RIBEIRÃO CASCALHEIRA,MATO GROSSO,Brasil,5107180,51,33,,,,Cerrado,10.0
24141152-a1dd-3e0f-8726-a6b330970870, -13.376600, -48.206350,2026-08-27 03:49:00,NOAA-20,MINAÇU,GOIÁS,Brasil,5213087,52,33,,,,Cerrado,2.9
761a8797-0fac-3ae4-8ed6-3cf0de136c25, -12.766760, -46.459400,2026-08-27 03:49:00,NOAA-20,LAVANDEIRA,TOCANTINS,Brasil,1712157,17,33,,,,Cerrado,3.2
f1e14bad-4b14-3767-8ecd-4c73c3576919, -13.380120, -48.202950,2026-08-27 03:49:00,NOAA-20,MINAÇU,GOIÁS,Brasil,5213087,52,33,,,,Cerrado,2.7
c01df1d1-4647-315f-857f-9bc6ad98c12f, -11.621430, -46.749800,2026-08-27 03:49:00,NOAA-20,DIANÓPOLIS,TOCANTINS,Brasil,1707009,17,33,,,,Cerrado,4.4
714e8e10-1866-3270-a4b4-05f3edd39bd5, -10.369340, -45.061960,2026-08-27 03:49:00,NOAA-20,CORRENTE,PIAUÍ,Brasil,2202901,22,33,,,,Cerrado,12.5
3e8910af-4571-32ec-9e02-1afbe5f019f7, -14.904700, -39.897910,2026-08-27 03:49:00,NOAA-20,FIRMINO ALVES,BAHIA,Brasil,2910909,29,33,,,,Mata Atlântica,0.4
211f53c9-64ba-3ec8-8319-5f697e860507, -12.617880, -48.410260,2026-08-27 03:49:00,NOAA-20,SÃO SALVADOR DO TOCANTINS,TOCANTINS,Brasil,1720259,17,33,,,,Cerrado,5.4
02eb134d-f1e3-309a-a008-f5ceaf34988c,  -8.796490, -50.066040,2026-08-27 03:49:00,NOAA-20,SANTA MARIA DAS BARREIRAS,PARÁ,Brasil,1506583,15,33,,,,Amazônia,3.6
da8c2d11-d8be-37fe-be5b-5c1ab2e752b5, -16.660400, -41.152540,2026-08-27 03:49:00,NOAA-20,JOAÍMA,MINAS GERAIS,Brasil,3136009,31,33,,,,Mata Atlântica,0.8
eaa45e83-3d16-3bf3-8bce-2473f5c760cc, -11.491650, -45.104820,2026-08-27 03:49:00,NOAA-20,RIACHÃO DAS NEVES,BAHIA,Brasil,2926202,29,33,,,,Cerrado,2.3
7f5d1b2d-2f26-3dad-b4aa-35cbf1613911, -13.340370, -51.485130,2026-08-27 03:49:00,NOAA-20,RIBEIRÃO CASCALHEIRA,MATO GROSSO,Brasil,5107180,51,33,,,,Cerrado,8.8
85f14978-de6a-3cae-b159-61c815de654f,  -8.924640, -48.372720,2026-08-27 03:49:00,NOAA-20,GUARAÍ,TOCANTINS,Brasil,1709302,17,33,,,,Cerrado,6.6
673bc387-6420-376c-836b-e96d07c8f3f4, -14.712820, -47.727990,2026-08-27 03:49:00,NOAA-20,ÁGUA FRIA DE GOIÁS,GOIÁS,Brasil,5200175,52,33,,,,Cerrado,4.5
9ac268e7-0748-3a4e-9ddb-2af3129c6f00, -13.326100, -51.481680,2026-08-27 03:49:00,NOAA-20,RIBEIRÃO CASCALHEIRA,MATO GROSSO,Brasil,5107180,51,33,,,,Cerrado,6.7
7c73aa55-aec4-398e-99e1-62fdb01e1eb0,  -8.793880, -49.991860,2026-08-27 03:49:00,NOAA-20,SANTA MARIA DAS BARREIRAS,PARÁ,Brasil,1506583,15,33,,,,Amazônia,4.8
689e0816-c5b8-36d3-9442-9b4f89481c29,  -3.960300, -43.111710,2026-08-27 03:49:00,NOAA-20,BURITI,MARANHÃO,Brasil,2102200,21,33,,,,Cerrado,1.5
83d65dbc-680d-3dd3-a7a4-4aa04a8eb5ac,  -4.855100, -40.363270,2026-08-27 03:49:00,NOAA-20,TAMBORIL,CEARÁ,Brasil,2313203,23,33,,,,Caatinga,1.9
94f122a3-6eb6-3bd8-8130-90cbde114214, -13.327050, -48.205970,2026-08-27 03:49:00,NOAA-20,MINAÇU,GOIÁS,Brasil,5213087,52,33,,,,Cerrado,2.6
21cb6587-99a9-35d2-a133-960e1716da38,  -4.559660, -44.090820,2026-08-27 03:49:00,NOAA-20,CODÓ,MARANHÃO,Brasil,2103307,21,33,,,,Cerrado,1.6
309894b4-1b0c-3a43-af0d-6cb173bc8881,  -3.928650, -43.115270,2026-08-27 03:49:00,NOAA-20,BURITI,MARANHÃO,Brasil,2102200,21,33,,,,Cerrado,1.6
992f9545-caa6-370c-9085-eea9a30bf3ee, -14.204800, -45.267360,2026-08-27 03:49:00,NOAA-20,COCOS,BAHIA,Brasil,2908101,29,33,,,,Cerrado,4.6
a6f3a7f0-b558-367e-9b30-42d06c28fa4c, -13.368880, -51.492210,2026-08-27 03:49:00,NOAA-20,RIBEIRÃO CASCALHEIRA,MATO GROSSO,Brasil,5107180,51,33,,,,Cerrado,26.8
4156f85c-c345-3d33-8835-2f5dcf91c000, -13.368670, -51.435550,2026-08-27 03:49:00,NOAA-20,RIBEIRÃO CASCALHEIRA,MATO GROSSO,Brasil,5107180,51,33,,,,Cerrado,20.7
6980afda-fd0f-3731-b3ca-6b82d7a555c8, -11.492770, -45.098830,2026-08-27 03:49:00,NOAA-20,RIACHÃO DAS NEVES,BAHIA,Brasil,2926202,29,33,,,,Cerrado,2.9
0f895802-0b3c-30f6-ac02-f8740b86851b, -15.599590, -46.579430,2026-08-27 03:49:00,NOAA-20,BURITIS,MINAS GERAIS,Brasil,3109303,31,33,,,,Cerrado,2.0
4c6ea1d8-a5b3-31cc-a5f3-09c7cecf22e0,  -8.773930, -50.017520,2026-08-27 03:49:00,NOAA-20,SANTA MARIA DAS BARREIRAS,PARÁ,Brasil,1506583,15,33,,,,Amazônia,2.2
730afa55-0b48-352f-90cc-6cd36c2793b7,  -8.925740, -48.367190,2026-08-27 03:49:00,NOAA-20,TUPIRAMA,TOCANTINS,Brasil,1721257,17,33,,,,Cerrado,4.6
1cf96f4b-cde7-3e74-9f8e-2e4253c275f3,  -9.381660, -48.712270,2026-08-27 03:49:00,NOAA-20,MIRANORTE,TOCANTINS,Brasil,1713304,17,33,,,,Cerrado,3.8
27e3f979-3fca-3b4c-bbde-bfcbb08f931d, -13.389030, -51.478980,2026-08-27 03:49:00,NOAA-20,RIBEIRÃO CASCALHEIRA,MATO GROSSO,Brasil,5107180,51,33,,,,Cerrado,4.6
b2f71f5b-544e-3c24-a34c-1081b49707bc,  -8.811030, -50.054880,2026-08-27 03:49:00,NOAA-20,SANTA MARIA DAS BARREIRAS,PARÁ,Brasil,1506583,15,33,,,,Amazônia,4.9
062c4cae-96e5-30df-a306-48081203b913, -14.798480, -48.801400,2026-08-27 03:49:00,NOAA-20,BARRO ALTO,GOIÁS,Brasil,5203203,52,33,,,,Cerrado,2.4
903f191f-f1ae-3098-af71-9a56419703fd,  -4.557370, -44.083480,2026-08-27 03:49:00,NOAA-20,CODÓ,MARANHÃO,Brasil,2103307,21,33,,,,Cerrado,4.1
8ba1de9f-f843-3d7a-adcd-6bd036f5defa, -13.362730, -51.495890,2026-08-27 03:49:00,NOAA-20,RIBEIRÃO CASCALHEIRA,MATO GROSSO,Brasil,5107180,51,33,,,,Cerrado,13.0
2ccf2fc6-4647-3a6b-9d36-b70c689e0f30, -13.334730, -51.419800,2026-08-27 03:49:00,NOAA-20,RIBEIRÃO CASCALHEIRA,MATO GROSSO,Brasil,5107180,51,33,,,,Cerrado,19.2
836c1f8e-aae3-32c0-b945-204e4d3e5e00, -14.207420, -45.265740,2026-08-27 03:49:00,NOAA-20,COCOS,BAHIA,Brasil,2908101,29,33,,,,Cerrado,4.8
105fa9f8-7595-3d4a-94a6-7bdec06cc0db, -11.936940, -47.756940,2026-08-27 03:49:00,NOAA-20,NATIVIDADE,TOCANTINS,Brasil,1714203,17,33,,,,Cerrado,1.6
15437998-e1b0-38c0-a126-b727cbd49d3c, -12.743340, -46.493500,2026-08-27 03:49:00,NOAA-20,LAVANDEIRA,TOCANTINS,Brasil,1712157,17,33,,,,Cerrado,1.5
bbc60fbf-6562-3bf4-bbf5-f813f103360f,  -8.789630, -50.050450,2026-08-27 03:49:00,NOAA-20,SANTA MARIA DAS BARREIRAS,PARÁ,Brasil,1506583,15,33,,,,Amazônia,3.1
3f0981dd-b5f0-30d7-8ce9-d370483419a9, -14.279410, -42.699940,2026-08-27 03:49:00,NOAA-20,GUANAMBI,BAHIA,Brasil,2911709,29,33,,,,Caatinga,1.1
9a03cf85-a0f1-3cb4-869d-c529597a1f6e,  -4.567990, -44.085470,2026-08-27 03:49:00,NOAA-20,CODÓ,MARANHÃO,Brasil,2103307,21,33,,,,Cerrado,5.0
080a4c94-5b26-392d-b82f-c9b45772eb2f,  -8.779630, -50.026120,2026-08-27 03:49:00,NOAA-20,SANTA MARIA DAS BARREIRAS,PARÁ,Brasil,1506583,15,33,,,,Amazônia,2.2
4ac7388a-cb69-3731-ae9b-ccd9be08665b,  -8.803930, -50.053210,2026-08-27 03:49:00,NOAA-20,SANTA MARIA DAS BARREIRAS,PARÁ,Brasil,1506583,15,33,,,,Amazônia,3.3
b16a2820-130f-332f-bf6a-260ddd81f2af, -14.609910, -47.990680,2026-08-27 03:49:00,NOAA-20,NIQUELÂNDIA,GOIÁS,Brasil,5214606,52,33,,,,Cerrado,2.8
c7605cc7-4c3e-3d44-b50f-612d101b4dd1,  -8.806560, -50.053150,2026-08-27 03:49:00,NOAA-20,SANTA MARIA DAS BARREIRAS,PARÁ,Brasil,1506583,15,33,,,,Amazônia,6.8
a0577ae6-caf6-396b-b36f-35d1627dd7aa, -13.392280, -51.464310,2026-08-27 03:49:00,NOAA-20,RIBEIRÃO CASCALHEIRA,MATO GROSSO,Brasil,5107180,51,33,,,,Cerrado,7.9
40ce09d6-806e-364a-8d9a-c9a036afe333,  -8.808220, -50.069070,2026-08-27 03:49:00,NOAA-20,SANTA MARIA DAS BARREIRAS,PARÁ,Brasil,1506583,15,33,,,,Amazônia,3.4
b0d064fb-3ce1-3173-b8ce-97a808ecbdee, -11.629290, -46.753120,2026-08-27 03:49:00,NOAA-20,DIANÓPOLIS,TOCANTINS,Brasil,1707009,17,33,,,,Cerrado,0.5
e390562e-0361-320d-8b58-c518f9180326, -13.347320, -51.430470,2026-08-27 03:49:00,NOAA-20,RIBEIRÃO CASCALHEIRA,MATO GROSSO,Brasil,5107180,51,33,,,,Cerrado,16.7
83f81a74-94b1-356a-b10a-3881ae9ecda3, -10.552020, -50.460200,2026-08-27 03:49:00,NOAA-20,PIUM,TOCANTINS,Brasil,1717503,17,33,,,,Cerrado,3.6
74895481-5234-3a22-8d98-dae058a98126, -11.623780, -46.751440,2026-08-27 03:49:00,NOAA-20,DIANÓPOLIS,TOCANTINS,Brasil,1707009,17,33,,,,Cerrado,5.1
114717ee-6ce1-3b1a-af0c-54be71d57d7b,  -4.558500, -44.076800,2026-08-27 03:49:00,NOAA-20,CODÓ,MARANHÃO,Brasil,2103307,21,33,,,,Cerrado,4.2
0ed343f0-9b03-3908-baa7-33f3c83a412b,  -4.660800, -37.786360,2026-08-27 03:49:00,NOAA-20,ARACATI,CEARÁ,Brasil,2301109,23,33,,,,Caatinga,4.4
c5b86136-2767-315b-a231-1e603ed82709, -14.757210, -48.758610,2026-08-27 03:49:00,NOAA-20,BARRO ALTO,GOIÁS,Brasil,5203203,52,33,,,,Cerrado,3.4
077762dd-8eeb-3a9f-88fa-efce92e3f724, -11.577030, -45.434860,2026-08-27 03:49:00,NOAA-20,RIACHÃO DAS NEVES,BAHIA,Brasil,2926202,29,33,,,,Cerrado,1.1
0bb5b1ea-2232-32c8-a7a5-e8b9e5f66767, -11.596320, -50.444380,2026-08-27 03:49:00,NOAA-20,FORMOSO DO ARAGUAIA,TOCANTINS,Brasil,1708205,17,33,,,,Cerrado,5.2
72a47083-1793-3bb3-a2d7-40fbb43f15d2, -11.612570, -46.749190,2026-08-27 03:49:00,NOAA-20,DIANÓPOLIS,TOCANTINS,Brasil,1707009,17,33,,,,Cerrado,3.4
4a32736f-9053-3b0f-95c5-8e1134eea466,  -8.823370, -49.624590,2026-08-27 03:49:00,NOAA-20,SANTA MARIA DAS BARREIRAS,PARÁ,Brasil,1506583,15,33,,,,Amazônia,2.0
a46bf467-0d19-3aea-aadc-89be9733aaef, -11.168540, -45.066740,2026-08-27 03:49:00,NOAA-20,FORMOSA DO RIO PRETO,BAHIA,Brasil,2911105,29,33,,,,Cerrado,1.3
98ad2a4a-4371-351c-8f31-cf7a583d0930, -13.378650, -51.491950,2026-08-27 03:49:00,NOAA-20,RIBEIRÃO CASCALHEIRA,MATO GROSSO,Brasil,5107180,51,33,,,,Cerrado,26.3
ea8f89e9-4b36-39a9-b3e0-9f0a8b32fb9e, -11.255830, -47.075650,2026-08-27 03:49:00,NOAA-20,ALMAS,TOCANTINS,Brasil,1700400,17,33,,,,Cerrado,1.5
47e85812-7585-3b74-87b9-2223ea37fa95, -11.163470, -45.065760,2026-08-27 03:49:00,NOAA-20,FORMOSA DO RIO PRETO,BAHIA,Brasil,2911105,29,33,,,,Cerrado,1.0
e2ba44f1-3923-38e5-a7ee-aa89bd9d00d4, -13.379350, -48.206590,2026-08-27 03:49:00,NOAA-20,MINAÇU,GOIÁS,Brasil,5213087,52,33,,,,Cerrado,2.7
a9c985ca-a01c-319d-b121-33a1145f0f13, -11.271780, -46.876150,2026-08-27 03:49:00,NOAA-20,ALMAS,TOCANTINS,Brasil,1700400,17,33,,,,Cerrado,1.1
d1953948-98a7-3c17-b7bd-de01ffc7477a, -13.350110, -51.485060,2026-08-27 03:49:00,NOAA-20,RIBEIRÃO CASCALHEIRA,MATO GROSSO,Brasil,5107180,51,33,,,,Cerrado,7.7
44d9e0d9-9b50-3a84-acb0-edb4d2b41476,  -4.916190, -43.469370,2026-08-27 03:49:00,NOAA-20,CAXIAS,MARANHÃO,Brasil,2103000,21,33,,,,Cerrado,1.0
54378fe4-4488-31fc-86dd-c7e6ee2e35c3, -13.358300, -51.448450,2026-08-27 03:49:00,NOAA-20,RIBEIRÃO CASCALHEIRA,MATO GROSSO,Brasil,5107180,51,33,,,,Cerrado,6.0
c896d042-3e0e-3186-a9fb-1a6c2ce2544d, -13.364170, -51.444580,2026-08-27 03:49:00,NOAA-20,RIBEIRÃO CASCALHEIRA,MATO GROSSO,Brasil,5107180,51,33,,,,Cerrado,14.5
f74d2171-b0f3-3dad-88ad-5e4275bea92f, -10.303600, -49.962420,2026-08-27 03:49:00,NOAA-20,PIUM,TOCANTINS,Brasil,1717503,17,33,,,,Cerrado,2.9
441837da-8ede-33ac-8be1-b5f4265d6b7a, -13.342980, -51.483340,2026-08-27 03:49:00,NOAA-20,RIBEIRÃO CASCALHEIRA,MATO GROSSO,Brasil,5107180,51,33,,,,Cerrado,7.7
cce40c6a-ff23-36d1-a2ae-caf074a03d70, -13.376810, -51.455440,2026-08-27 03:49:00,NOAA-20,RIBEIRÃO CASCALHEIRA,MATO GROSSO,Brasil,5107180,51,33,,,,Cerrado,18.3
f2092c0f-2884-3ad0-aba4-c866a50068e9, -13.333090, -51.427070,2026-08-27 03:49:00,NOAA-20,RIBEIRÃO CASCALHEIRA,MATO GROSSO,Brasil,5107180,51,33,,,,Cerrado,10.6
542b9ee5-4aae-3fb2-b78c-e1b4b19a087f,  -4.562600, -44.074150,2026-08-27 03:49:00,NOAA-20,CODÓ,MARANHÃO,Brasil,2103307,21,33,,,,Cerrado,9.8
d43b24f3-2858-34a0-ab5e-f40f851190be, -13.310210, -51.485550,2026-08-27 03:49:00,NOAA-20,RIBEIRÃO CASCALHEIRA,MATO GROSSO,Brasil,5107180,51,33,,,,Cerrado,2.9
71fd2402-ca50-3488-b71e-63256442bdaf,  -4.563260, -44.081020,2026-08-27 03:49:00,NOAA-20,CODÓ,MARANHÃO,Brasil,2103307,21,33,,,,Cerrado,12.0
8832b625-e423-3fa5-9485-14aa90016555,  -4.562030, -44.077360,2026-08-27 03:49:00,NOAA-20,CODÓ,MARANHÃO,Brasil,2103307,21,33,,,,Cerrado,10.5
a38ca812-afe4-38cf-8a0c-3e3020f13608, -13.333240, -51.483390,2026-08-27 03:49:00,NOAA-20,RIBEIRÃO CASCALHEIRA,MATO GROSSO,Brasil,5107180,51,33,,,,Cerrado,6.7
25f401e7-e958-3761-9a07-91f0010ae003,  -8.788200, -50.057620,2026-08-27 03:49:00,NOAA-20,SANTA MARIA DAS BARREIRAS,PARÁ,Brasil,1506583,15,33,,,,Amazônia,3.1
5309dd16-a9c9-3083-ac55-f55900e4c0a6, -13.355600, -51.494160,2026-08-27 03:49:00,NOAA-20,RIBEIRÃO CASCALHEIRA,MATO GROSSO,Brasil,5107180,51,33,,,,Cerrado,13.0
b67222cc-c925-3277-9894-1b7563fd4494, -13.352810, -51.439460,2026-08-27 03:49:00,NOAA-20,RIBEIRÃO CASCALHEIRA,MATO GROSSO,Brasil,5107180,51,33,,,,Cerrado,23.9
74ea871b-5cab-30a0-b644-a56d69ba2536, -13.326040, -48.210920,2026-08-27 03:49:00,NOAA-20,MINAÇU,GOIÁS,Brasil,5213087,52,33,,,,Cerrado,2.6
09db92bd-4834-3047-a164-5324500334ee, -15.514820, -48.504040,2026-08-27 03:49:00,NOAA-20,PADRE BERNARDO,GOIÁS,Brasil,5215603,52,33,,,,Cerrado,2.1
043e5ef1-618d-3de0-8467-d93243c6d116,  -9.382850, -48.706180,2026-08-27 03:49:00,NOAA-20,MIRANORTE,TOCANTINS,Brasil,1713304,17,33,,,,Cerrado,3.8
dc4fbd7f-89f9-374a-9b5a-58fedda319b8, -13.376400, -51.468230,2026-08-27 03:49:00,NOAA-20,RIBEIRÃO CASCALHEIRA,MATO GROSSO,Brasil,5107180,51,33,,,,Cerrado,4.2
900a0684-3386-396f-8a1a-a36061244974, -14.923690, -41.303210,2026-08-27 03:49:00,NOAA-20,TREMEDAL,BAHIA,Brasil,2931806,29,33,,,,Mata Atlântica,3.4
b8013d5f-9af4-39b8-b369-3dfcf615ad8e,  -8.799660, -50.074780,2026-08-27 03:49:00,NOAA-20,SANTA MARIA DAS BARREIRAS,PARÁ,Brasil,1506583,15,33,,,,Amazônia,2.7
4d259bbd-83f4-3785-9bcc-1287c0a7e21f,  -4.558750, -38.452050,2026-08-27 03:49:00,NOAA-20,OCARA,CEARÁ,Brasil,2309458,23,33,,,,Caatinga,1.3
db1517d6-ff8e-3ed9-981b-381cbc36e498,  -4.552060, -44.082510,2026-08-27 03:49:00,NOAA-20,CODÓ,MARANHÃO,Brasil,2103307,21,33,,,,Cerrado,4.1
e0fdcd5e-c68f-33cd-ae9a-030f17d4af76,  -4.567340, -44.078310,2026-08-27 03:49:00,NOAA-20,CODÓ,MARANHÃO,Brasil,2103307,21,33,,,,Cerrado,10.5
0b40323b-0c15-338d-a338-28ab2c655298,  -9.377220, -48.700170,2026-08-27 03:49:00,NOAA-20,MIRANORTE,TOCANTINS,Brasil,1713304,17,33,,,,Cerrado,5.9
0d5bac1a-daa8-39a6-91bd-e357d2cca1ba, -10.393410, -48.282340,2026-08-27 03:49:00,NOAA-20,PALMAS,TOCANTINS,Brasil,1721000,17,33,,,,Cerrado,1.2
a5e6caf5-00b5-3d27-a9e9-5da2a194ebcf, -13.371290, -51.446330,2026-08-27 03:49:00,NOAA-20,RIBEIRÃO CASCALHEIRA,MATO GROSSO,Brasil,5107180,51,33,,,,Cerrado,14.5
cbd5ab3e-9e67-3e81-8bc9-9b3e165c73ff,  -4.552630, -44.079140,2026-08-27 03:49:00,NOAA-20,CODÓ,MARANHÃO,Brasil,2103307,21,33,,,,Cerrado,4.2
0e8270ce-7e14-3841-8ca4-ae9e80154aa4, -12.768470, -46.459440,2026-08-27 03:49:00,NOAA-20,LAVANDEIRA,TOCANTINS,Brasil,1712157,17,33,,,,Cerrado,3.6
26bba212-50ab-3cfa-96ee-fd2b01323add, -13.311830, -51.478200,2026-08-27 03:49:00,NOAA-20,RIBEIRÃO CASCALHEIRA,MATO GROSSO,Brasil,5107180,51,33,,,,Cerrado,2.9
c3321015-8c14-32f2-bcae-fcd01a622227,  -4.664350, -37.786940,2026-08-27 03:49:00,NOAA-20,ARACATI,CEARÁ,Brasil,2301109,23,33,,,,Caatinga,1.2
088fc90d-8e76-3110-ae0c-d8874c7c2135,  -8.778190, -50.033290,2026-08-27 03:49:00,NOAA-20,SANTA MARIA DAS BARREIRAS,PARÁ,Brasil,1506583,15,33,,,,Amazônia,4.0
1f3ffd2a-a1a7-3ec3-ac74-24f315620dd3, -13.383930, -51.457180,2026-08-27 03:49:00,NOAA-20,RIBEIRÃO CASCALHEIRA,MATO GROSSO,Brasil,5107180,51,33,,,,Cerrado,18.3
4c13f5d7-a9b0-31f9-9f0d-03081a5a000d, -14.731220, -48.763000,2026-08-27 03:49:00,NOAA-20,BARRO ALTO,GOIÁS,Brasil,5203203,52,33,,,,Cerrado,4.2
10df77cf-20d7-3641-ab47-db6598571422, -11.937810, -47.752550,2026-08-27 03:49:00,NOAA-20,NATIVIDADE,TOCANTINS,Brasil,1714203,17,33,,,,Cerrado,1.2
21707e20-0714-3980-95b6-1ff124713782, -17.003970, -41.592080,2026-08-27 03:49:00,NOAA-20,PADRE PARAÍSO,MINAS GERAIS,Brasil,3146305,31,33,,,,Mata Atlântica,0.6
8397c368-da2a-3404-9fee-9c048da680c7,  -8.816480, -50.077420,2026-08-27 03:49:00,NOAA-20,SANTA MARIA DAS BARREIRAS,PARÁ,Brasil,1506583,15,33,,,,Amazônia,2.9
e3844a57-9c94-3521-a146-83e9fbbf5015, -13.363340, -51.483090,2026-08-27 03:49:00,NOAA-20,RIBEIRÃO CASCALHEIRA,MATO GROSSO,Brasil,5107180,51,33,,,,Cerrado,12.0
04705faf-8e90-35c0-97c7-7762a4519420, -10.296670, -49.960940,2026-08-27 03:49:00,NOAA-20,PIUM,TOCANTINS,Brasil,1717503,17,33,,,,Cerrado,2.9
3c141665-3d62-3fbe-8433-b5b7b84c1c3a, -11.807240, -47.681220,2026-08-27 03:49:00,NOAA-20,NATIVIDADE,TOCANTINS,Brasil,1714203,17,33,,,,Cerrado,2.5
bd89dacb-4d19-3f2b-8258-a8f4ef883232, -13.335650, -48.194380,2026-08-27 03:49:00,NOAA-20,MINAÇU,GOIÁS,Brasil,5213087,52,33,,,,Cerrado,2.6
6728245c-1ac8-39a1-b035-b5f04dcadcd8, -14.763240, -48.759750,2026-08-27 03:49:00,NOAA-20,BARRO ALTO,GOIÁS,Brasil,5203203,52,33,,,,Cerrado,3.4
033ff4b6-1df2-3236-ab5e-aa424a339437, -13.354620, -51.488670,2026-08-27 03:49:00,NOAA-20,RIBEIRÃO CASCALHEIRA,MATO GROSSO,Brasil,5107180,51,33,,,,Cerrado,20.2
c0ea6479-6dab-3c7f-befa-f6f57e909ae9, -11.800440, -47.684380,2026-08-27 03:49:00,NOAA-20,NATIVIDADE,TOCANTINS,Brasil,1714203,17,33,,,,Cerrado,2.1
e1da477f-46cb-34e0-9ca5-6db766e3867a, -13.332260, -48.210840,2026-08-27 03:49:00,NOAA-20,MINAÇU,GOIÁS,Brasil,5213087,52,33,,,,Cerrado,5.7
240b3a7c-e08b-3609-b1b4-cc2a15736bad, -13.354440, -51.432160,2026-08-27 03:49:00,NOAA-20,RIBEIRÃO CASCALHEIRA,MATO GROSSO,Brasil,5107180,51,33,,,,Cerrado,23.9
6ddd613f-a5e2-3e8b-9d3d-e23dd17eaaad, -10.411070, -46.886520,2026-08-27 03:49:00,NOAA-20,MATEIROS,TOCANTINS,Brasil,1712702,17,33,,,,Cerrado,4.9
273d2c18-ff60-33eb-b8d9-dd185ceeaa3c,  -8.925340, -48.371740,2026-08-27 03:49:00,NOAA-20,TUPIRAMA,TOCANTINS,Brasil,1721257,17,33,,,,Cerrado,7.2
b7ad1c82-0bfa-39ec-954f-604a56d64f31,  -4.568560, -44.082070,2026-08-27 03:49:00,NOAA-20,CODÓ,MARANHÃO,Brasil,2103307,21,33,,,,Cerrado,12.0
38b5e023-78e0-3476-b4e0-9bd2d71a4d5a, -15.771270, -47.799300,2026-08-27 03:49:00,NOAA-20,BRASÍLIA,DISTRITO FEDERAL,Brasil,5300108,53,33,,,,Cerrado,0.7
f8347396-6df5-3b8c-b324-69c6fab0d77e, -13.380810, -48.216130,2026-08-27 03:49:00,NOAA-20,MINAÇU,GOIÁS,Brasil,5213087,52,33,,,,Cerrado,2.6
4b32f15d-3898-3303-976a-4aa1caa4fc71, -13.351750, -51.477750,2026-08-27 03:49:00,NOAA-20,RIBEIRÃO CASCALHEIRA,MATO GROSSO,Brasil,5107180,51,33,,,,Cerrado,7.7
77c2cae4-2df6-3952-affa-04ed1a242fa4, -15.104370, -48.016170,2026-08-27 03:49:00,NOAA-20,ÁGUA FRIA DE GOIÁS,GOIÁS,Brasil,5200175,52,33,,,,Cerrado,1.6
48d78b1f-96ac-3448-ab98-29392ef4a42b, -13.383530, -51.469910,2026-08-27 03:49:00,NOAA-20,RIBEIRÃO CASCALHEIRA,MATO GROSSO,Brasil,5107180,51,33,,,,Cerrado,4.2
5b04259f-f036-3de4-978e-f9b80c46e42c, -13.319920, -51.485550,2026-08-27 03:49:00,NOAA-20,RIBEIRÃO CASCALHEIRA,MATO GROSSO,Brasil,5107180,51,33,,,,Cerrado,3.9
649c62e8-5b3b-33a0-a0f4-65085cfab7c2, -11.279710, -46.866020,2026-08-27 03:49:00,NOAA-20,ALMAS,TOCANTINS,Brasil,1700400,17,33,,,,Cerrado,1.5
8060fc45-6d8c-3ddb-a872-5cbaa14a9990, -13.310440, -51.416190,2026-08-27 03:49:00,NOAA-20,RIBEIRÃO CASCALHEIRA,MATO GROSSO,Brasil,5107180,51,33,,,,Cerrado,7.0
6c69b36d-ff24-3040-a492-6fba53ac85f6,  -3.536740, -48.182350,2026-08-27 03:49:00,NOAA-20,PARAGOMINAS,PARÁ,Brasil,1505502,15,33,,,,Amazônia,2.3
9b9845e4-0578-32d0-afbd-3691b8ee6710, -11.490510, -45.110970,2026-08-27 03:49:00,NOAA-20,RIACHÃO DAS NEVES,BAHIA,Brasil,2926202,29,33,,,,Cerrado,1.3
991ab3ba-2d3a-3d17-aa95-499eafcd893e,  -9.383900, -48.700830,2026-08-27 03:49:00,NOAA-20,MIRANORTE,TOCANTINS,Brasil,1713304,17,33,,,,Cerrado,3.8
2e322b48-ccc2-3c86-8b2d-6eab0e8e8d4b,  -8.791070, -50.005910,2026-08-27 03:49:00,NOAA-20,SANTA MARIA DAS BARREIRAS,PARÁ,Brasil,1506583,15,33,,,,Amazônia,6.7
2f07aaef-bdd0-3b1d-96ea-45a6240688ba, -13.371510, -51.490250,2026-08-27 03:49:00,NOAA-20,RIBEIRÃO CASCALHEIRA,MATO GROSSO,Brasil,5107180,51,33,,,,Cerrado,26.3
43041cff-c8d5-35c7-8b60-1ebda67abe18, -10.363040, -45.067180,2026-08-27 03:49:00,NOAA-20,CORRENTE,PIAUÍ,Brasil,2202901,22,33,,,,Cerrado,11.0
c54d0c10-6e60-36df-b6a6-b8bb11cabc08,  -8.763940, -50.030340,2026-08-27 03:49:00,NOAA-20,SANTA MARIA DAS BARREIRAS,PARÁ,Brasil,1506583,15,33,,,,Amazônia,2.8
83d93477-afb2-3fbe-ad09-5f17b53eb691, -10.392390, -48.287420,2026-08-27 03:49:00,NOAA-20,PALMAS,TOCANTINS,Brasil,1721000,17,33,,,,Cerrado,1.2
0ef14358-af66-36f5-967f-6468a244c155, -13.344610, -51.476040,2026-08-27 03:49:00,NOAA-20,RIBEIRÃO CASCALHEIRA,MATO GROSSO,Brasil,5107180,51,33,,,,Cerrado,7.7
0d19d80f-6dec-38fe-9d6e-6230e697a46a, -16.020130, -40.509430,2026-08-27 03:49:00,NOAA-20,ALMENARA,MINAS GERAIS,Brasil,3101706,31,33,,,,Mata Atlântica,0.8
e944f298-621f-32d7-b9f5-98a0fd2cf34c,  -4.689140, -44.379820,2026-08-27 03:49:00,NOAA-20,CAPINZAL DO NORTE,MARANHÃO,Brasil,2102754,21,33,,,,Cerrado,2.1
200a2758-491a-3eeb-ac06-51a28efd63df, -13.341960, -51.477830,2026-08-27 03:49:00,NOAA-20,RIBEIRÃO CASCALHEIRA,MATO GROSSO,Brasil,5107180,51,33,,,,Cerrado,8.8
a45d5075-2ef0-316d-bfca-04e271f85ed8,  -8.822020, -49.631290,2026-08-27 03:49:00,NOAA-20,SANTA MARIA DAS BARREIRAS,PARÁ,Brasil,1506583,15,33,,,,Amazônia,2.0
ea015f5e-6ab3-3466-8971-35d1e7b4307f, -13.382350, -51.464520,2026-08-27 03:49:00,NOAA-20,RIBEIRÃO CASCALHEIRA,MATO GROSSO,Brasil,5107180,51,33,,,,Cerrado,14.3
eabd18a3-c627-37f4-8210-3fa332d063a8, -15.600230, -46.576260,2026-08-27 03:49:00,NOAA-20,BURITIS,MINAS GERAIS,Brasil,3109303,31,33,,,,Cerrado,2.9
0c1112e2-ed48-3147-8116-17b0cf59353b,  -4.566160, -44.085040,2026-08-27 03:49:00,NOAA-20,CODÓ,MARANHÃO,Brasil,2103307,21,33,,,,Cerrado,5.2
40d763d7-e5ec-38f3-9c12-c8d37d7df592, -15.513870, -48.503170,2026-08-27 03:49:00,NOAA-20,PADRE BERNARDO,GOIÁS,Brasil,5215603,52,33,,,,Cerrado,2.2
24a3da27-432f-3948-aefc-0c2778f641b9, -14.926270, -41.305670,2026-08-27 03:49:00,NOAA-20,TREMEDAL,BAHIA,Brasil,2931806,29,33,,,,Mata Atlântica,3.3
c3cfc1d0-bfb4-3ad7-b1d7-36c74b1d5f5c, -11.255380, -47.075990,2026-08-27 03:49:00,NOAA-20,ALMAS,TOCANTINS,Brasil,1700400,17,33,,,,Cerrado,1.4
1f3b8e90-3cfb-380a-af78-f7a203e92425, -17.795050, -39.707120,2026-08-27 03:49:00,NOAA-20,NOVA VIÇOSA,BAHIA,Brasil,2923001,29,33,,,,Mata Atlântica,1.7
5e4af583-cb2d-3ba6-826d-0f2828586dee, -13.364370, -51.488530,2026-08-27 03:49:00,NOAA-20,RIBEIRÃO CASCALHEIRA,MATO GROSSO,Brasil,5107180,51,33,,,,Cerrado,28.6
330c40cb-3471-3f09-99f1-105248b3f59a, -13.334910, -48.197940,2026-08-27 03:49:00,NOAA-20,MINAÇU,GOIÁS,Brasil,5213087,52,33,,,,Cerrado,2.6
6dbf09ae-55e8-3b7e-9c11-2206637ace4d,  -4.174510, -42.441720,2026-08-27 03:49:00,NOAA-20,BARRAS,PIAUÍ,Brasil,2201200,22,33,,,,Caatinga,2.1
f5981174-0913-388b-9022-daeadb463bb5, -11.493320, -45.095890,2026-08-27 03:49:00,NOAA-20,RIACHÃO DAS NEVES,BAHIA,Brasil,2926202,29,33,,,,Cerrado,1.9
c0eaa4dc-016c-3f73-bd18-3544d70dcf6a, -13.390660, -51.471630,2026-08-27 03:49:00,NOAA-20,RIBEIRÃO CASCALHEIRA,MATO GROSSO,Brasil,5107180,51,33,,,,Cerrado,4.6
6eb94532-d21f-302a-a55d-4ce128a5894d, -13.334140, -48.201710,2026-08-27 03:49:00,NOAA-20,MINAÇU,GOIÁS,Brasil,5213087,52,33,,,,Cerrado,5.3
634648f1-3445-3e3c-a40c-bd84f79dd24e, -13.335850, -51.481610,2026-08-27 03:49:00,NOAA-20,RIBEIRÃO CASCALHEIRA,MATO GROSSO,Brasil,5107180,51,33,,,,Cerrado,5.2
6f555ab1-8060-3fcd-993f-a4f2f7985e49, -15.770420, -47.803360,2026-08-27 03:49:00,NOAA-20,BRASÍLIA,DISTRITO FEDERAL,Brasil,5300108,53,33,,,,Cerrado,0.8
2889583d-27c1-379f-8214-33090ac49428, -11.576450, -45.437880,2026-08-27 03:49:00,NOAA-20,RIACHÃO DAS NEVES,BAHIA,Brasil,2926202,29,33,,,,Cerrado,1.1
2898f3a6-989c-3b90-9aea-f3177e5a5c7b,  -8.809330, -50.075980,2026-08-27 03:49:00,NOAA-20,SANTA MARIA DAS BARREIRAS,PARÁ,Brasil,1506583,15,33,,,,Amazônia,2.9
35478ed6-1a16-3970-83f6-609ed821ff9d,  -8.810780, -50.068900,2026-08-27 03:49:00,NOAA-20,SANTA MARIA DAS BARREIRAS,PARÁ,Brasil,1506583,15,33,,,,Amazônia,5.9
91bca843-e074-3b6b-ba10-3da2a63a9175,  -8.801080, -50.067600,2026-08-27 03:49:00,NOAA-20,SANTA MARIA DAS BARREIRAS,PARÁ,Brasil,1506583,15,33,,,,Amazônia,2.7
054e8ce3-b130-3f07-b32b-5700b5fdbb97, -13.346000, -51.424820,2026-08-27 03:49:00,NOAA-20,RIBEIRÃO CASCALHEIRA,MATO GROSSO,Brasil,5107180,51,33,,,,Cerrado,21.1
8079fee4-7ea7-336c-9dd5-65d63bdcff51, -15.514780, -48.498870,2026-08-27 03:49:00,NOAA-20,PADRE BERNARDO,GOIÁS,Brasil,5215603,52,33,,,,Cerrado,1.3
e1090a55-902e-3816-8a78-213e3e6a6d1a, -10.362450, -45.070270,2026-08-27 03:49:00,NOAA-20,CORRENTE,PIAUÍ,Brasil,2202901,22,33,,,,Cerrado,11.0
1c5aeb9b-9ef9-3c45-a677-d0394ce7424e,  -8.799610, -50.037580,2026-08-27 03:49:00,NOAA-20,SANTA MARIA DAS BARREIRAS,PARÁ,Brasil,1506583,15,33,,,,Amazônia,2.4
01104a05-dba1-3ea2-bf2b-b68ff51dde48, -17.791660, -39.706500,2026-08-27 03:49:00,NOAA-20,NOVA VIÇOSA,BAHIA,Brasil,2923001,29,33,,,,Mata Atlântica,1.7
27f1a716-8413-3526-9c36-d4709526c895, -10.940650, -50.272470,2026-08-27 03:49:00,NOAA-20,LAGOA DA CONFUSÃO,TOCANTINS,Brasil,1711902,17,33,,,,Cerrado,1.9
cd3c808e-466d-3835-9e96-c510a70d60ea,  -3.537830, -48.183980,2026-08-27 03:49:00,NOAA-20,PARAGOMINAS,PARÁ,Brasil,1505502,15,33,,,,Amazônia,4.6
295b5762-b188-3331-8d64-5679f85a9d4c, -13.356220, -51.481330,2026-08-27 03:49:00,NOAA-20,RIBEIRÃO CASCALHEIRA,MATO GROSSO,Brasil,5107180,51,33,,,,Cerrado,12.0
969e0fea-0046-383d-85e4-0971571b3f81, -14.838410, -49.216380,2026-08-27 03:49:00,NOAA-20,HIDROLINA,GOIÁS,Brasil,5209804,52,33,,,,Cerrado,1.4
12fce079-b950-3013-9b30-5e2d82ba4619, -11.620670, -46.753640,2026-08-27 03:49:00,NOAA-20,DIANÓPOLIS,TOCANTINS,Brasil,1707009,17,33,,,,Cerrado,5.3
63e11cb9-9633-3cdd-81a5-a9cb2599e768, -11.272570, -46.872210,2026-08-27 03:49:00,NOAA-20,ALMAS,TOCANTINS,Brasil,1700400,17,33,,,,Cerrado,1.1
107ef774-a364-3aba-bcd2-47c69a3b655a, -15.023430, -48.887170,2026-08-27 03:49:00,NOAA-20,BARRO ALTO,GOIÁS,Brasil,5203203,52,33,,,,Cerrado,2.3
8f1d7118-2f6b-3e9c-a2dd-301a33f287a0, -10.368180, -45.068150,2026-08-27 03:49:00,NOAA-20,CORRENTE,PIAUÍ,Brasil,2202901,22,33,,,,Cerrado,13.8
047208e5-3b33-31f6-a86d-cbfd4e1a26b4, -11.798140, -47.665190,2026-08-27 03:49:00,NOAA-20,NATIVIDADE,TOCANTINS,Brasil,1714203,17,33,,,,Cerrado,2.2
13804728-db23-3c0e-94f8-2bef1bb72190, -13.361550, -51.433860,2026-08-27 03:49:00,NOAA-20,RIBEIRÃO CASCALHEIRA,MATO GROSSO,Brasil,5107180,51,33,,,,Cerrado,23.9
21f015ef-7372-3432-9a68-7df251e7955d, -14.910290, -43.409840,2026-08-27 03:49:00,NOAA-20,GAMELEIRAS,MINAS GERAIS,Brasil,3127339,31,33,,,,Caatinga,2.3
5818077c-03b0-36e2-8a6c-c27c42a5e1fe, -13.375840, -48.210090,2026-08-27 03:49:00,NOAA-20,MINAÇU,GOIÁS,Brasil,5213087,52,33,,,,Cerrado,3.8
391e5eac-c499-323f-9816-fc2375da7918,  -8.805110, -50.060260,2026-08-27 03:49:00,NOAA-20,SANTA MARIA DAS BARREIRAS,PARÁ,Brasil,1506583,15,33,,,,Amazônia,3.6
b78d4c4a-305a-3010-8184-7f0fb2e160ff, -12.211300, -50.613320,2026-08-27 03:49:00,NOAA-20,FORMOSO DO ARAGUAIA,TOCANTINS,Brasil,1708205,17,33,,,,Cerrado,2.5
404775ed-80b7-399b-b625-f85a9454aca4,  -5.549510, -42.618400,2026-08-27 03:49:00,NOAA-20,MONSENHOR GIL,PIAUÍ,Brasil,2206407,22,33,,,,Caatinga,1.0
89a7da49-40e5-39e9-8fbe-b775e35122a8, -12.770050, -46.451540,2026-08-27 03:49:00,NOAA-20,LAVANDEIRA,TOCANTINS,Brasil,1712157,17,33,,,,Cerrado,2.5
48fa60e8-36e1-3f8b-86bc-a451d7ff9a03, -14.736550, -48.767430,2026-08-27 03:49:00,NOAA-20,BARRO ALTO,GOIÁS,Brasil,5203203,52,33,,,,Cerrado,1.9
6bc9b96f-e1cc-3f18-a200-189197182c99, -13.312780, -51.483850,2026-08-27 03:49:00,NOAA-20,RIBEIRÃO CASCALHEIRA,MATO GROSSO,Brasil,5107180,51,33,,,,Cerrado,3.9
a5457b69-fae9-34aa-af7c-4ce16c0a06d7,  -8.918880, -48.370350,2026-08-27 03:49:00,NOAA-20,GUARAÍ,TOCANTINS,Brasil,1709302,17,33,,,,Cerrado,1.9
9a9794a8-bc20-36bf-bc62-ee41787b33c2,  -8.800880, -50.044600,2026-08-27 03:49:00,NOAA-20,SANTA MARIA DAS BARREIRAS,PARÁ,Brasil,1506583,15,33,,,,Amazônia,6.8
ebdc35a8-9bf1-3621-90c1-a1a9c2d485ab, -13.351520, -51.433860,2026-08-27 03:49:00,NOAA-20,RIBEIRÃO CASCALHEIRA,MATO GROSSO,Brasil,5107180,51,33,,,,Cerrado,20.1
78b70ffb-d4b7-31f7-879c-8a80ec15ebc4,  -3.880770, -40.942180,2026-08-27 03:49:00,NOAA-20,UBAJARA,CEARÁ,Brasil,2313609,23,33,,,,Caatinga,0.7
773f4077-695e-378c-af13-9e4d8bd7df52, -13.358630, -51.435590,2026-08-27 03:49:00,NOAA-20,RIBEIRÃO CASCALHEIRA,MATO GROSSO,Brasil,5107180,51,33,,,,Cerrado,20.1
fbdc062b-1eca-376e-be4f-33eff3d20910,  -9.379340, -48.689330,2026-08-27 03:49:00,NOAA-20,MIRANORTE,TOCANTINS,Brasil,1713304,17,33,,,,Cerrado,3.8
43e8f56a-f2ff-30b1-9711-fc3effcf955e, -12.753110, -46.472020,2026-08-27 03:49:00,NOAA-20,LAVANDEIRA,TOCANTINS,Brasil,1712157,17,33,,,,Cerrado,4.1
602ccb11-a4f5-3f32-b1be-974b1168c72e, -14.922850, -41.307890,2026-08-27 03:49:00,NOAA-20,TREMEDAL,BAHIA,Brasil,2931806,29,33,,,,Mata Atlântica,3.4
c9e66a9b-d385-3780-8072-83b3835e48e5, -15.280510, -40.464010,2026-08-27 03:49:00,NOAA-20,ITAMBÉ,BAHIA,Brasil,2915809,29,33,,,,Mata Atlântica,0.4
29864fb2-69ab-3d03-9872-031474f87085, -14.273150, -42.710920,2026-08-27 03:49:00,NOAA-20,GUANAMBI,BAHIA,Brasil,2911709,29,33,,,,Caatinga,4.8
5caf7b41-46a7-3051-8e9d-136e4f634602,  -8.796780, -50.051850,2026-08-27 03:49:00,NOAA-20,SANTA MARIA DAS BARREIRAS,PARÁ,Brasil,1506583,15,33,,,,Amazônia,3.3
fb04b3ed-08c4-321e-bf9d-390a0be02ba3, -10.410150, -46.890820,2026-08-27 03:49:00,NOAA-20,MATEIROS,TOCANTINS,Brasil,1712702,17,33,,,,Cerrado,4.5
6822a464-0071-368c-8b8e-0510e09f6eff, -15.921270, -43.525350,2026-08-27 03:49:00,NOAA-20,JANAÚBA,MINAS GERAIS,Brasil,3135100,31,33,,,,Cerrado,0.6
206bbfca-fcf3-3930-b555-47201a8c9209, -11.802230, -47.675480,2026-08-27 03:49:00,NOAA-20,NATIVIDADE,TOCANTINS,Brasil,1714203,17,33,,,,Cerrado,2.5
37054307-0242-3aa1-99c1-a65522848570, -13.377750, -48.214230,2026-08-27 03:49:00,NOAA-20,MINAÇU,GOIÁS,Brasil,5213087,52,33,,,,Cerrado,2.3
19b8be92-8b4c-30cb-b4a5-214628939645, -13.318960, -51.479960,2026-08-27 03:49:00,NOAA-20,RIBEIRÃO CASCALHEIRA,MATO GROSSO,Brasil,5107180,51,33,,,,Cerrado,2.9
6f787a95-b4d7-3b6e-a173-bea7185d5192,  -9.269020, -45.647470,2026-08-27 03:49:00,NOAA-20,SANTA FILOMENA,PIAUÍ,Brasil,2209203,22,33,,,,Cerrado,3.7
3a94d501-35fa-37dc-9417-b25d117e8cd5, -13.383560, -48.216110,2026-08-27 03:49:00,NOAA-20,MINAÇU,GOIÁS,Brasil,5213087,52,33,,,,Cerrado,2.3
7a0d85c5-1491-3d87-84fe-ece229154433,  -8.781070, -50.018910,2026-08-27 03:49:00,NOAA-20,SANTA MARIA DAS BARREIRAS,PARÁ,Brasil,1506583,15,33,,,,Amazônia,2.2
e7bc5086-afd8-3cf1-97c9-1637661ee219, -14.604350, -47.988610,2026-08-27 03:49:00,NOAA-20,NIQUELÂNDIA,GOIÁS,Brasil,5214606,52,33,,,,Cerrado,2.8
b6247bcd-2a9f-3692-ae52-5d5167e7ee22,  -8.803650, -50.067410,2026-08-27 03:49:00,NOAA-20,SANTA MARIA DAS BARREIRAS,PARÁ,Brasil,1506583,15,33,,,,Amazônia,3.6
8f15e48d-3515-36f9-8c2a-8f89ac89394d,  -3.960790, -43.108790,2026-08-27 03:49:00,NOAA-20,BURITI,MARANHÃO,Brasil,2102200,21,33,,,,Cerrado,1.5
2401c378-3ad0-3ae0-9edd-07f2bf9a77ee, -14.273850, -42.707100,2026-08-27 03:49:00,NOAA-20,GUANAMBI,BAHIA,Brasil,2911709,29,33,,,,Caatinga,4.9
babd6d9a-b967-3dd0-9071-6199774340a1,  -8.762710, -50.021760,2026-08-27 03:49:00,NOAA-20,SANTA MARIA DAS BARREIRAS,PARÁ,Brasil,1506583,15,33,,,,Amazônia,1.9
b4a28292-ab92-34ff-8439-670e8c6449c0, -14.804310, -42.390880,2026-08-27 03:49:00,NOAA-20,JACARACI,BAHIA,Brasil,2917409,29,33,,,,Caatinga,0.9
9ef2a2ed-4fbf-362d-8e01-f37197901092, -11.489930, -45.114050,2026-08-27 03:49:00,NOAA-20,RIACHÃO DAS NEVES,BAHIA,Brasil,2926202,29,33,,,,Cerrado,1.3
5df976d6-b28a-3201-aa10-bb031e0f5b40, -11.613300, -46.745440,2026-08-27 03:49:00,NOAA-20,DIANÓPOLIS,TOCANTINS,Brasil,1707009,17,33,,,,Cerrado,3.4
b2c39eb4-f818-3222-bde9-11c298370878, -13.367640, -51.473850,2026-08-27 03:49:00,NOAA-20,RIBEIRÃO CASCALHEIRA,MATO GROSSO,Brasil,5107180,51,33,,,,Cerrado,5.4
8913dcfa-b1cf-3e88-b432-d78efb9bbfbe,  -3.535530, -48.189140,2026-08-27 03:49:00,NOAA-20,PARAGOMINAS,PARÁ,Brasil,1505502,15,33,,,,Amazônia,2.3
a8eb60a5-feb2-321c-9cc8-5d3e22c742f9,  -3.965810, -43.109660,2026-08-27 03:49:00,NOAA-20,BURITI,MARANHÃO,Brasil,2102200,21,33,,,,Cerrado,1.5
4d056b85-9a20-3a9f-85bc-113944fd47d2, -14.922530, -41.304970,2026-08-27 03:49:00,NOAA-20,TREMEDAL,BAHIA,Brasil,2931806,29,33,,,,Mata Atlântica,3.3
0fe0974a-950f-3599-b87c-c966d11241cc, -13.324660, -51.419640,2026-08-27 03:49:00,NOAA-20,RIBEIRÃO CASCALHEIRA,MATO GROSSO,Brasil,5107180,51,33,,,,Cerrado,17.9
a5cec9d3-23df-31dc-8c99-93a60cb9eb7a, -13.357240, -51.486790,2026-08-27 03:49:00,NOAA-20,RIBEIRÃO CASCALHEIRA,MATO GROSSO,Brasil,5107180,51,33,,,,Cerrado,28.6
fb08bf5d-690c-38d3-87c9-3e58af15c9a5, -10.368760, -45.065050,2026-08-27 03:49:00,NOAA-20,CORRENTE,PIAUÍ,Brasil,2202901,22,33,,,,Cerrado,12.5
c158d0e5-f94e-385d-bcf2-d3a43e702161,  -8.782480, -50.049010,2026-08-27 03:49:00,NOAA-20,SANTA MARIA DAS BARREIRAS,PARÁ,Brasil,1506583,15,33,,,,Amazônia,3.1
7c79c97f-a967-3177-a904-50532364162e,  -4.560260, -44.087440,2026-08-27 03:49:00,NOAA-20,CODÓ,MARANHÃO,Brasil,2103307,21,33,,,,Cerrado,5.2
0da1887c-eb74-3045-8f9e-175359bf1a0b, -10.410900, -46.886860,2026-08-27 03:49:00,NOAA-20,MATEIROS,TOCANTINS,Brasil,1712702,17,33,,,,Cerrado,4.5
81c1794d-aafd-3e41-a45b-e8d036d231cd, -11.617460, -46.754050,2026-08-27 03:49:00,NOAA-20,DIANÓPOLIS,TOCANTINS,Brasil,1707009,17,33,,,,Cerrado,5.4
7b58a9f1-1893-3599-b095-74b6a1ccaf3f, -10.549420, -50.453600,2026-08-27 03:49:00,NOAA-20,PIUM,TOCANTINS,Brasil,1717503,17,33,,,,Cerrado,2.0
2cfde6a8-0900-317b-885d-29cad50b0c40, -14.756470, -48.762150,2026-08-27 03:49:00,NOAA-20,BARRO ALTO,GOIÁS,Brasil,5203203,52,33,,,,Cerrado,3.1
8910bbc1-0888-3c11-ad95-6df6e0b41b8b, -13.365420, -51.450130,2026-08-27 03:49:00,NOAA-20,RIBEIRÃO CASCALHEIRA,MATO GROSSO,Brasil,5107180,51,33,,,,Cerrado,11.5
055b47f5-b432-358f-beac-5e4dd24a19c7, -13.340200, -51.428760,2026-08-27 03:49:00,NOAA-20,RIBEIRÃO CASCALHEIRA,MATO GROSSO,Brasil,5107180,51,33,,,,Cerrado,16.7
b108b798-e999-3472-a1e7-d26cd7b60add, -14.799660, -48.795630,2026-08-27 03:49:00,NOAA-20,BARRO ALTO,GOIÁS,Brasil,5203203,52,33,,,,Cerrado,1.9
f6a28e3b-ced6-315c-8854-506807d23084, -13.362580, -51.451940,2026-08-27 03:49:00,NOAA-20,RIBEIRÃO CASCALHEIRA,MATO GROSSO,Brasil,5107180,51,33,,,,Cerrado,14.5
1f5252f3-9477-3426-9902-0d305a299ef3,  -8.791050, -50.043270,2026-08-27 03:49:00,NOAA-20,SANTA MARIA DAS BARREIRAS,PARÁ,Brasil,1506583,15,33,,,,Amazônia,2.9
7e059b65-7638-343e-be0e-82a7155b8d56, -13.378540, -48.210490,2026-08-27 03:49:00,NOAA-20,MINAÇU,GOIÁS,Brasil,5213087,52,33,,,,Cerrado,2.3
9f7692d0-f687-31f2-9528-39fb5d1f798e,  -9.384890, -48.695770,2026-08-27 03:49:00,NOAA-20,MIRANORTE,TOCANTINS,Brasil,1713304,17,33,,,,Cerrado,1.6
2a7155a6-387e-39c6-8ad5-554af7924cd1, -13.365750, -51.437320,2026-08-27 03:49:00,NOAA-20,RIBEIRÃO CASCALHEIRA,MATO GROSSO,Brasil,5107180,51,33,,,,Cerrado,27.7
2b9e91e1-0d60-3403-b704-30bceac0e242, -15.515710, -48.499740,2026-08-27 03:49:00,NOAA-20,PADRE BERNARDO,GOIÁS,Brasil,5215603,52,33,,,,Cerrado,1.6
9dfce42b-6b82-3dfc-b797-6549bd118cb1, -13.376010, -51.493950,2026-08-27 03:49:00,NOAA-20,RIBEIRÃO CASCALHEIRA,MATO GROSSO,Brasil,5107180,51,33,,,,Cerrado,26.8
13d7cd59-4c68-348c-b141-136df285f870,  -8.795350, -50.021680,2026-08-27 03:49:00,NOAA-20,SANTA MARIA DAS BARREIRAS,PARÁ,Brasil,1506583,15,33,,,,Amazônia,5.5
bb5ba9f8-1521-351b-937a-f97ba5966022, -13.329850, -48.222580,2026-08-27 03:49:00,NOAA-20,MINAÇU,GOIÁS,Brasil,5213087,52,33,,,,Cerrado,2.9
717828f5-dfe7-37a8-9d22-f71e1bc21836, -13.363780, -51.457490,2026-08-27 03:49:00,NOAA-20,RIBEIRÃO CASCALHEIRA,MATO GROSSO,Brasil,5107180,51,33,,,,Cerrado,11.5
9e5ed406-0e25-3446-bae9-efd416ea792e,  -9.380580, -48.683000,2026-08-27 03:49:00,NOAA-20,MIRANORTE,TOCANTINS,Brasil,1713304,17,33,,,,Cerrado,4.5
e0687068-9979-3d32-86dc-9140c7e02d08, -12.769300, -46.455310,2026-08-27 03:49:00,NOAA-20,LAVANDEIRA,TOCANTINS,Brasil,1712157,17,33,,,,Cerrado,2.5
f922a70f-d6ba-363e-9c59-315163ebf3de, -13.383090, -48.204920,2026-08-27 03:49:00,NOAA-20,MINAÇU,GOIÁS,Brasil,5213087,52,33,,,,Cerrado,1.3
546c6205-aa8a-38da-8d67-09def008f359,  -4.689750, -44.376300,2026-08-27 03:49:00,NOAA-20,CAPINZAL DO NORTE,MARANHÃO,Brasil,2102754,21,33,,,,Cerrado,3.6
b7e5327a-4614-3d65-91bb-ca2c8d712308, -13.341840, -51.421490,2026-08-27 03:49:00,NOAA-20,RIBEIRÃO CASCALHEIRA,MATO GROSSO,Brasil,5107180,51,33,,,,Cerrado,24.0
6c98351f-7531-354e-8a32-4ad53dd2902d, -13.377320, -48.202780,2026-08-27 03:49:00,NOAA-20,MINAÇU,GOIÁS,Brasil,5213087,52,33,,,,Cerrado,2.9
6ca24975-6b8a-36cd-ac47-16908553ef15,  -8.802180, -50.074580,2026-08-27 03:49:00,NOAA-20,SANTA MARIA DAS BARREIRAS,PARÁ,Brasil,1506583,15,33,,,,Amazônia,4.5
e481f33e-61b7-3604-b955-de19ce444c46, -13.348460, -51.492420,2026-08-27 03:49:00,NOAA-20,RIBEIRÃO CASCALHEIRA,MATO GROSSO,Brasil,5107180,51,33,,,,Cerrado,10.4
ac71a256-4c5a-3eb4-830f-0c8c9b4ec632, -13.377600, -51.486580,2026-08-27 03:49:00,NOAA-20,RIBEIRÃO CASCALHEIRA,MATO GROSSO,Brasil,5107180,51,33,,,,Cerrado,19.9
60604369-d820-3742-9f48-48fe1026ba57, -13.357050, -51.442880,2026-08-27 03:49:00,NOAA-20,RIBEIRÃO CASCALHEIRA,MATO GROSSO,Brasil,5107180,51,33,,,,Cerrado,23.5
513689fa-dfd2-3ea0-adeb-4b14ef36c37b,  -4.564360, -44.074490,2026-08-27 03:49:00,NOAA-20,CODÓ,MARANHÃO,Brasil,2103307,21,33,,,,Cerrado,7.2
800435b4-6e25-39d3-8a10-50b56e016520, -13.338890, -51.423090,2026-08-27 03:49:00,NOAA-20,RIBEIRÃO CASCALHEIRA,MATO GROSSO,Brasil,5107180,51,33,,,,Cerrado,21.1
d6403081-e91a-3425-afda-dcb186cb2873,  -4.562690, -44.084420,2026-08-27 03:49:00,NOAA-20,CODÓ,MARANHÃO,Brasil,2103307,21,33,,,,Cerrado,5.0
95137b1b-82e1-3bc9-9c3b-0510f1dc993c, -13.362850, -48.243550,2026-08-27 03:49:00,NOAA-20,MINAÇU,GOIÁS,Brasil,5213087,52,33,,,,Cerrado,3.0
edbc1b36-fc94-322f-aefd-0a18e12c3cbb, -13.327610, -51.418110,2026-08-27 03:49:00,NOAA-20,RIBEIRÃO CASCALHEIRA,MATO GROSSO,Brasil,5107180,51,33,,,,Cerrado,19.2
d99cc53f-03a3-3e50-9f6d-b3ff84d4b9fb, -10.555000, -50.462240,2026-08-27 03:49:00,NOAA-20,PIUM,TOCANTINS,Brasil,1717503,17,33,,,,Cerrado,2.0
8f1bdfd5-9aa4-353a-9d92-32076ebc819a,  -4.563810, -44.077720,2026-08-27 03:49:00,NOAA-20,CODÓ,MARANHÃO,Brasil,2103307,21,33,,,,Cerrado,12.0
fb4e5df7-b1fc-3667-a368-47ce99ffd642,  -4.556800, -44.086870,2026-08-27 03:49:00,NOAA-20,CODÓ,MARANHÃO,Brasil,2103307,21,33,,,,Cerrado,4.1
d0594d14-187b-3f64-9398-4dd423e31e4c, -13.477050, -44.040450,2026-08-27 03:49:00,NOAA-20,SÃO FÉLIX DO CORIBE,BAHIA,Brasil,2929057,29,33,,,,Cerrado,1.6
91798308-2644-3f3d-a6c7-bf9170b40fd3,  -4.561450, -44.080660,2026-08-27 03:49:00,NOAA-20,CODÓ,MARANHÃO,Brasil,2103307,21,33,,,,Cerrado,10.5
e57e70f1-2552-39ca-8b74-a1bc855127c9, -13.375230, -51.462770,2026-08-27 03:49:00,NOAA-20,RIBEIRÃO CASCALHEIRA,MATO GROSSO,Brasil,5107180,51,33,,,,Cerrado,14.3
20ad6b29-9889-3642-81ba-41be28722576, -14.750490, -48.760800,2026-08-27 03:49:00,NOAA-20,BARRO ALTO,GOIÁS,Brasil,5203203,52,33,,,,Cerrado,1.8
bbee7711-94b2-3a80-aa51-4c53e213f104, -10.302230, -49.969100,2026-08-27 03:49:00,NOAA-20,PIUM,TOCANTINS,Brasil,1717503,17,33,,,,Cerrado,3.7
0c06966c-658a-3973-b0d3-91b3542719dc,  -8.792480, -49.998880,2026-08-27 03:49:00,NOAA-20,SANTA MARIA DAS BARREIRAS,PARÁ,Brasil,1506583,15,33,,,,Amazônia,4.8
4d8b535e-7583-3b00-87a9-44fea11f813f, -12.618510, -48.408830,2026-08-27 03:49:00,NOAA-20,SÃO SALVADOR DO TOCANTINS,TOCANTINS,Brasil,1720259,17,33,,,,Cerrado,3.2
b11eea12-dbb4-3e90-b54a-3d0b4e6c67f4,  -4.557940, -44.080090,2026-08-27 03:49:00,NOAA-20,CODÓ,MARANHÃO,Brasil,2103307,21,33,,,,Cerrado,4.2
7e25a57e-72a7-3fa5-b4a2-c3df51130211, -11.270750, -46.871880,2026-08-27 03:49:00,NOAA-20,ALMAS,TOCANTINS,Brasil,1700400,17,33,,,,Cerrado,0.9
a47f8ff7-a56a-3ae6-a8fb-13ebfabbb864, -15.064510, -45.325130,2026-08-27 03:49:00,NOAA-20,JANUÁRIA,MINAS GERAIS,Brasil,3135209,31,33,,,,Cerrado,1.9
4ff661ca-3c9a-36dc-a6bd-1755a89e9439, -13.317550, -51.417920,2026-08-27 03:49:00,NOAA-20,RIBEIRÃO CASCALHEIRA,MATO GROSSO,Brasil,5107180,51,33,,,,Cerrado,7.0
c09a2c8d-4028-3740-8b2c-a8160291858e,  -8.802320, -50.037610,2026-08-27 03:49:00,NOAA-20,SANTA MARIA DAS BARREIRAS,PARÁ,Brasil,1506583,15,33,,,,Amazônia,3.8
05685b16-7e76-35ba-b204-22b699dd92fb, -13.374770, -51.475560,2026-08-27 03:49:00,NOAA-20,RIBEIRÃO CASCALHEIRA,MATO GROSSO,Brasil,5107180,51,33,,,,Cerrado,4.2
bdd575f3-a65c-3819-951a-a20f90882342,  -2.896200, -48.279610,2026-08-27 03:49:00,NOAA-20,TOMÉ-AÇU,PARÁ,Brasil,1508001,15,33,,,,Amazônia,6.7
1c9bbae6-ee1c-3365-ac4c-cc32f97f0225, -13.360220, -51.428280,2026-08-27 03:49:00,NOAA-20,RIBEIRÃO CASCALHEIRA,MATO GROSSO,Brasil,5107180,51,33,,,,Cerrado,20.1
113fcb7c-c715-3707-b96a-d743d8dc2674,  -4.562120, -44.087810,2026-08-27 03:49:00,NOAA-20,CODÓ,MARANHÃO,Brasil,2103307,21,33,,,,Cerrado,5.0
c6058996-9821-3996-bdc1-fc319220cde8, -13.379650, -51.453580,2026-08-27 03:49:00,NOAA-20,RIBEIRÃO CASCALHEIRA,MATO GROSSO,Brasil,5107180,51,33,,,,Cerrado,12.5
bcd4393d-1f13-346c-8e03-39773c534e6f, -13.328010, -48.201340,2026-08-27 03:49:00,NOAA-20,MINAÇU,GOIÁS,Brasil,5213087,52,33,,,,Cerrado,2.6
90968418-8749-37ec-975a-db1e77bf09f3,  -8.783910, -50.041870,2026-08-27 03:49:00,NOAA-20,SANTA MARIA DAS BARREIRAS,PARÁ,Brasil,1506583,15,33,,,,Amazônia,2.9
c1a77d59-766d-36b7-9f89-aab86c106441, -13.378030, -51.460890,2026-08-27 03:49:00,NOAA-20,RIBEIRÃO CASCALHEIRA,MATO GROSSO,Brasil,5107180,51,33,,,,Cerrado,12.5
56909a38-ee0c-3ff5-a5fe-e5e649d82868,  -4.560850, -44.084050,2026-08-27 03:49:00,NOAA-20,CODÓ,MARANHÃO,Brasil,2103307,21,33,,,,Cerrado,5.2
83e06774-b4e2-36cf-a382-269fb7e2d16b, -11.626960, -46.751300,2026-08-27 03:49:00,NOAA-20,DIANÓPOLIS,TOCANTINS,Brasil,1707009,17,33,,,,Cerrado,4.4
6c01b709-9cf0-3c4d-ae46-1704268d3efa,  -8.802510, -50.060390,2026-08-27 03:49:00,NOAA-20,SANTA MARIA DAS BARREIRAS,PARÁ,Brasil,1506583,15,33,,,,Amazônia,3.3
d5a64b7b-b10c-316a-9fe7-e427884dc7b1, -13.385160, -51.462600,2026-08-27 03:49:00,NOAA-20,RIBEIRÃO CASCALHEIRA,MATO GROSSO,Brasil,5107180,51,33,,,,Cerrado,12.5
1a265076-f508-34ef-8fd4-90fe3ced3b9c,  -8.761350, -50.028760,2026-08-27 03:49:00,NOAA-20,SANTA MARIA DAS BARREIRAS,PARÁ,Brasil,1506583,15,33,,,,Amazônia,1.9
40940788-9781-3ced-8397-588588942d2c, -17.168130, -39.297970,2026-08-27 03:49:00,NOAA-20,PRADO,BAHIA,Brasil,2925501,29,33,,,,Mata Atlântica,0.6
5ee274f5-7438-3164-876f-9e2018eaceae, -13.331770, -51.421370,2026-08-27 03:49:00,NOAA-20,RIBEIRÃO CASCALHEIRA,MATO GROSSO,Brasil,5107180,51,33,,,,Cerrado,17.9
64148393-640d-3b30-8c4d-a108033b0a1c, -13.340470, -51.415820,2026-08-27 03:49:00,NOAA-20,RIBEIRÃO CASCALHEIRA,MATO GROSSO,Brasil,5107180,51,33,,,,Cerrado,26.6
60c01eb3-0af4-37ef-a9c3-8a2c14133feb,  -9.269740, -45.643680,2026-08-27 03:49:00,NOAA-20,SANTA FILOMENA,PIAUÍ,Brasil,2209203,22,33,,,,Cerrado,3.7
baef1bc4-60c0-348e-b5e1-8948f5d69956, -13.382320, -48.208710,2026-08-27 03:49:00,NOAA-20,MINAÇU,GOIÁS,Brasil,5213087,52,33,,,,Cerrado,1.3
d7c72ea9-fd08-3c2e-ac50-cdd3544ebbc0,  -9.375000, -48.711460,2026-08-27 03:49:00,NOAA-20,MIRANORTE,TOCANTINS,Brasil,1713304,17,33,,,,Cerrado,8.6
f4c80a28-03e4-39e9-a634-7a59f649a9f5,  -5.330790, -37.034540,2026-08-27 03:49:00,NOAA-20,AÇU,RIO GRANDE DO NORTE,Brasil,2400208,24,33,,,,Caatinga,1.2
7436c7d3-e744-3b6f-99a4-d856a31a1c2c, -14.743740, -48.763050,2026-08-27 03:49:00,NOAA-20,BARRO ALTO,GOIÁS,Brasil,5203203,52,33,,,,Cerrado,1.8
9b66c612-6254-3d08-b994-418f21c32284, -10.958900, -39.267970,2026-08-27 03:49:00,NOAA-20,CANSANÇÃO,BAHIA,Brasil,2906808,29,33,,,,Caatinga,1.0
d9ae7425-6eba-3c4e-8289-7c2b1d59c1c8, -11.249370, -47.078060,2026-08-27 03:49:00,NOAA-20,ALMAS,TOCANTINS,Brasil,1700400,17,33,,,,Cerrado,3.0
e6b3072d-44e1-38e8-ab93-f00122bd25d2, -12.204360, -50.611700,2026-08-27 03:49:00,NOAA-20,FORMOSO DO ARAGUAIA,TOCANTINS,Brasil,1708205,17,33,,,,Cerrado,7.7
bf3e6003-8707-38c9-846e-c0fffbd27c86,  -5.245620, -35.814260,2026-08-27 03:49:00,NOAA-20,SÃO MIGUEL DO GOSTOSO,RIO GRANDE DO NORTE,Brasil,2412559,24,33,,,,Caatinga,2.0
9d5134ff-4289-3e22-8222-7f6d6bc7b947, -11.801340, -47.679900,2026-08-27 03:49:00,NOAA-20,NATIVIDADE,TOCANTINS,Brasil,1714203,17,33,,,,Cerrado,2.5
7ef5842b-09bd-3a83-8cec-96d7b62be16a, -17.643290, -39.308220,2026-08-27 03:49:00,NOAA-20,CARAVELAS,BAHIA,Brasil,2906907,29,33,,,,Mata Atlântica,0.9
f49cfd77-16b3-3d89-88a2-80707c2de427,  -2.889120, -48.278400,2026-08-27 03:49:00,NOAA-20,TOMÉ-AÇU,PARÁ,Brasil,1508001,15,33,,,,Amazônia,2.9
4ae21b8a-d042-3414-ace2-b0afe36f22c6,  -9.376190, -48.705410,2026-08-27 03:49:00,NOAA-20,MIRANORTE,TOCANTINS,Brasil,1713304,17,33,,,,Cerrado,5.9
54d87e34-3069-36cc-ab0e-aa4d769bb3bf,  -4.567420, -44.088860,2026-08-27 03:49:00,NOAA-20,CODÓ,MARANHÃO,Brasil,2103307,21,33,,,,Cerrado,5.0
16cffb61-2413-334e-a8de-d62f331f8f1d, -13.372540, -51.451850,2026-08-27 03:49:00,NOAA-20,RIBEIRÃO CASCALHEIRA,MATO GROSSO,Brasil,5107180,51,33,,,,Cerrado,11.5
70bb987c-c3d2-3bbf-8d7f-78712b5907a5, -12.205800, -50.604930,2026-08-27 03:49:00,NOAA-20,FORMOSO DO ARAGUAIA,TOCANTINS,Brasil,1708205,17,33,,,,Cerrado,21.6
c9a9bd54-7e62-3630-933c-7be0d350023c, -13.381540, -48.212540,2026-08-27 03:49:00,NOAA-20,MINAÇU,GOIÁS,Brasil,5213087,52,33,,,,Cerrado,2.6
98063672-05e3-3b6a-b609-ad9aa2b15527, -13.361750, -51.490460,2026-08-27 03:49:00,NOAA-20,RIBEIRÃO CASCALHEIRA,MATO GROSSO,Brasil,5107180,51,33,,,,Cerrado,20.2
1fa0150b-b97b-369a-b961-f24fb3edb127, -11.492210, -45.101810,2026-08-27 03:49:00,NOAA-20,RIACHÃO DAS NEVES,BAHIA,Brasil,2926202,29,33,,,,Cerrado,2.9
adc462c1-a4a2-3cb3-b804-9e6d358a0c0f, -12.282110, -43.135150,2026-08-27 03:49:00,NOAA-20,IBOTIRAMA,BAHIA,Brasil,2913200,29,33,,,,Caatinga,1.8
06969ee4-e704-3148-80e2-64d41d998c29, -13.349090, -51.479580,2026-08-27 03:49:00,NOAA-20,RIBEIRÃO CASCALHEIRA,MATO GROSSO,Brasil,5107180,51,33,,,,Cerrado,8.8
7c68ddd6-7581-3f63-b6cb-ecccb3342ab9,  -5.010160, -37.528840,2026-08-27 03:49:00,NOAA-20,BARAÚNA,RIO GRANDE DO NORTE,Brasil,2401453,24,33,,,,Caatinga,0.9
06d5dabf-fd08-384d-8dda-15b772bbd78c,  -8.806810, -50.076210,2026-08-27 03:49:00,NOAA-20,SANTA MARIA DAS BARREIRAS,PARÁ,Brasil,1506583,15,33,,,,Amazônia,3.4
bf1827ef-160a-32f7-b9ab-a12f39e61ff5, -13.369700, -51.453680,2026-08-27 03:49:00,NOAA-20,RIBEIRÃO CASCALHEIRA,MATO GROSSO,Brasil,5107180,51,33,,,,Cerrado,14.5
bc9f7017-a4e2-3a0c-88b5-b600ea3e9e5d, -11.602750, -46.739810,2026-08-27 03:49:00,NOAA-20,DIANÓPOLIS,TOCANTINS,Brasil,1707009,17,33,,,,Cerrado,3.2
09e9363f-fc5e-3358-b123-e8cdbc47eabd, -10.947620, -50.274020,2026-08-27 03:49:00,NOAA-20,LAGOA DA CONFUSÃO,TOCANTINS,Brasil,1711902,17,33,,,,Cerrado,1.2
539d3e72-4425-3fde-a809-5132d4451d0a, -15.502450, -39.136800,2026-08-27 03:49:00,NOAA-20,CANAVIEIRAS,BAHIA,Brasil,2906303,29,33,,,,Mata Atlântica,0.4
3d454065-cf13-33eb-af01-08b550600c11, -14.762470, -48.763400,2026-08-27 03:49:00,NOAA-20,BARRO ALTO,GOIÁS,Brasil,5203203,52,33,,,,Cerrado,3.1
df5da095-b086-347d-8a40-f38ce6536383,  -4.565560, -44.088420,2026-08-27 03:49:00,NOAA-20,CODÓ,MARANHÃO,Brasil,2103307,21,33,,,,Cerrado,5.2
f93880b5-5b7b-34d4-88f6-09a8d6c439cc, -13.370910, -51.459190,2026-08-27 03:49:00,NOAA-20,RIBEIRÃO CASCALHEIRA,MATO GROSSO,Brasil,5107180,51,33,,,,Cerrado,11.5
8b47cc0b-bd5e-3571-8668-05392b5fcea3, -13.370470, -51.484840,2026-08-27 03:49:00,NOAA-20,RIBEIRÃO CASCALHEIRA,MATO GROSSO,Brasil,5107180,51,33,,,,Cerrado,19.9
aa23f854-c36a-325a-98c2-48bf8495e7a5, -12.768260, -46.451600,2026-08-27 03:49:00,NOAA-20,LAVANDEIRA,TOCANTINS,Brasil,1712157,17,33,,,,Cerrado,2.3
ed3f621f-bebd-368f-8ef5-6d26a8fd67cc, -11.248940, -47.078390,2026-08-27 03:49:00,NOAA-20,ALMAS,TOCANTINS,Brasil,1700400,17,33,,,,Cerrado,3.2
6860b1bd-2f7f-3cfb-a707-027aed86fe63, -11.495610, -45.111690,2026-08-27 03:49:00,NOAA-20,RIACHÃO DAS NEVES,BAHIA,Brasil,2926202,29,33,,,,Cerrado,1.4
1d0e7a94-ad48-315e-aa42-46a899ffdafb, -14.713680, -47.723810,2026-08-27 03:49:00,NOAA-20,ÁGUA FRIA DE GOIÁS,GOIÁS,Brasil,5200175,52,33,,,,Cerrado,2.8
af81adbd-7a5a-3a28-9604-e52efe9dbc4c, -13.323790, -48.221850,2026-08-27 03:49:00,NOAA-20,MINAÇU,GOIÁS,Brasil,5213087,52,33,,,,Cerrado,2.1
b74b0d38-881c-3371-b749-4e582d0dd30d,  -9.381780, -48.676900,2026-08-27 03:49:00,NOAA-20,MIRANORTE,TOCANTINS,Brasil,1713304,17,33,,,,Cerrado,4.5
c373e9af-c063-3b13-a3bf-da76d54c06bd, -12.767540, -46.455330,2026-08-27 03:49:00,NOAA-20,LAVANDEIRA,TOCANTINS,Brasil,1712157,17,33,,,,Cerrado,2.3
97da5631-5be7-3cc6-a439-1bc54038cc10, -13.381900, -51.477270,2026-08-27 03:49:00,NOAA-20,RIBEIRÃO CASCALHEIRA,MATO GROSSO,Brasil,5107180,51,33,,,,Cerrado,4.2
66b88ea2-ae5d-38a1-9abd-1e28d8a1cb62,  -4.569200, -44.088700,2026-08-27 03:50:00,GOES-19,CODÓ,MARANHÃO,Brasil,2103307,21,33,,,,Cerrado,53.1
5e531618-9fd1-37f9-94b5-6d28be7fe399,  -9.209400, -51.544400,2026-08-27 03:50:00,GOES-19,SÃO FÉLIX DO XINGU,PARÁ,Brasil,1507300,15,33,,,,Amazônia,58.5
f854b209-f8c3-36bd-8282-bcc88df6e871,  -6.639600, -53.193400,2026-08-27 03:50:00,GOES-19,SÃO FÉLIX DO XINGU,PARÁ,Brasil,1507300,15,33,,,,Amazônia,42.3
64862f1a-d089-3f13-a4e0-fa009ebbaaae,  -9.228200, -51.542800,2026-08-27 03:50:00,GOES-19,SÃO FÉLIX DO XINGU,PARÁ,Brasil,1507300,15,33,,,,Amazônia,71.9
1aeceee5-5cbd-3cb7-bed2-3337143c741b, -18.322150, -42.639050,2026-08-27 03:51:00,NOAA-20,SÃO PEDRO DO SUAÇUÍ,MINAS GERAIS,Brasil,3164100,31,33,,,,Mata Atlântica,2.4
30004aac-7ddf-31ae-80fb-ee805c1f5e94, -29.363190, -50.395310,2026-08-27 03:53:00,NOAA-20,SÃO FRANCISCO DE PAULA,RIO GRANDE DO SUL,Brasil,4318200,43,33,,,,Mata Atlântica,1.5
a59d7c1c-6242-36a5-bb22-5348424be369, -29.135920, -50.380840,2026-08-27 03:53:00,NOAA-20,SÃO FRANCISCO DE PAULA,RIO GRANDE DO SUL,Brasil,4318200,43,33,,,,Mata Atlântica,5.2
9d2eda7c-1626-37a2-93bc-b0b536ffc36e, -29.140840, -50.382270,2026-08-27 03:53:00,NOAA-20,SÃO FRANCISCO DE PAULA,RIO GRANDE DO SUL,Brasil,4318200,43,33,,,,Mata Atlântica,9.7
697b15a5-f37c-311d-96d9-8e5a9118a73f, -29.350470, -50.337350,2026-08-27 03:53:00,NOAA-20,SÃO FRANCISCO DE PAULA,RIO GRANDE DO SUL,Brasil,4318200,43,33,,,,Mata Atlântica,1.0
1c9f1d18-dc0e-3da3-ac74-c8cade102e44,  -9.209400, -51.544400,2026-08-27 04:00:00,GOES-19,SÃO FÉLIX DO XINGU,PARÁ,Brasil,1507300,15,33,,,,Amazônia,62.5
e49354e9-dffd-397f-8568-f4193f611707,  -9.228200, -51.542800,2026-08-27 04:00:00,GOES-19,SÃO FÉLIX DO XINGU,PARÁ,Brasil,1507300,15,33,,,,Amazônia,129.3
e8855ca6-b85b-36ca-b3bb-31e6b1b4a30a,  -9.228000, -51.563800,2026-08-27 04:00:00,GOES-19,SÃO FÉLIX DO XINGU,PARÁ,Brasil,1507300,15,33,,,,Amazônia,65.5
46136b73-7568-3e73-aad5-1ee9259d8500, -16.215000, -57.750300,2026-08-27 04:00:00,GOES-19,CÁCERES,MATO GROSSO,Brasil,5102504,51,33,,,,Pantanal,61.0
8590bb2f-b4b6-373b-b27e-3920f6b8ce4c,  -7.366500, -55.153400,2026-08-27 04:00:00,GOES-19,ALTAMIRA,PARÁ,Brasil,1500602,15,33,,,,Amazônia,30.7
4975449d-e7de-3275-a9d2-d176e3f864d5, -16.195500, -57.752400,2026-08-27 04:00:00,GOES-19,CÁCERES,MATO GROSSO,Brasil,5102504,51,33,,,,Pantanal,48.7
5b414a4d-f822-31ed-a012-a7b8e1d325b2,  -8.794700, -50.060000,2026-08-27 04:10:00,GOES-19,SANTA MARIA DAS BARREIRAS,PARÁ,Brasil,1506583,15,33,,,,Amazônia,55.6
858f5a80-24d9-3d8b-b86a-e028770849ab,  -8.813500, -50.058300,2026-08-27 04:10:00,GOES-19,SANTA MARIA DAS BARREIRAS,PARÁ,Brasil,1506583,15,33,,,,Amazônia,87.5
cdaa0c73-4723-397b-b92a-1115be8f6aea,  -9.228200, -51.542800,2026-08-27 04:10:00,GOES-19,SÃO FÉLIX DO XINGU,PARÁ,Brasil,1507300,15,33,,,,Amazônia,90.0
17dad9df-22ac-3791-8866-bf7e95a6c540,  -8.185800, -47.518400,2026-08-27 04:10:00,GOES-19,GOIATINS,TOCANTINS,Brasil,1709005,17,33,,,,Cerrado,61.7
72111e1a-9027-31f8-8f06-a732a97e31be, -13.350000, -51.460000,2026-08-27 04:15:00,MSG-03,RIBEIRÃO CASCALHEIRA,MATO GROSSO,Brasil,5107180,51,33,,,,Cerrado,
7e75e06e-5242-34b8-a184-5eeab2ad5e8c, -13.380000, -51.470000,2026-08-27 04:15:00,MSG-03,RIBEIRÃO CASCALHEIRA,MATO GROSSO,Brasil,5107180,51,33,,,,Cerrado,
95dfbffc-9d55-3395-9131-c79c6211c744,  -7.366500, -55.153400,2026-08-27 04:20:00,GOES-19,ALTAMIRA,PARÁ,Brasil,1500602,15,33,,,,Amazônia,43.8
e6ed9e26-75ef-321f-9ec0-2ba6feb468cb, -12.208300, -50.603000,2026-08-27 04:20:00,GOES-19,FORMOSO DO ARAGUAIA,TOCANTINS,Brasil,1708205,17,33,,,,Cerrado,56.4
1b063c3d-481d-3ed5-a276-858e4173a504,  -8.813500, -50.058300,2026-08-27 04:20:00,GOES-19,SANTA MARIA DAS BARREIRAS,PARÁ,Brasil,1506583,15,33,,,,Amazônia,58.5
be3423bb-7e5f-3d63-9d27-3ab9c6128d08,  -9.228200, -51.542800,2026-08-27 04:20:00,GOES-19,SÃO FÉLIX DO XINGU,PARÁ,Brasil,1507300,15,33,,,,Amazônia,74.9
98e90bca-39ec-3bad-a8de-b23be933d0e3, -10.759600, -54.038400,2026-08-27 04:20:00,GOES-19,MARCELÂNDIA,MATO GROSSO,Brasil,5105580,51,33,,,,Amazônia,35.7
a78e7e9c-aecb-3447-a063-8064640cd8fb,  -8.794700, -50.060000,2026-08-27 04:20:00,GOES-19,SANTA MARIA DAS BARREIRAS,PARÁ,Brasil,1506583,15,33,,,,Amazônia,52.5
e6a45f26-9e8e-3b47-8576-28c99be01c14,  -5.919800, -43.626400,2026-08-27 04:20:00,GOES-19,LAGOA DO MATO,MARANHÃO,Brasil,2105922,21,33,,,,Cerrado,58.2
4a0d6f83-5c05-3dba-8236-fb68d35795fd,  -8.813500, -50.058300,2026-08-27 04:30:00,GOES-19,SANTA MARIA DAS BARREIRAS,PARÁ,Brasil,1506583,15,33,,,,Amazônia,61.1
7e43e626-c708-335e-9808-23360e239abd, -12.227400, -50.600700,2026-08-27 04:30:00,GOES-19,FORMOSO DO ARAGUAIA,TOCANTINS,Brasil,1708205,17,33,,,,Cerrado,61.3
be77ce8b-7c9f-35c7-a6d7-6dd9c7030d5b,  -6.766300, -45.232400,2026-08-27 04:30:00,GOES-19,MIRADOR,MARANHÃO,Brasil,2106706,21,33,,,,Cerrado,88.2
68704ff0-6abf-3407-9259-edabfac38044,  -9.209400, -51.544400,2026-08-27 04:30:00,GOES-19,SÃO FÉLIX DO XINGU,PARÁ,Brasil,1507300,15,33,,,,Amazônia,53.9
3cf66d38-5107-3413-a335-563fae1c9a0d,  -8.794700, -50.060000,2026-08-27 04:30:00,GOES-19,SANTA MARIA DAS BARREIRAS,PARÁ,Brasil,1506583,15,33,,,,Amazônia,53.2
5305b2de-d486-3e3e-9f43-fb2efb5aac90, -12.208300, -50.603000,2026-08-27 04:30:00,GOES-19,FORMOSO DO ARAGUAIA,TOCANTINS,Brasil,1708205,17,33,,,,Cerrado,79.6
c5f2f0a4-db04-3019-8db1-4a81979a0368,  -9.228200, -51.542800,2026-08-27 04:30:00,GOES-19,SÃO FÉLIX DO XINGU,PARÁ,Brasil,1507300,15,33,,,,Amazônia,67.5
666f7513-7e69-33c4-a906-11b29ed714f2, -10.759600, -54.038400,2026-08-27 04:30:00,GOES-19,MARCELÂNDIA,MATO GROSSO,Brasil,5105580,51,33,,,,Amazônia,47.7
daecd95a-980d-3765-aafb-731eaf135dd9,  -5.919800, -43.626400,2026-08-27 04:30:00,GOES-19,LAGOA DO MATO,MARANHÃO,Brasil,2105922,21,33,,,,Cerrado,53.9
12fe4612-52a0-364a-a12e-5c31277a03a2,  -2.737420, -47.054250,2026-08-27 04:32:00,NOAA-21,PARAGOMINAS,PARÁ,Brasil,1505502,15,33,,,,Amazônia,1.9
736ed754-2689-34ba-ab00-0740a554991f,  -2.794670, -51.904670,2026-08-27 04:32:00,NOAA-21,SENADOR JOSÉ PORFÍRIO,PARÁ,Brasil,1507805,15,33,,,,Amazônia,2.0
52b7382c-fc37-37d1-bc03-9e0db6e5a756,  -2.731350, -47.049800,2026-08-27 04:32:00,NOAA-21,PARAGOMINAS,PARÁ,Brasil,1505502,15,33,,,,Amazônia,3.1
c7378b2d-00b4-3676-959b-af5f8eb4ff4c,  -5.750970, -42.638530,2026-08-27 04:32:00,NOAA-21,AGRICOLÂNDIA,PIAUÍ,Brasil,2200103,22,33,,,,Caatinga,6.6
c33dce82-6908-3185-86a8-c45fd2a83125,  -5.441710, -47.531470,2026-08-27 04:32:00,NOAA-21,IMPERATRIZ,MARANHÃO,Brasil,2105302,21,33,,,,Cerrado,1.3
408ff195-c30f-371e-b2c3-bad6f941f7ad,  -3.931080, -43.117950,2026-08-27 04:32:00,NOAA-21,BURITI,MARANHÃO,Brasil,2102200,21,33,,,,Cerrado,1.3
d0e6e89f-b514-381c-8080-e412891efa2c,  -3.219670, -49.228740,2026-08-27 04:32:00,NOAA-21,MOJU,PARÁ,Brasil,1504703,15,33,,,,Amazônia,2.8
3d0456ed-7c30-3fff-8310-843ecdc8b5ed,  -1.462830, -55.830010,2026-08-27 04:32:00,NOAA-21,ORIXIMINÁ,PARÁ,Brasil,1505304,15,33,,,,Amazônia,6.4
a8b65aa3-0e09-3a68-9e09-36df8e9b296d,  -3.541750, -48.177140,2026-08-27 04:32:00,NOAA-21,PARAGOMINAS,PARÁ,Brasil,1505502,15,33,,,,Amazônia,2.3
f296ac29-4a71-33b0-80c8-42ad38de438b,  -2.811680, -48.627770,2026-08-27 04:32:00,NOAA-21,TAILÂNDIA,PARÁ,Brasil,1507953,15,33,,,,Amazônia,12.6
aee12740-027d-31bd-8006-9e365f35b965,  -5.334900, -47.497250,2026-08-27 04:32:00,NOAA-21,IMPERATRIZ,MARANHÃO,Brasil,2105302,21,33,,,,Cerrado,1.2
6128567f-c958-3a03-9118-46b91d06b84c,  -1.458460, -55.820130,2026-08-27 04:32:00,NOAA-21,ORIXIMINÁ,PARÁ,Brasil,1505304,15,33,,,,Amazônia,3.7
06b6705e-ab27-3281-af8c-ea739e439687,  -3.213550, -44.372730,2026-08-27 04:32:00,NOAA-21,SANTA RITA,MARANHÃO,Brasil,2110203,21,33,,,,Amazônia,0.6
8c44eb3a-5286-34f9-8cfe-f9c819067f4e,  -3.012460, -51.052300,2026-08-27 04:32:00,NOAA-21,PORTEL,PARÁ,Brasil,1505809,15,33,,,,Amazônia,2.0
9afd4d7a-e3cd-3eca-be4a-f42ece2334a2,  -1.363950, -54.635960,2026-08-27 04:32:00,NOAA-21,MONTE ALEGRE,PARÁ,Brasil,1504802,15,33,,,,Amazônia,7.0
38358d7b-8764-3f1c-9695-50a71b0e567b,  -4.568480, -44.080490,2026-08-27 04:32:00,NOAA-21,CODÓ,MARANHÃO,Brasil,2103307,21,33,,,,Cerrado,6.8
7c21fa8f-1574-3913-9491-5f354f336d81,  -4.553150, -44.082570,2026-08-27 04:32:00,NOAA-21,CODÓ,MARANHÃO,Brasil,2103307,21,33,,,,Cerrado,2.0
0586f3bd-5ae7-3e8f-bcb5-ac04191abfcf,  -5.813250, -46.219170,2026-08-27 04:32:00,NOAA-21,GRAJAÚ,MARANHÃO,Brasil,2104800,21,33,,,,Cerrado,0.7
f1ebc172-61e1-3f40-ba05-e9b1864e6450,  -4.919540, -43.469280,2026-08-27 04:32:00,NOAA-21,CAXIAS,MARANHÃO,Brasil,2103000,21,33,,,,Cerrado,1.0
a3468e42-c18d-3675-aebb-39ae76f63815,  -3.627900, -49.704530,2026-08-27 04:32:00,NOAA-21,TUCURUÍ,PARÁ,Brasil,1508100,15,33,,,,Amazônia,2.4
bbf69f06-5abf-3150-a366-18b4917e141c,  -4.578100, -45.670630,2026-08-27 04:32:00,NOAA-21,PAULO RAMOS,MARANHÃO,Brasil,2108108,21,33,,,,Amazônia,0.6
1b33a1a5-7513-363e-a22f-b9a64e4ff5eb,  -3.068330, -50.348300,2026-08-27 04:32:00,NOAA-21,PORTEL,PARÁ,Brasil,1505809,15,33,,,,Amazônia,1.9
005f9cad-7368-3757-8c6b-57b5348401e8,  -6.759670, -38.919090,2026-08-27 04:32:00,NOAA-21,LAVRAS DA MANGABEIRA,CEARÁ,Brasil,2307502,23,33,,,,Caatinga,4.2
7710ef5e-2e78-3b72-92ca-a03c367be5a6,  -4.262920, -48.628720,2026-08-27 04:32:00,NOAA-21,RONDON DO PARÁ,PARÁ,Brasil,1506187,15,33,,,,Amazônia,2.9
b42f4a96-dd99-364a-8b5a-a5d1cdefa0e3,  -2.811120, -48.631350,2026-08-27 04:32:00,NOAA-21,TAILÂNDIA,PARÁ,Brasil,1507953,15,33,,,,Amazônia,12.6
a9361fae-a1af-37b1-9e14-ac547f1fc0c2,  -5.482880, -44.663360,2026-08-27 04:32:00,NOAA-21,SANTA FILOMENA DO MARANHÃO,MARANHÃO,Brasil,2109759,21,33,,,,Cerrado,0.9
fb1590d1-d993-34c1-8942-c48f4826a092,  -1.959180, -48.117090,2026-08-27 04:32:00,NOAA-21,ACARÁ,PARÁ,Brasil,1500206,15,33,,,,Amazônia,2.3
a52ab9af-b7b0-3ec5-9707-92d2f25b9d08,  -5.923260, -43.620640,2026-08-27 04:32:00,NOAA-21,LAGOA DO MATO,MARANHÃO,Brasil,2105922,21,33,,,,Cerrado,25.1
c0371300-9568-32c4-8461-cf6d3f1ce085,  -2.705150, -49.505540,2026-08-27 04:32:00,NOAA-21,BAIÃO,PARÁ,Brasil,1501204,15,33,,,,Amazônia,1.0
1992816d-1f56-3964-8fc4-48def566b1f1,  -5.806430, -46.210910,2026-08-27 04:32:00,NOAA-21,GRAJAÚ,MARANHÃO,Brasil,2104800,21,33,,,,Cerrado,0.7
ee8ab7d1-99ac-3a2e-9b29-0e47cbb83ea3,  -5.873430, -43.595860,2026-08-27 04:32:00,NOAA-21,LAGOA DO MATO,MARANHÃO,Brasil,2105922,21,33,,,,Cerrado,5.8
f7b176c7-d442-37b3-b4a4-624570e50a31,  -3.931790, -43.113170,2026-08-27 04:32:00,NOAA-21,BURITI,MARANHÃO,Brasil,2102200,21,33,,,,Cerrado,1.4
3cb3586f-81ed-3d01-8006-f16a56908bcc,  -1.463190, -55.824210,2026-08-27 04:32:00,NOAA-21,ORIXIMINÁ,PARÁ,Brasil,1505304,15,33,,,,Amazônia,3.7
6901c73a-6ac0-352f-8f4c-3246ee945c3d,  -2.808310, -48.627250,2026-08-27 04:32:00,NOAA-21,TAILÂNDIA,PARÁ,Brasil,1507953,15,33,,,,Amazônia,12.6
2a4bb555-6e2e-370e-841f-ca75018f3ec9,  -5.982370, -43.742360,2026-08-27 04:32:00,NOAA-21,PASSAGEM FRANCA,MARANHÃO,Brasil,2107902,21,33,,,,Cerrado,0.8
62072a90-fbe3-3c68-8c83-02d45a556734,  -4.556820, -44.083120,2026-08-27 04:32:00,NOAA-21,CODÓ,MARANHÃO,Brasil,2103307,21,33,,,,Cerrado,4.8
185f6b8d-cd70-34cd-b23c-00dedf3e844d,  -3.368840, -44.353710,2026-08-27 04:32:00,NOAA-21,ITAPECURU MIRIM,MARANHÃO,Brasil,2105401,21,33,,,,Cerrado,0.9
fa82bc20-09d5-3001-ba98-17f81850312e,  -6.492890, -41.842000,2026-08-27 04:32:00,NOAA-21,VALENÇA DO PIAUÍ,PIAUÍ,Brasil,2211308,22,33,,,,Caatinga,4.5
530a6c0c-ee10-32ed-936a-c1f8709da700,  -5.140900, -49.928140,2026-08-27 04:32:00,NOAA-21,ITUPIRANGA,PARÁ,Brasil,1503705,15,33,,,,Amazônia,1.4
67d04204-2a19-3ca2-8abf-1f2aa95529c9,  -3.967910, -43.108870,2026-08-27 04:32:00,NOAA-21,BURITI,MARANHÃO,Brasil,2102200,21,33,,,,Cerrado,3.8
ce5643b9-9178-3a77-b6e8-079a4398a246,  -3.818840, -50.632870,2026-08-27 04:32:00,NOAA-21,PACAJÁ,PARÁ,Brasil,1505486,15,33,,,,Amazônia,0.9
5b8d1c6d-c79d-32e4-b236-37252fc9eb77,  -2.815050, -48.628290,2026-08-27 04:32:00,NOAA-21,TAILÂNDIA,PARÁ,Brasil,1507953,15,33,,,,Amazônia,10.3
67f6a35b-e42b-3d72-bfec-0e5f8acae355,  -3.119720, -53.869510,2026-08-27 04:32:00,NOAA-21,URUARÁ,PARÁ,Brasil,1508159,15,33,,,,Amazônia,1.5
61218165-a4e6-32d9-a5f4-16cfbfd205c5,  -6.307340, -43.646490,2026-08-27 04:32:00,NOAA-21,PASSAGEM FRANCA,MARANHÃO,Brasil,2107902,21,33,,,,Cerrado,1.5
63403f97-6b65-3644-a01d-3d3d1ade8810,  -5.872990, -43.588690,2026-08-27 04:32:00,NOAA-21,LAGOA DO MATO,MARANHÃO,Brasil,2105922,21,33,,,,Cerrado,2.5
cba01c7b-483e-3591-97c2-99ba2bcd6047,  -6.414220, -42.769480,2026-08-27 04:32:00,NOAA-21,AMARANTE,PIAUÍ,Brasil,2200509,22,33,,,,Caatinga,3.1
66623073-f2dd-3feb-9dd5-aade1119f4fc,  -2.737950, -47.050820,2026-08-27 04:32:00,NOAA-21,PARAGOMINAS,PARÁ,Brasil,1505502,15,33,,,,Amazônia,1.7
119ca38f-e3a4-31eb-b1a6-a85ff21c0f34,  -1.554380, -45.784840,2026-08-27 04:32:00,NOAA-21,GODOFREDO VIANA,MARANHÃO,Brasil,2104305,21,33,,,,Amazônia,0.7
5be10f80-0326-3415-a03c-826a7fd7766b,  -5.919420, -43.620070,2026-08-27 04:32:00,NOAA-21,LAGOA DO MATO,MARANHÃO,Brasil,2105922,21,33,,,,Cerrado,25.1
6fafa605-cf47-3398-aa92-2a9f9a10b351,  -4.567180, -44.089050,2026-08-27 04:32:00,NOAA-21,CODÓ,MARANHÃO,Brasil,2103307,21,33,,,,Cerrado,2.2
aca95627-ddba-39dc-8010-51b81dca1c2f,  -3.723520, -54.528240,2026-08-27 04:32:00,NOAA-21,PLACAS,PARÁ,Brasil,1505650,15,33,,,,Amazônia,2.1
91aa51ac-c738-37c4-90b1-b871b6547d33,  -5.140290, -49.931960,2026-08-27 04:32:00,NOAA-21,ITUPIRANGA,PARÁ,Brasil,1503705,15,33,,,,Amazônia,0.9
d333ab23-ae59-34cb-a722-da9aa0bd41e2,  -3.160250, -48.071260,2026-08-27 04:32:00,NOAA-21,PARAGOMINAS,PARÁ,Brasil,1505502,15,33,,,,Amazônia,1.1
b674a897-28de-38ab-9650-38e8a0b3e25b,  -4.259570, -48.628200,2026-08-27 04:32:00,NOAA-21,RONDON DO PARÁ,PARÁ,Brasil,1506187,15,33,,,,Amazônia,0.9
e41e79f5-af2c-3bb0-afc5-d98a0285a537,  -4.561140, -44.079400,2026-08-27 04:32:00,NOAA-21,CODÓ,MARANHÃO,Brasil,2103307,21,33,,,,Cerrado,4.8
9d234e4c-ce8e-3cd9-9284-4e778110edc7,  -1.458070, -55.825830,2026-08-27 04:32:00,NOAA-21,ORIXIMINÁ,PARÁ,Brasil,1505304,15,33,,,,Amazônia,6.4
bcfb2155-89ea-3b62-8266-4f4b6be7d721,  -5.383910, -46.543760,2026-08-27 04:32:00,NOAA-21,AMARANTE DO MARANHÃO,MARANHÃO,Brasil,2100600,21,33,,,,Cerrado,2.0
bad42553-4e69-32f2-8227-213788d66a7d,  -4.692960, -44.373890,2026-08-27 04:32:00,NOAA-21,CAPINZAL DO NORTE,MARANHÃO,Brasil,2102754,21,33,,,,Cerrado,7.3
d93192c9-8912-3a6a-a226-aa1a4b41f7e3,  -5.874150, -43.591130,2026-08-27 04:32:00,NOAA-21,LAGOA DO MATO,MARANHÃO,Brasil,2105922,21,33,,,,Cerrado,8.3
9e717a05-88ce-3815-a202-882a8989b10d,  -3.530870, -50.195580,2026-08-27 04:32:00,NOAA-21,PACAJÁ,PARÁ,Brasil,1505486,15,33,,,,Amazônia,2.4
9cc7c630-a579-3f91-bcdb-b69d917f5d0c,  -4.931130, -47.468750,2026-08-27 04:32:00,NOAA-21,AÇAILÂNDIA,MARANHÃO,Brasil,2100055,21,33,,,,Amazônia,1.4
9800777e-4b4c-30ad-b961-32b38e2c0685,  -2.735190, -47.046870,2026-08-27 04:32:00,NOAA-21,PARAGOMINAS,PARÁ,Brasil,1505502,15,33,,,,Amazônia,1.7
6ea3e6aa-47c2-373c-987a-147c5b9643e0,  -2.734110, -47.053740,2026-08-27 04:32:00,NOAA-21,PARAGOMINAS,PARÁ,Brasil,1505502,15,33,,,,Amazônia,1.9
fa8c59a5-b810-3d57-bcc2-04593daa4455,  -5.872310, -43.593410,2026-08-27 04:32:00,NOAA-21,LAGOA DO MATO,MARANHÃO,Brasil,2105922,21,33,,,,Cerrado,6.7
122391aa-5b41-32b4-a1f3-23f311aac3cd,  -4.884500, -47.376830,2026-08-27 04:32:00,NOAA-21,AÇAILÂNDIA,MARANHÃO,Brasil,2100055,21,33,,,,Amazônia,3.4
01381c98-d5a7-356a-9614-b8a23a65593e,  -5.807030, -46.214450,2026-08-27 04:32:00,NOAA-21,GRAJAÚ,MARANHÃO,Brasil,2104800,21,33,,,,Cerrado,1.6
de81e749-698d-3e4a-a4c2-540c60b7818c,  -5.869150, -43.588130,2026-08-27 04:32:00,NOAA-21,LAGOA DO MATO,MARANHÃO,Brasil,2105922,21,33,,,,Cerrado,2.5
7e6ee600-035f-354c-a0dc-2c67079a9b28,  -5.100550, -48.451390,2026-08-27 04:32:00,NOAA-21,ABEL FIGUEIREDO,PARÁ,Brasil,1500131,15,33,,,,Amazônia,0.5
d143f99e-e542-345e-a77f-7c3e828f7676,  -3.502340, -58.955360,2026-08-27 04:32:00,NOAA-21,AUTAZES,AMAZONAS,Brasil,1300300,13,33,,,,Amazônia,2.3
2ffab06c-d4fa-321d-87f3-1c14f9af4370,  -4.917180, -43.466090,2026-08-27 04:32:00,NOAA-21,CAXIAS,MARANHÃO,Brasil,2103000,21,33,,,,Cerrado,0.8
c847c859-0e6e-389d-bf1d-cb2d6a85adad,  -3.534010, -48.183100,2026-08-27 04:32:00,NOAA-21,PARAGOMINAS,PARÁ,Brasil,1505502,15,33,,,,Amazônia,1.1
74d17723-1872-3ab3-b432-7a7d46829d35,  -5.544460, -47.483720,2026-08-27 04:32:00,NOAA-21,IMPERATRIZ,MARANHÃO,Brasil,2105302,21,33,,,,Cerrado,1.9
85d784d0-1fe0-3188-934d-b2cf38c9017e,  -5.868880, -43.600000,2026-08-27 04:32:00,NOAA-21,LAGOA DO MATO,MARANHÃO,Brasil,2105922,21,33,,,,Cerrado,5.8
7b1f7e22-14a1-3a95-b572-2f775db7d14d,  -2.826160, -48.656360,2026-08-27 04:32:00,NOAA-21,TAILÂNDIA,PARÁ,Brasil,1507953,15,33,,,,Amazônia,3.9
185549f9-876f-3789-88b3-dc662c6f8169,  -4.565460, -44.075610,2026-08-27 04:32:00,NOAA-21,CODÓ,MARANHÃO,Brasil,2103307,21,33,,,,Cerrado,16.0
1559b0f6-0f15-341b-a259-526483c577e8,  -4.563510, -44.088510,2026-08-27 04:32:00,NOAA-21,CODÓ,MARANHÃO,Brasil,2103307,21,33,,,,Cerrado,2.2
58d3d2f9-3916-34ef-ab62-b621c689deda,  -2.176890, -49.188230,2026-08-27 04:32:00,NOAA-21,IGARAPÉ-MIRI,PARÁ,Brasil,1503309,15,33,,,,Amazônia,0.9
fed0c8d4-477d-315a-a525-400fb85a9310,  -4.665160, -37.787660,2026-08-27 04:32:00,NOAA-21,ARACATI,CEARÁ,Brasil,2301109,23,33,,,,Caatinga,2.1
7c50560c-929f-3c8b-a3e0-bc32fe27ae67,  -2.730810, -47.053230,2026-08-27 04:32:00,NOAA-21,PARAGOMINAS,PARÁ,Brasil,1505502,15,33,,,,Amazônia,9.1
0d6997cd-dfce-3b32-8d4c-b16cd5f3fe59,  -5.445010, -47.531980,2026-08-27 04:32:00,NOAA-21,IMPERATRIZ,MARANHÃO,Brasil,2105302,21,33,,,,Cerrado,1.3
9ada1e32-fc33-3361-884d-92cba8e213f4,  -1.462660, -55.827470,2026-08-27 04:32:00,NOAA-21,ORIXIMINÁ,PARÁ,Brasil,1505304,15,33,,,,Amazônia,16.8
49f91984-1caf-318a-a01a-3ea789eedb14,  -1.466650, -55.534700,2026-08-27 04:32:00,NOAA-21,ÓBIDOS,PARÁ,Brasil,1505106,15,33,,,,Amazônia,1.3
5faf7194-6d2a-3994-a937-2fa33b7574bb,  -6.164110, -44.316900,2026-08-27 04:32:00,NOAA-21,MIRADOR,MARANHÃO,Brasil,2106706,21,33,,,,Cerrado,1.6
dd97d84b-cc67-3f03-b41d-66f1bbfa398a,  -5.810410, -46.214990,2026-08-27 04:32:00,NOAA-21,GRAJAÚ,MARANHÃO,Brasil,2104800,21,33,,,,Cerrado,1.6
cd9e6d44-b5ce-334d-98fc-c9032feee9f9,  -3.964050, -43.108290,2026-08-27 04:32:00,NOAA-21,BURITI,MARANHÃO,Brasil,2102200,21,33,,,,Cerrado,2.9
9a9b6e48-16f0-38f3-9933-de85d49c4a15,  -4.564810, -44.079950,2026-08-27 04:32:00,NOAA-21,CODÓ,MARANHÃO,Brasil,2103307,21,33,,,,Cerrado,6.8
99fb3aa9-1d37-3207-bcde-5f219928e015,  -3.541210, -48.180630,2026-08-27 04:32:00,NOAA-21,PARAGOMINAS,PARÁ,Brasil,1505502,15,33,,,,Amazônia,2.3
49e363f7-c762-3d12-aa1f-4ccb982e40a2,  -5.871630, -43.598130,2026-08-27 04:32:00,NOAA-21,LAGOA DO MATO,MARANHÃO,Brasil,2105922,21,33,,,,Cerrado,6.7
76820688-23a7-34d2-92cc-b70555569bc0,  -3.259640, -47.087000,2026-08-27 04:32:00,NOAA-21,PARAGOMINAS,PARÁ,Brasil,1505502,15,33,,,,Amazônia,2.1
f59cab36-ffb8-33f1-bde4-3b8849bcfb63,  -5.486470, -44.663910,2026-08-27 04:32:00,NOAA-21,SANTA FILOMENA DO MARANHÃO,MARANHÃO,Brasil,2109759,21,33,,,,Cerrado,0.9
a538e481-dc92-3890-a446-79d06b43c6f8,  -6.161050, -44.312080,2026-08-27 04:32:00,NOAA-21,MIRADOR,MARANHÃO,Brasil,2106706,21,33,,,,Cerrado,1.8
447cd6bc-6e99-3a7a-ab57-9da262fb0d86,  -2.708630, -49.506080,2026-08-27 04:32:00,NOAA-21,BAIÃO,PARÁ,Brasil,1501204,15,33,,,,Amazônia,0.9
76764ca3-65ca-3970-9129-eea655b318f0,  -2.896890, -48.274360,2026-08-27 04:32:00,NOAA-21,TOMÉ-AÇU,PARÁ,Brasil,1508001,15,33,,,,Amazônia,27.4
bf5e739b-f6aa-31a6-b942-53149c0d01e5,  -1.467140, -55.531600,2026-08-27 04:32:00,NOAA-21,ÓBIDOS,PARÁ,Brasil,1505106,15,33,,,,Amazônia,1.0
51e39837-384b-3178-be48-2a49906a6bef,  -5.711850, -46.028630,2026-08-27 04:32:00,NOAA-21,GRAJAÚ,MARANHÃO,Brasil,2104800,21,33,,,,Cerrado,0.7
99da4bce-e94b-317d-8eca-e20665ad57c6,  -5.437480, -48.493840,2026-08-27 04:32:00,NOAA-21,SÃO JOÃO DO ARAGUAIA,PARÁ,Brasil,1507508,15,33,,,,Amazônia,2.0
e42239fc-3bab-3742-b620-4a81bd98b0ec,  -6.757880, -38.921080,2026-08-27 04:32:00,NOAA-21,LAVRAS DA MANGABEIRA,CEARÁ,Brasil,2307502,23,33,,,,Caatinga,3.6
b318fdfe-deff-3162-a4e3-8460ad0d841a,  -5.623320, -44.928070,2026-08-27 04:32:00,NOAA-21,TUNTUM,MARANHÃO,Brasil,2112308,21,33,,,,Cerrado,1.0
7a348177-507e-3355-af45-48baebc27cdf,  -5.918720, -43.624830,2026-08-27 04:32:00,NOAA-21,LAGOA DO MATO,MARANHÃO,Brasil,2105922,21,33,,,,Cerrado,25.1
29130770-81bb-3153-b0fd-c046b9f60223,  -3.540660, -48.184120,2026-08-27 04:32:00,NOAA-21,PARAGOMINAS,PARÁ,Brasil,1505502,15,33,,,,Amazônia,1.5
2759736c-bad7-3b5b-ab17-b5695016f80e,  -2.814490, -48.631870,2026-08-27 04:32:00,NOAA-21,TAILÂNDIA,PARÁ,Brasil,1507953,15,33,,,,Amazônia,10.3
718888bd-1cd1-3150-8ba5-a7f5251bc391,  -2.790710, -51.904070,2026-08-27 04:32:00,NOAA-21,SENADOR JOSÉ PORFÍRIO,PARÁ,Brasil,1507805,15,33,,,,Amazônia,2.0
e3e0a86f-bb8a-3cba-b963-3673e53ca0fb,  -1.594910, -47.357690,2026-08-27 04:32:00,NOAA-21,SÃO MIGUEL DO GUAMÁ,PARÁ,Brasil,1507607,15,33,,,,Amazônia,3.7
36e9c1ac-8134-3cb6-8711-394676676a0d,  -3.543590, -48.185360,2026-08-27 04:32:00,NOAA-21,PARAGOMINAS,PARÁ,Brasil,1505502,15,33,,,,Amazônia,0.6
aacca277-6d9e-30a4-9450-2ddb8ace30be,  -5.876150, -43.593990,2026-08-27 04:32:00,NOAA-21,LAGOA DO MATO,MARANHÃO,Brasil,2105922,21,33,,,,Cerrado,2.4
34e4baed-b492-38ac-9084-466eb25abffa,  -2.798270, -49.582130,2026-08-27 04:32:00,NOAA-21,BAIÃO,PARÁ,Brasil,1501204,15,33,,,,Amazônia,1.7
53bb0a74-7c0c-310d-b3c4-07bdb369d739,  -4.178460, -49.403250,2026-08-27 04:32:00,NOAA-21,GOIANÉSIA DO PARÁ,PARÁ,Brasil,1503093,15,33,,,,Amazônia,0.7
eb71df04-2829-3b40-ba36-c0e4249b1d26,  -4.692330, -44.378060,2026-08-27 04:32:00,NOAA-21,CAPINZAL DO NORTE,MARANHÃO,Brasil,2102754,21,33,,,,Cerrado,7.3
a7c7317d-bf12-3f2a-bce0-30ebe240879b,  -4.554310, -47.769250,2026-08-27 04:32:00,NOAA-21,DOM ELISEU,PARÁ,Brasil,1502939,15,33,,,,Amazônia,1.3
5af52759-5b42-3b90-b7b7-33db32bd81a6,  -2.708020, -49.509900,2026-08-27 04:32:00,NOAA-21,BAIÃO,PARÁ,Brasil,1501204,15,33,,,,Amazônia,0.9
b61fee32-4bf2-3bcf-9c24-2dc4ad3115d5,  -4.656830, -44.114060,2026-08-27 04:32:00,NOAA-21,CODÓ,MARANHÃO,Brasil,2103307,21,33,,,,Cerrado,0.8
52696533-9453-3a88-92c5-2b80ac90c843,  -3.224070, -51.985560,2026-08-27 04:32:00,NOAA-21,VITÓRIA DO XINGU,PARÁ,Brasil,1508357,15,33,,,,Amazônia,1.7
fc7a6388-9b86-320a-b934-fecf29ec1e5d,  -3.508600, -58.956360,2026-08-27 04:32:00,NOAA-21,AUTAZES,AMAZONAS,Brasil,1300300,13,33,,,,Amazônia,2.3
2020e4e9-95d1-3a72-804b-640277dc1003,  -1.359940, -54.629860,2026-08-27 04:32:00,NOAA-21,MONTE ALEGRE,PARÁ,Brasil,1504802,15,33,,,,Amazônia,4.3
b45086ef-4905-39ab-a47d-b6f009f0b522,  -5.972780, -42.743060,2026-08-27 04:32:00,NOAA-21,SÃO PEDRO DO PIAUÍ,PIAUÍ,Brasil,2210508,22,33,,,,Caatinga,0.9
3b13f36d-4404-359e-9caf-3d33146e0eac,  -4.557470, -44.078830,2026-08-27 04:32:00,NOAA-21,CODÓ,MARANHÃO,Brasil,2103307,21,33,,,,Cerrado,4.8
9a6daf63-7074-38b3-9478-56a9a3b89be3,  -3.711480, -45.948560,2026-08-27 04:32:00,NOAA-21,ALTO ALEGRE DO PINDARÉ,MARANHÃO,Brasil,2100477,21,33,,,,Amazônia,0.6
681869f5-a88a-31a0-ab5c-16061e9176bf,  -2.547020, -47.165440,2026-08-27 04:32:00,NOAA-21,GARRAFÃO DO NORTE,PARÁ,Brasil,1503077,15,33,,,,Amazônia,2.0
5dbba950-1ba9-3517-9723-db63e72e1076,  -3.629470, -49.704640,2026-08-27 04:32:00,NOAA-21,TUCURUÍ,PARÁ,Brasil,1508100,15,33,,,,Amazônia,2.6
884ecd20-7f46-3bc3-9a60-b854c0c1d368,  -4.564160, -44.084240,2026-08-27 04:32:00,NOAA-21,CODÓ,MARANHÃO,Brasil,2103307,21,33,,,,Cerrado,6.8
2732bf80-f534-3b65-95b7-bceaf2719e31,  -3.537340, -48.183610,2026-08-27 04:32:00,NOAA-21,PARAGOMINAS,PARÁ,Brasil,1505502,15,33,,,,Amazônia,1.5
c843720c-4ac9-3982-b58a-34d09068383b,  -3.210550, -48.933980,2026-08-27 04:32:00,NOAA-21,TAILÂNDIA,PARÁ,Brasil,1507953,15,33,,,,Amazônia,0.8
5d08fe47-5dbc-391a-838e-97cf61ad7d02,  -6.758320, -38.917750,2026-08-27 04:32:00,NOAA-21,LAVRAS DA MANGABEIRA,CEARÁ,Brasil,2307502,23,33,,,,Caatinga,4.1
2f66d34b-e921-3bc0-adcb-bb122a97bc1c,  -5.981680, -43.747090,2026-08-27 04:32:00,NOAA-21,PASSAGEM FRANCA,MARANHÃO,Brasil,2107902,21,33,,,,Cerrado,0.8
ead35ac9-3a73-30cc-8fba-6ce28a25ac28,  -5.869590, -43.595270,2026-08-27 04:32:00,NOAA-21,LAGOA DO MATO,MARANHÃO,Brasil,2105922,21,33,,,,Cerrado,5.8
d3c4362b-eee4-3e44-ae35-1439287dfe02,  -1.458590, -55.822570,2026-08-27 04:32:00,NOAA-21,ORIXIMINÁ,PARÁ,Brasil,1505304,15,33,,,,Amazônia,2.1
f4ae0ea3-7426-30c2-9f6d-fa9c7d38f0a6,  -3.171500, -49.156800,2026-08-27 04:32:00,NOAA-21,MOJU,PARÁ,Brasil,1504703,15,33,,,,Amazônia,0.6
dd6fe4a3-0be4-3a3f-9bbc-86d9e14d7065,  -3.534550, -48.179610,2026-08-27 04:32:00,NOAA-21,PARAGOMINAS,PARÁ,Brasil,1505502,15,33,,,,Amazônia,1.7
0e761060-c853-3195-aed2-607040aae560,  -5.487110, -44.659780,2026-08-27 04:32:00,NOAA-21,SANTA FILOMENA DO MARANHÃO,MARANHÃO,Brasil,2109759,21,33,,,,Cerrado,1.6
96cbcdec-70ae-3f92-b50c-c68680dd6882,  -4.560490, -44.083690,2026-08-27 04:32:00,NOAA-21,CODÓ,MARANHÃO,Brasil,2103307,21,33,,,,Cerrado,4.8
98073a6f-35dd-3c50-9ada-438b5a122e99,  -3.536790, -48.187100,2026-08-27 04:32:00,NOAA-21,PARAGOMINAS,PARÁ,Brasil,1505502,15,33,,,,Amazônia,1.5
5f7d9148-25e8-387f-8bb2-ae45aaf53d35,  -4.559840, -44.087960,2026-08-27 04:32:00,NOAA-21,CODÓ,MARANHÃO,Brasil,2103307,21,33,,,,Cerrado,2.7
f37b20a6-a3bf-34f2-82e6-8e75bcd32cf5,  -5.870300, -43.590580,2026-08-27 04:32:00,NOAA-21,LAGOA DO MATO,MARANHÃO,Brasil,2105922,21,33,,,,Cerrado,8.3
40ebc842-1a07-3acf-b949-5abff4b91202,  -2.798880, -49.578280,2026-08-27 04:32:00,NOAA-21,BAIÃO,PARÁ,Brasil,1501204,15,33,,,,Amazônia,1.1
9bad1ea4-5f3b-31cb-8e9d-cbba9043da8d,  -5.867790, -43.597540,2026-08-27 04:32:00,NOAA-21,LAGOA DO MATO,MARANHÃO,Brasil,2105922,21,33,,,,Cerrado,6.7
593a99f5-04dd-3c38-8232-65a0ca76ed11,  -1.364800, -54.630670,2026-08-27 04:32:00,NOAA-21,MONTE ALEGRE,PARÁ,Brasil,1504802,15,33,,,,Amazônia,4.3
658c0745-1519-3835-a8b7-168ae5b241eb,  -5.530630, -46.602630,2026-08-27 04:32:00,NOAA-21,AMARANTE DO MARANHÃO,MARANHÃO,Brasil,2100600,21,33,,,,Cerrado,0.7
2e064c89-76a6-37dd-a25e-a80c0bcb8fe1,  -2.830100, -48.653290,2026-08-27 04:32:00,NOAA-21,TAILÂNDIA,PARÁ,Brasil,1507953,15,33,,,,Amazônia,2.5
31a2c87b-56b6-3d02-a2f2-1fa3d5d339fd,  -5.533980, -46.603150,2026-08-27 04:32:00,NOAA-21,AMARANTE DO MARANHÃO,MARANHÃO,Brasil,2100600,21,33,,,,Cerrado,0.7
bd11af10-2913-3e24-adbf-6c138f3ea7b9,  -3.277430, -48.840420,2026-08-27 04:32:00,NOAA-21,TAILÂNDIA,PARÁ,Brasil,1507953,15,33,,,,Amazônia,1.6
db10e1b0-0af9-30b5-98a7-8a98167ae2c5,  -1.587500, -50.445680,2026-08-27 04:32:00,NOAA-21,BREVES,PARÁ,Brasil,1501808,15,33,,,,Amazônia,4.0
095bc59e-942a-3a85-ad3b-f72450a0bf4b,  -4.173240, -42.441710,2026-08-27 04:32:00,NOAA-21,BARRAS,PIAUÍ,Brasil,2201200,22,33,,,,Caatinga,1.8
6fb42a3b-dd24-3f8a-8617-18a313762c88,  -5.018860, -47.057760,2026-08-27 04:32:00,NOAA-21,AÇAILÂNDIA,MARANHÃO,Brasil,2100055,21,33,,,,Amazônia,0.8
7f10c042-580e-3792-a6e5-48025ce50986,  -2.049130, -48.040990,2026-08-27 04:32:00,NOAA-21,CONCÓRDIA DO PARÁ,PARÁ,Brasil,1502756,15,33,,,,Amazônia,1.1
09df67c2-9fd7-3b88-aa1c-2c6594c37522,  -2.513740, -49.363000,2026-08-27 04:32:00,NOAA-21,MOCAJUBA,PARÁ,Brasil,1504604,15,33,,,,Amazônia,1.1
080abdad-42b3-30be-b40b-90d857509ee3,  -5.022180, -47.058270,2026-08-27 04:32:00,NOAA-21,AÇAILÂNDIA,MARANHÃO,Brasil,2100055,21,33,,,,Amazônia,0.8
691706c4-b620-3a8a-9f2b-4a41dd0b9c96,  -1.459090, -55.819360,2026-08-27 04:32:00,NOAA-21,ORIXIMINÁ,PARÁ,Brasil,1505304,15,33,,,,Amazônia,2.1
b199796a-b934-3b4c-8d69-e1b18e6bb284,  -6.160410, -44.316400,2026-08-27 04:32:00,NOAA-21,MIRADOR,MARANHÃO,Brasil,2106706,21,33,,,,Cerrado,1.8
995ce03a-884e-3f3f-ab10-a2f51737af7e,  -5.777580, -46.172970,2026-08-27 04:32:00,NOAA-21,GRAJAÚ,MARANHÃO,Brasil,2104800,21,33,,,,Cerrado,2.1
109163ad-4f2f-390d-bd6e-4a55d6e7ec98,  -4.572150, -44.081040,2026-08-27 04:32:00,NOAA-21,CODÓ,MARANHÃO,Brasil,2103307,21,33,,,,Cerrado,1.3
735bdda4-a50d-3080-90ad-c50325979c44,  -4.177280, -42.442320,2026-08-27 04:32:00,NOAA-21,BARRAS,PIAUÍ,Brasil,2201200,22,33,,,,Caatinga,0.7
2cab6cf2-02db-32ed-8034-8a86a73783e5,  -2.980640, -49.010430,2026-08-27 04:32:00,NOAA-21,MOJU,PARÁ,Brasil,1504703,15,33,,,,Amazônia,0.8
f49ced4c-468c-365d-aca7-4f51d61d17d8,  -5.922560, -43.625420,2026-08-27 04:32:00,NOAA-21,LAGOA DO MATO,MARANHÃO,Brasil,2105922,21,33,,,,Cerrado,25.1
48878fc1-a16d-35e6-9f9b-2a89b497497f,  -3.537880, -48.180120,2026-08-27 04:32:00,NOAA-21,PARAGOMINAS,PARÁ,Brasil,1505502,15,33,,,,Amazônia,2.3
af4a8c6a-0df6-3bcb-a8e3-d2c5219b2eed,  -5.746910, -42.637840,2026-08-27 04:32:00,NOAA-21,MIGUEL LEÃO,PIAUÍ,Brasil,2206308,22,33,,,,Caatinga,6.6
0fa85a01-9bf5-3d31-968a-7a8af89692ae,  -4.567830, -44.084760,2026-08-27 04:32:00,NOAA-21,CODÓ,MARANHÃO,Brasil,2103307,21,33,,,,Cerrado,6.8
4f0304d4-a910-3140-b3c6-aad5e086eda1,  -5.231660, -44.790470,2026-08-27 04:32:00,NOAA-21,TUNTUM,MARANHÃO,Brasil,2112308,21,33,,,,Cerrado,0.8
83a6e300-0d1c-3404-801b-400eaed38b8b,  -5.868470, -43.592830,2026-08-27 04:32:00,NOAA-21,LAGOA DO MATO,MARANHÃO,Brasil,2105922,21,33,,,,Cerrado,6.7
2e566b5e-ae7f-36d1-b1cd-08e4d2876292,  -1.588180, -50.441350,2026-08-27 04:32:00,NOAA-21,BREVES,PARÁ,Brasil,1501808,15,33,,,,Amazônia,3.8
c08a7dcf-c022-382c-b1d9-7c396fa87949,  -3.220130, -51.984870,2026-08-27 04:32:00,NOAA-21,VITÓRIA DO XINGU,PARÁ,Brasil,1508357,15,33,,,,Amazônia,1.7
4790951b-3b65-3dc9-a754-93b72b39fb35,  -6.393880, -41.717110,2026-08-27 04:32:00,NOAA-21,VALENÇA DO PIAUÍ,PIAUÍ,Brasil,2211308,22,33,,,,Caatinga,3.6
777d5a19-33f3-3f3e-87ab-37065834c50f,  -2.829530, -48.656880,2026-08-27 04:32:00,NOAA-21,TAILÂNDIA,PARÁ,Brasil,1507953,15,33,,,,Amazônia,2.5
5bf45082-49b9-3e5d-add0-3d36323f28aa,  -3.727220, -54.525960,2026-08-27 04:32:00,NOAA-21,PLACAS,PARÁ,Brasil,1505650,15,33,,,,Amazônia,2.8
f4e5c1cb-8b68-3957-8cb1-19886b362e72,  -4.660660, -37.788800,2026-08-27 04:32:00,NOAA-21,ARACATI,CEARÁ,Brasil,2301109,23,33,,,,Caatinga,2.9
0f751e7c-6710-3eb1-a147-e1908053fc3c,  -5.812700, -46.222810,2026-08-27 04:32:00,NOAA-21,GRAJAÚ,MARANHÃO,Brasil,2104800,21,33,,,,Cerrado,1.6
6bd6b977-b849-3ae1-9b70-fe34f219027b,  -5.777020, -46.176610,2026-08-27 04:32:00,NOAA-21,GRAJAÚ,MARANHÃO,Brasil,2104800,21,33,,,,Cerrado,2.1
159707c1-2c50-3166-9418-798ba307f4d2,  -4.181880, -49.403780,2026-08-27 04:32:00,NOAA-21,GOIANÉSIA DO PARÁ,PARÁ,Brasil,1503093,15,33,,,,Amazônia,2.4
1960483c-a3eb-3ab7-a5bb-775c66030981,   -.785450, -47.185440,2026-08-27 04:32:00,NOAA-21,SÃO JOÃO DE PIRABAS,PARÁ,Brasil,1507474,15,33,,,,Amazônia,0.8
936ec08d-7c02-3232-822e-fdf5d1ca0c15,  -2.734650, -47.050310,2026-08-27 04:32:00,NOAA-21,PARAGOMINAS,PARÁ,Brasil,1505502,15,33,,,,Amazônia,1.7
7783b9ef-3bf5-3136-a68a-3c128721cc26,  -2.966880, -52.649930,2026-08-27 04:32:00,NOAA-21,BRASIL NOVO,PARÁ,Brasil,1501725,15,33,,,,Amazônia,1.5
9089cdc1-d84c-373e-ac1e-d84e01ca375b,  -1.463340, -55.826710,2026-08-27 04:32:00,NOAA-21,ORIXIMINÁ,PARÁ,Brasil,1505304,15,33,,,,Amazônia,6.4
595a7f53-29ce-35e8-8976-f848b9a754bb,  -2.808870, -48.623660,2026-08-27 04:32:00,NOAA-21,TAILÂNDIA,PARÁ,Brasil,1507953,15,33,,,,Amazônia,4.7
06e7031d-9bd7-398b-b9be-3970bf7de695,  -2.807750, -48.630830,2026-08-27 04:32:00,NOAA-21,TAILÂNDIA,PARÁ,Brasil,1507953,15,33,,,,Amazônia,12.6
6d53b4bd-9c9d-3a2c-bba0-09423d5ddee0,  -5.877990, -43.591700,2026-08-27 04:32:00,NOAA-21,LAGOA DO MATO,MARANHÃO,Brasil,2105922,21,33,,,,Cerrado,1.0
3690daa7-e550-3a44-8b32-845910bee1c8,  -3.171280, -49.157050,2026-08-27 04:32:00,NOAA-21,MOJU,PARÁ,Brasil,1504703,15,33,,,,Amazônia,0.7
e6e27175-c663-317b-a7da-e17d101d3de2,  -1.355080, -54.629050,2026-08-27 04:32:00,NOAA-21,MONTE ALEGRE,PARÁ,Brasil,1504802,15,33,,,,Amazônia,1.9
34ac1a21-10c6-3bf2-978d-adcddfec6cfd,  -5.228100, -44.789920,2026-08-27 04:32:00,NOAA-21,TUNTUM,MARANHÃO,Brasil,2112308,21,33,,,,Cerrado,0.9
26278802-e67f-3940-bedb-5a92569026e4,  -4.561790, -44.075050,2026-08-27 04:32:00,NOAA-21,CODÓ,MARANHÃO,Brasil,2103307,21,33,,,,Cerrado,2.2
033cfa5e-680f-36e9-998e-a0640f62eff1,  -3.533460, -48.186580,2026-08-27 04:32:00,NOAA-21,PARAGOMINAS,PARÁ,Brasil,1505502,15,33,,,,Amazônia,1.1
2ae2c1a7-c410-3b98-8d52-fd2d06502bd3,  -5.972250, -42.746670,2026-08-27 04:32:00,NOAA-21,SÃO PEDRO DO PIAUÍ,PIAUÍ,Brasil,2210508,22,33,,,,Caatinga,0.9
323a08b9-1a39-3e15-bea9-4da4f44b1fc2,  -6.144980, -44.318530,2026-08-27 04:32:00,NOAA-21,MIRADOR,MARANHÃO,Brasil,2106706,21,33,,,,Cerrado,2.3
c6042af6-0874-3a54-9043-7cc4b8c01ccc,  -1.359090, -54.635160,2026-08-27 04:32:00,NOAA-21,ALENQUER,PARÁ,Brasil,1500404,15,33,,,,Amazônia,7.0
1242c92d-b7d8-3cea-aeed-0415e33325cd,  -5.807580, -46.210820,2026-08-27 04:32:00,NOAA-21,GRAJAÚ,MARANHÃO,Brasil,2104800,21,33,,,,Cerrado,1.0
a4996533-8739-3372-881b-c8b4d6ffa5fb,  -7.105440, -42.820040,2026-08-27 04:34:00,NOAA-21,NAZARÉ DO PIAUÍ,PIAUÍ,Brasil,2206704,22,33,,,,Caatinga,1.9
8ece0591-3726-3fee-b2ff-4aeccfb3c140, -11.735130, -54.540850,2026-08-27 04:34:00,NOAA-21,UNIÃO DO SUL,MATO GROSSO,Brasil,5108303,51,33,,,,Amazônia,3.0
ba813a72-d17a-32e0-8365-7126e1346825, -10.079070, -46.200900,2026-08-27 04:34:00,NOAA-21,ALTO PARNAÍBA,MARANHÃO,Brasil,2100501,21,33,,,,Cerrado,1.8
85c11f1d-9504-301d-9c38-3676a777547c,  -7.340070, -44.430990,2026-08-27 04:34:00,NOAA-21,URUÇUÍ,PIAUÍ,Brasil,2211209,22,33,,,,Cerrado,6.0
9a6a96d5-bd88-3865-8214-e611ca0cf367,  -7.393490, -55.165360,2026-08-27 04:34:00,NOAA-21,ALTAMIRA,PARÁ,Brasil,1500602,15,33,,,,Amazônia,5.0
8d602ac5-305e-3927-975b-aab4ef0001a6,  -7.610590, -47.288430,2026-08-27 04:34:00,NOAA-21,CAROLINA,MARANHÃO,Brasil,2102804,21,33,,,,Cerrado,2.5
505088aa-905e-38e5-b688-88508b39ec00,  -7.382570, -55.145650,2026-08-27 04:34:00,NOAA-21,ALTAMIRA,PARÁ,Brasil,1500602,15,33,,,,Amazônia,3.0
5154c33f-07ed-3ee0-be2b-86a93a46ae77,  -6.232770, -53.486320,2026-08-27 04:34:00,NOAA-21,ALTAMIRA,PARÁ,Brasil,1500602,15,33,,,,Amazônia,1.6
9f7d2388-99b7-3dc6-8c6c-f0cfbadb9f58, -10.784140, -54.016910,2026-08-27 04:34:00,NOAA-21,MARCELÂNDIA,MATO GROSSO,Brasil,5105580,51,33,,,,Amazônia,2.0
af0b1a68-20ae-368d-9d55-97e1bfc24a08,  -8.799650, -50.045590,2026-08-27 04:34:00,NOAA-21,SANTA MARIA DAS BARREIRAS,PARÁ,Brasil,1506583,15,33,,,,Amazônia,3.5
c606a036-11ff-3c38-95b8-88f3a80706e3, -11.771270, -54.524420,2026-08-27 04:34:00,NOAA-21,UNIÃO DO SUL,MATO GROSSO,Brasil,5108303,51,33,,,,Amazônia,1.5
18285854-d10b-3b43-9b90-e0bb7a69e6ca,  -6.651400, -51.486520,2026-08-27 04:34:00,NOAA-21,TUCUMÃ,PARÁ,Brasil,1508084,15,33,,,,Amazônia,1.8
4df06e4b-9d5e-3b65-bcd7-153c8286efbc,  -6.978830, -55.696030,2026-08-27 04:34:00,NOAA-21,NOVO PROGRESSO,PARÁ,Brasil,1505031,15,33,,,,Amazônia,1.9
7ba46968-19ee-3013-8c2a-6cc717caaad5, -12.214800, -54.235150,2026-08-27 04:34:00,NOAA-21,FELIZ NATAL,MATO GROSSO,Brasil,5103700,51,33,,,,Amazônia,1.0
36fa3279-c86f-3105-a091-de9d43abd941,  -6.490690, -51.437020,2026-08-27 04:34:00,NOAA-21,SÃO FÉLIX DO XINGU,PARÁ,Brasil,1507300,15,33,,,,Amazônia,1.8
ff1216e2-d3a9-3102-94f5-d482e187bb44, -11.778760, -54.529570,2026-08-27 04:34:00,NOAA-21,UNIÃO DO SUL,MATO GROSSO,Brasil,5108303,51,33,,,,Amazônia,1.1
5e956f0d-c613-37ab-9993-aa4afbc59324,  -9.710250, -46.564530,2026-08-27 04:34:00,NOAA-21,ALTO PARNAÍBA,MARANHÃO,Brasil,2100501,21,33,,,,Cerrado,1.2
31cfa056-ca12-3a22-a62b-0f41692e2d50,  -9.609760, -55.103030,2026-08-27 04:34:00,NOAA-21,NOVO MUNDO,MATO GROSSO,Brasil,5106265,51,33,,,,Amazônia,10.4
d691406a-d703-3ba2-9ac7-dc523a84558f,  -6.590090, -47.448800,2026-08-27 04:34:00,NOAA-21,ESTREITO,MARANHÃO,Brasil,2104057,21,33,,,,Cerrado,1.4
7696eb78-8000-3937-81ab-2a5e8b105cf2,  -6.520570, -55.246410,2026-08-27 04:34:00,NOAA-21,ITAITUBA,PARÁ,Brasil,1503606,15,33,,,,Amazônia,3.6
5df85171-5894-3d82-9d9b-324b5cbb7fae, -11.697510, -54.587750,2026-08-27 04:34:00,NOAA-21,SANTA CARMEM,MATO GROSSO,Brasil,5107248,51,33,,,,Amazônia,1.2
bf9745b4-0e01-3828-aabc-86df02920907,  -7.266790, -45.356960,2026-08-27 04:34:00,NOAA-21,LORETO,MARANHÃO,Brasil,2106102,21,33,,,,Cerrado,4.9
c5f26ba2-8e70-3077-a8fc-db2f42ee789e, -13.333290, -48.203820,2026-08-27 04:34:00,NOAA-21,MINAÇU,GOIÁS,Brasil,5213087,52,33,,,,Cerrado,2.9
4d2b5c10-c582-3b03-999f-a9117354e27d, -13.325940, -48.217820,2026-08-27 04:34:00,NOAA-21,MINAÇU,GOIÁS,Brasil,5213087,52,33,,,,Cerrado,8.0
05ec5347-37d4-3843-844e-f1b2c952449c, -10.763500, -54.016950,2026-08-27 04:34:00,NOAA-21,MARCELÂNDIA,MATO GROSSO,Brasil,5105580,51,33,,,,Amazônia,1.2
4b9b667b-df79-32b2-9b51-87bbdd1d2ffc, -10.476910, -46.200600,2026-08-27 04:34:00,NOAA-21,MATEIROS,TOCANTINS,Brasil,1712702,17,33,,,,Cerrado,4.1
a8df9c83-6559-3ba7-a98b-8db87c291d65,  -6.268030, -53.376030,2026-08-27 04:34:00,NOAA-21,ALTAMIRA,PARÁ,Brasil,1500602,15,33,,,,Amazônia,1.0
4fff02a2-7891-3eec-ae52-2e5c66d927ee,  -8.529510, -55.304810,2026-08-27 04:34:00,NOAA-21,NOVO PROGRESSO,PARÁ,Brasil,1505031,15,33,,,,Amazônia,2.0
f050c85b-a8c8-35b8-a28a-d039ae6419e1,  -9.164790, -49.978160,2026-08-27 04:34:00,NOAA-21,SANTANA DO ARAGUAIA,PARÁ,Brasil,1506708,15,33,,,,Amazônia,1.2
683b71d1-6362-3f5a-bc3c-24a76e8b51cd,  -8.774860, -49.952510,2026-08-27 04:34:00,NOAA-21,SANTA MARIA DAS BARREIRAS,PARÁ,Brasil,1506583,15,33,,,,Amazônia,2.4
c9d25697-1d3b-3f01-9991-bbd9c3d5f20f,  -6.777590, -55.691350,2026-08-27 04:34:00,NOAA-21,NOVO PROGRESSO,PARÁ,Brasil,1505031,15,33,,,,Amazônia,3.0
2a7f0a24-0458-33b8-9474-c1a25ca9d4cd,  -6.819290, -59.943530,2026-08-27 04:34:00,NOAA-21,NOVO ARIPUANÃ,AMAZONAS,Brasil,1303304,13,33,,,,Amazônia,1.4
5cad0d5b-1a83-3eb9-b6f7-dd839d8207f1,  -6.965300, -52.804930,2026-08-27 04:34:00,NOAA-21,SÃO FÉLIX DO XINGU,PARÁ,Brasil,1507300,15,33,,,,Amazônia,3.4
0cc08b47-d762-371d-924b-a303439a8d27, -10.759510, -53.969310,2026-08-27 04:34:00,NOAA-21,MARCELÂNDIA,MATO GROSSO,Brasil,5105580,51,33,,,,Amazônia,1.3
a410ba16-64ea-3a30-b881-d2e525c5d664, -11.198630, -53.996760,2026-08-27 04:34:00,NOAA-21,MARCELÂNDIA,MATO GROSSO,Brasil,5105580,51,33,,,,Amazônia,2.0
627375d9-3557-301e-a915-a6efb2add803,  -6.767970, -55.689990,2026-08-27 04:34:00,NOAA-21,NOVO PROGRESSO,PARÁ,Brasil,1505031,15,33,,,,Amazônia,2.5
73934fff-cf86-31c4-bf20-21b6ac81d619,  -8.821240, -49.617900,2026-08-27 04:34:00,NOAA-21,SANTA MARIA DAS BARREIRAS,PARÁ,Brasil,1506583,15,33,,,,Amazônia,2.2
8d1ac79c-f8fc-37c9-a7df-ce25cb543167,  -9.613380, -55.108090,2026-08-27 04:34:00,NOAA-21,NOVO MUNDO,MATO GROSSO,Brasil,5106265,51,33,,,,Amazônia,4.6
607fba8d-1de8-3a9b-be3b-0f1fa0bdebc8,  -9.411210, -51.631330,2026-08-27 04:34:00,NOAA-21,SÃO FÉLIX DO XINGU,PARÁ,Brasil,1507300,15,33,,,,Amazônia,2.7
6bb867e9-280d-3f1c-a54f-9b005ebbf20c, -11.799960, -47.678890,2026-08-27 04:34:00,NOAA-21,NATIVIDADE,TOCANTINS,Brasil,1714203,17,33,,,,Cerrado,1.6
b0680fa8-534e-3291-a670-055bef8e58dd,  -7.017020, -55.702420,2026-08-27 04:34:00,NOAA-21,NOVO PROGRESSO,PARÁ,Brasil,1505031,15,33,,,,Amazônia,1.1
a3f8c7fd-a507-3885-a556-9ff837989216,  -6.831780, -56.406350,2026-08-27 04:34:00,NOAA-21,ITAITUBA,PARÁ,Brasil,1503606,15,33,,,,Amazônia,1.8
f16f5d50-dbf7-300e-ad27-116b0a85e46c, -11.206570, -53.998170,2026-08-27 04:34:00,NOAA-21,MARCELÂNDIA,MATO GROSSO,Brasil,5105580,51,33,,,,Amazônia,1.3
cf6f9aa5-84a7-377d-b9f3-d30e6532eb11, -10.766590, -53.999340,2026-08-27 04:34:00,NOAA-21,MARCELÂNDIA,MATO GROSSO,Brasil,5105580,51,33,,,,Amazônia,2.3
db162b6d-b351-3e16-9a3f-8e6e8dcd38ae,  -5.999060, -57.830420,2026-08-27 04:34:00,NOAA-21,JACAREACANGA,PARÁ,Brasil,1503754,15,33,,,,Amazônia,6.1
e541df46-f8d1-319d-8413-c9f397cf8ede, -13.345770, -48.235390,2026-08-27 04:34:00,NOAA-21,MINAÇU,GOIÁS,Brasil,5213087,52,33,,,,Cerrado,1.8
d85c13d7-604e-369b-ae15-03677c2c8a08, -10.175640, -46.849330,2026-08-27 04:34:00,NOAA-21,SÃO FÉLIX DO TOCANTINS,TOCANTINS,Brasil,1720150,17,33,,,,Cerrado,1.4
6aefc17d-0647-319d-987d-d314cf9f5010,  -6.516140, -55.227920,2026-08-27 04:34:00,NOAA-21,ITAITUBA,PARÁ,Brasil,1503606,15,33,,,,Amazônia,3.3
f21c721e-0c88-302b-9de5-8e34c35ae94f,  -8.806980, -50.043050,2026-08-27 04:34:00,NOAA-21,SANTA MARIA DAS BARREIRAS,PARÁ,Brasil,1506583,15,33,,,,Amazônia,3.4
0151f700-8313-3e62-a789-b7c6671d2380, -11.201530, -55.085620,2026-08-27 04:34:00,NOAA-21,ITAÚBA,MATO GROSSO,Brasil,5104559,51,33,,,,Amazônia,1.8
df352cd1-8479-3c04-b7ec-8ce7f32fe20a,  -9.388340, -48.695300,2026-08-27 04:34:00,NOAA-21,MIRANORTE,TOCANTINS,Brasil,1713304,17,33,,,,Cerrado,1.4
b7ee177f-2fc6-3148-a76e-d84bcca0482a,  -6.241100, -53.487610,2026-08-27 04:34:00,NOAA-21,ALTAMIRA,PARÁ,Brasil,1500602,15,33,,,,Amazônia,2.6
dc361b82-ebe9-38e7-a19f-db590b1ec6d0,  -7.342470, -44.440480,2026-08-27 04:34:00,NOAA-21,URUÇUÍ,PIAUÍ,Brasil,2211209,22,33,,,,Cerrado,14.9
656a17b0-c43b-37ee-9ffa-0040c77d0303, -13.383780, -48.211650,2026-08-27 04:34:00,NOAA-21,MINAÇU,GOIÁS,Brasil,5213087,52,33,,,,Cerrado,2.6
c31860f1-8d6b-3bc1-8690-ec84ff1dadb8, -11.740470, -54.534250,2026-08-27 04:34:00,NOAA-21,UNIÃO DO SUL,MATO GROSSO,Brasil,5108303,51,33,,,,Amazônia,2.1
a7307ad6-6127-320a-8aab-06ac8189e098,  -9.232030, -51.547150,2026-08-27 04:34:00,NOAA-21,SÃO FÉLIX DO XINGU,PARÁ,Brasil,1507300,15,33,,,,Amazônia,1.2
445bb000-765d-3536-affe-31b088b38c08,  -7.160420, -42.816870,2026-08-27 04:34:00,NOAA-21,NAZARÉ DO PIAUÍ,PIAUÍ,Brasil,2206704,22,33,,,,Caatinga,1.4
448acf97-b68d-38ec-8b9d-1504d7a22cf4,  -7.374730, -55.191750,2026-08-27 04:34:00,NOAA-21,ALTAMIRA,PARÁ,Brasil,1500602,15,33,,,,Amazônia,3.8
87296231-fd68-32d0-8984-b39f653985a4,  -7.430840, -59.775590,2026-08-27 04:34:00,NOAA-21,APUÍ,AMAZONAS,Brasil,1300144,13,33,,,,Amazônia,3.2
11994123-0789-304b-94c4-df693195a8b7,  -7.296010, -43.028500,2026-08-27 04:34:00,NOAA-21,FLORIANO,PIAUÍ,Brasil,2203909,22,33,,,,Caatinga,1.4
3eaf1170-cc55-3bab-92b2-72f5ded5181a,  -6.490000, -51.441330,2026-08-27 04:34:00,NOAA-21,SÃO FÉLIX DO XINGU,PARÁ,Brasil,1507300,15,33,,,,Amazônia,2.4
c6b28c87-6749-3521-ac5e-429ee997e4dc,  -8.803470, -50.064840,2026-08-27 04:34:00,NOAA-21,SANTA MARIA DAS BARREIRAS,PARÁ,Brasil,1506583,15,33,,,,Amazônia,1.4
a3ab59e9-b4ac-3c03-bdef-f8a98d90ad81, -11.193890, -54.000380,2026-08-27 04:34:00,NOAA-21,MARCELÂNDIA,MATO GROSSO,Brasil,5105580,51,33,,,,Amazônia,1.2
776a5c9c-cbe9-325b-9425-bd79713b70c7, -12.210960, -50.608720,2026-08-27 04:34:00,NOAA-21,FORMOSO DO ARAGUAIA,TOCANTINS,Brasil,1708205,17,33,,,,Cerrado,2.2
c6fd482c-3456-3586-9b51-7dda504458d5,  -7.749710, -44.745960,2026-08-27 04:34:00,NOAA-21,URUÇUÍ,PIAUÍ,Brasil,2211209,22,33,,,,Cerrado,2.6
969ec424-bf1b-3c45-8a20-359d029fa053,  -8.540930, -47.450950,2026-08-27 04:34:00,NOAA-21,ITACAJÁ,TOCANTINS,Brasil,1710508,17,33,,,,Cerrado,1.3
2a9df284-57e2-36d5-8489-212cf6a4dc69,  -6.169280, -57.801790,2026-08-27 04:34:00,NOAA-21,JACAREACANGA,PARÁ,Brasil,1503754,15,33,,,,Amazônia,3.0
a0294383-01a7-382d-a273-e1ab4f8b8a23,  -7.735000, -44.743720,2026-08-27 04:34:00,NOAA-21,URUÇUÍ,PIAUÍ,Brasil,2211209,22,33,,,,Cerrado,3.0
838cf0d6-fb76-3761-a9f5-1810d9e2761c,  -6.764330, -45.233910,2026-08-27 04:34:00,NOAA-21,MIRADOR,MARANHÃO,Brasil,2106706,21,33,,,,Cerrado,14.7
3c90e1b6-0a37-37ec-8b8a-ad4d3b6c0a4a,  -6.633640, -53.185240,2026-08-27 04:34:00,NOAA-21,SÃO FÉLIX DO XINGU,PARÁ,Brasil,1507300,15,33,,,,Amazônia,8.7
def674eb-060d-31dc-81db-291965448e99, -12.143750, -48.259210,2026-08-27 04:34:00,NOAA-21,PEIXE,TOCANTINS,Brasil,1716604,17,33,,,,Cerrado,0.9
0d26efba-4c7e-303a-9a08-f46c5af20e2b, -13.352480, -48.236580,2026-08-27 04:34:00,NOAA-21,MINAÇU,GOIÁS,Brasil,5213087,52,33,,,,Cerrado,2.2
376d7c3a-7203-3513-87e5-2dced516f163,  -8.807430, -50.061750,2026-08-27 04:34:00,NOAA-21,SANTA MARIA DAS BARREIRAS,PARÁ,Brasil,1506583,15,33,,,,Amazônia,1.4
b4d7ef66-1b7c-3a4e-8d26-9b47defb30f5, -12.747910, -46.488510,2026-08-27 04:34:00,NOAA-21,LAVANDEIRA,TOCANTINS,Brasil,1712157,17,33,,,,Cerrado,2.5
cd31008c-aab0-32a6-a47a-dbeec2a1194b,  -8.786440, -50.010110,2026-08-27 04:34:00,NOAA-21,SANTA MARIA DAS BARREIRAS,PARÁ,Brasil,1506583,15,33,,,,Amazônia,1.5
794d61c0-3de7-3a4d-b11a-a5ea0dd531bc, -10.762900, -53.973450,2026-08-27 04:34:00,NOAA-21,MARCELÂNDIA,MATO GROSSO,Brasil,5105580,51,33,,,,Amazônia,3.2
243b0527-7c22-3876-9352-e07a50986319, -10.774270, -53.979030,2026-08-27 04:34:00,NOAA-21,MARCELÂNDIA,MATO GROSSO,Brasil,5105580,51,33,,,,Amazônia,1.8
d7bfeb08-5335-32cf-8896-d920283319f9, -10.947990, -51.027850,2026-08-27 04:34:00,NOAA-21,LUCIARA,MATO GROSSO,Brasil,5105309,51,33,,,,Cerrado,5.6
7c742d83-63c3-3209-ad16-4daadc0517de, -12.283590, -43.138180,2026-08-27 04:34:00,NOAA-21,IBOTIRAMA,BAHIA,Brasil,2913200,29,33,,,,Caatinga,2.2
9fd7ed67-20be-3ca5-bab5-898ee2f3f769,  -6.763810, -55.685810,2026-08-27 04:34:00,NOAA-21,NOVO PROGRESSO,PARÁ,Brasil,1505031,15,33,,,,Amazônia,3.8
f235ffb4-fc1d-3407-ba72-6fe907aeeedd,  -7.109640, -42.790550,2026-08-27 04:34:00,NOAA-21,NAZARÉ DO PIAUÍ,PIAUÍ,Brasil,2206704,22,33,,,,Caatinga,1.2
e2b401b4-15d4-385b-ae82-bcee9a03d782, -10.769370, -54.007020,2026-08-27 04:34:00,NOAA-21,MARCELÂNDIA,MATO GROSSO,Brasil,5105580,51,33,,,,Amazônia,2.4
30fcd6e6-ced7-3c83-987a-9517f941ec34,  -9.349730, -48.682070,2026-08-27 04:34:00,NOAA-21,MIRANORTE,TOCANTINS,Brasil,1713304,17,33,,,,Cerrado,1.7
0b1997af-4b22-34cc-b906-709d13c8f7da,  -7.515520, -61.379840,2026-08-27 04:34:00,NOAA-21,MANICORÉ,AMAZONAS,Brasil,1302702,13,33,,,,Amazônia,3.9
e3eb4e13-6702-35b3-96e5-5be319d2aeef,  -8.511930, -55.325420,2026-08-27 04:34:00,NOAA-21,NOVO PROGRESSO,PARÁ,Brasil,1505031,15,33,,,,Amazônia,2.1
a4946a1e-1f0c-3b97-8dc1-3cdb426f48ad,  -6.758270, -59.449100,2026-08-27 04:34:00,NOAA-21,APUÍ,AMAZONAS,Brasil,1300144,13,33,,,,Amazônia,2.5
ba758bad-6ee9-3756-a497-fc174b96b4ae, -10.750220, -54.021990,2026-08-27 04:34:00,NOAA-21,MARCELÂNDIA,MATO GROSSO,Brasil,5105580,51,33,,,,Amazônia,1.5
95aa9a7a-d47a-37ef-9846-afc3d595372d,  -7.604620, -45.709750,2026-08-27 04:34:00,NOAA-21,SAMBAÍBA,MARANHÃO,Brasil,2109700,21,33,,,,Cerrado,1.0
c99b6e2f-5b56-351e-b1aa-2e107a83aad9, -11.762490, -54.526550,2026-08-27 04:34:00,NOAA-21,UNIÃO DO SUL,MATO GROSSO,Brasil,5108303,51,33,,,,Amazônia,1.7
d567f337-4a25-3017-b7e5-69ffa5e43c07,  -8.588430, -54.833580,2026-08-27 04:34:00,NOAA-21,ALTAMIRA,PARÁ,Brasil,1500602,15,33,,,,Amazônia,3.1
7bf2e9c7-23d1-38cd-9dcc-0022d1ae9a17,  -6.252760, -53.365880,2026-08-27 04:34:00,NOAA-21,ALTAMIRA,PARÁ,Brasil,1500602,15,33,,,,Amazônia,1.3
b25c9c16-be43-319e-9084-60a230a8e324,  -9.409640, -51.618430,2026-08-27 04:34:00,NOAA-21,SÃO FÉLIX DO XINGU,PARÁ,Brasil,1507300,15,33,,,,Amazônia,3.0
7745f047-479d-3d41-8caa-9facb551a8c1, -13.332200, -48.211090,2026-08-27 04:34:00,NOAA-21,MINAÇU,GOIÁS,Brasil,5213087,52,33,,,,Cerrado,3.7
bd78025f-709b-385c-ad97-71a0ccd97566,  -6.568360, -50.026930,2026-08-27 04:34:00,NOAA-21,ÁGUA AZUL DO NORTE,PARÁ,Brasil,1500347,15,33,,,,Amazônia,1.3
b1725c5e-752f-3d16-90ca-b2ea06f504b1,  -6.222820, -53.469140,2026-08-27 04:34:00,NOAA-21,ALTAMIRA,PARÁ,Brasil,1500602,15,33,,,,Amazônia,2.0
7bc58006-1ce6-3bfc-b083-89fe9d7d6a53,  -6.261620, -53.363550,2026-08-27 04:34:00,NOAA-21,ALTAMIRA,PARÁ,Brasil,1500602,15,33,,,,Amazônia,0.6
6dfcadcf-ce8f-372e-bf0e-56f6f56f48a2,  -6.964070, -45.228200,2026-08-27 04:34:00,NOAA-21,LORETO,MARANHÃO,Brasil,2106102,21,33,,,,Cerrado,1.4
ba99a739-3f50-38f3-a1a0-78545dfdc42e, -12.636440, -48.417850,2026-08-27 04:34:00,NOAA-21,SÃO SALVADOR DO TOCANTINS,TOCANTINS,Brasil,1720259,17,33,,,,Cerrado,2.7
86b83a29-d0f1-3084-97fd-1615e36943a8,  -7.341150, -44.449370,2026-08-27 04:34:00,NOAA-21,URUÇUÍ,PIAUÍ,Brasil,2211209,22,33,,,,Cerrado,8.7
ddca754a-0791-3170-93f9-9eaf0853e5d0,  -7.291750, -44.076600,2026-08-27 04:34:00,NOAA-21,LANDRI SALES,PIAUÍ,Brasil,2205607,22,33,,,,Cerrado,0.5
de5edcac-b950-345e-b914-9bca4b68a3e1,  -9.476470, -51.764190,2026-08-27 04:34:00,NOAA-21,SÃO FÉLIX DO XINGU,PARÁ,Brasil,1507300,15,33,,,,Amazônia,1.2
3c4d788a-fe0d-3f22-bc8c-1af54c3fde78, -10.759480, -54.016300,2026-08-27 04:34:00,NOAA-21,MARCELÂNDIA,MATO GROSSO,Brasil,5105580,51,33,,,,Amazônia,1.2
2f1ea7f2-7c94-3f86-92c2-fdfdccc29ddf,  -8.148670, -46.210300,2026-08-27 04:34:00,NOAA-21,BALSAS,MARANHÃO,Brasil,2101400,21,33,,,,Cerrado,1.9
a5924ab8-07f0-3ccc-a535-273b167ce27b, -11.742650, -54.546000,2026-08-27 04:34:00,NOAA-21,UNIÃO DO SUL,MATO GROSSO,Brasil,5108303,51,33,,,,Amazônia,2.4
0dc0672e-a70c-3229-95c6-a79161e48eb2, -10.774590, -54.000710,2026-08-27 04:34:00,NOAA-21,MARCELÂNDIA,MATO GROSSO,Brasil,5105580,51,33,,,,Amazônia,1.9
10e0da8e-4529-33ad-9d42-b45c94e571af,  -6.643860, -58.508600,2026-08-27 04:34:00,NOAA-21,MAUÉS,AMAZONAS,Brasil,1302900,13,33,,,,Amazônia,1.6
6111df09-5de6-3dc9-9b35-b31734d3751c,  -6.997320, -59.312310,2026-08-27 04:34:00,NOAA-21,APUÍ,AMAZONAS,Brasil,1300144,13,33,,,,Amazônia,2.2
6b71f7a0-0dcc-3044-9224-143fef0f13e9,  -7.205350, -42.758110,2026-08-27 04:34:00,NOAA-21,NAZARÉ DO PIAUÍ,PIAUÍ,Brasil,2206704,22,33,,,,Caatinga,1.0
59725914-661a-307d-a565-213d561729dd, -13.342410, -48.234840,2026-08-27 04:34:00,NOAA-21,MINAÇU,GOIÁS,Brasil,5213087,52,33,,,,Cerrado,0.7
4a509b97-3c19-3eae-94b1-d7056a95498e,  -6.237930, -55.479020,2026-08-27 04:34:00,NOAA-21,ITAITUBA,PARÁ,Brasil,1503606,15,33,,,,Amazônia,3.4
0c0c5872-feb7-3cad-b662-e8a2a4b06b00,  -9.270730, -45.645770,2026-08-27 04:34:00,NOAA-21,SANTA FILOMENA,PIAUÍ,Brasil,2209203,22,33,,,,Cerrado,3.7
61645813-26fb-3016-8e72-5ee31c8e2715, -12.278660, -43.142020,2026-08-27 04:34:00,NOAA-21,IBOTIRAMA,BAHIA,Brasil,2913200,29,33,,,,Caatinga,2.1
f9c8ea63-8f20-3fad-b657-ef192c77efec,  -6.494900, -46.964820,2026-08-27 04:34:00,NOAA-21,SÃO JOÃO DO PARAÍSO,MARANHÃO,Brasil,2111052,21,33,,,,Cerrado,0.9
1dd2c7ec-4ab3-336b-b385-04713b598dc0,  -9.668300, -55.077890,2026-08-27 04:34:00,NOAA-21,NOVO MUNDO,MATO GROSSO,Brasil,5106265,51,33,,,,Amazônia,3.1
b62a7f14-b649-38cb-85e1-c316443c6682,  -7.273160, -46.807500,2026-08-27 04:34:00,NOAA-21,CAROLINA,MARANHÃO,Brasil,2102804,21,33,,,,Cerrado,3.9
3a3f8cf9-3caa-3b54-9a55-602596022809,  -8.012080, -51.792570,2026-08-27 04:34:00,NOAA-21,OURILÂNDIA DO NORTE,PARÁ,Brasil,1505437,15,33,,,,Amazônia,1.4
3d1dde64-f246-3871-ba4d-a3cbbc57bfea,  -7.610050, -47.291960,2026-08-27 04:34:00,NOAA-21,CAROLINA,MARANHÃO,Brasil,2102804,21,33,,,,Cerrado,2.5
65cb027f-8c67-3b42-b6a0-272a9a7956ec,  -6.140800, -53.802750,2026-08-27 04:34:00,NOAA-21,ALTAMIRA,PARÁ,Brasil,1500602,15,33,,,,Amazônia,1.9
c26c3d0c-764c-3f26-a23b-563a6fba6f91,  -6.423360, -54.937840,2026-08-27 04:34:00,NOAA-21,ALTAMIRA,PARÁ,Brasil,1500602,15,33,,,,Amazônia,3.0
a593394c-caa5-35c4-b19c-869a2f26629a, -11.575410, -45.435490,2026-08-27 04:34:00,NOAA-21,RIACHÃO DAS NEVES,BAHIA,Brasil,2926202,29,33,,,,Cerrado,1.5
1cd55e81-6ae2-38da-8fb6-c57c60453383, -12.207610, -50.608160,2026-08-27 04:34:00,NOAA-21,FORMOSO DO ARAGUAIA,TOCANTINS,Brasil,1708205,17,33,,,,Cerrado,2.2
776cb145-6599-39c6-bc98-e492f8023b2c, -10.776760, -54.011920,2026-08-27 04:34:00,NOAA-21,MARCELÂNDIA,MATO GROSSO,Brasil,5105580,51,33,,,,Amazônia,1.3
229e8484-c3df-30b8-804e-d6bffb211de0, -10.849210, -50.531450,2026-08-27 04:34:00,NOAA-21,LAGOA DA CONFUSÃO,TOCANTINS,Brasil,1711902,17,33,,,,Cerrado,0.6
21169912-1088-31b3-9d4f-5a21f896c93e,  -7.643320, -47.141280,2026-08-27 04:34:00,NOAA-21,RIACHÃO,MARANHÃO,Brasil,2109502,21,33,,,,Cerrado,2.3
2a38a0ec-bcf5-3e26-b635-5b289e9dac4d, -13.328690, -48.199710,2026-08-27 04:34:00,NOAA-21,MINAÇU,GOIÁS,Brasil,5213087,52,33,,,,Cerrado,4.1
6da3f76a-e7f9-34aa-b0fb-a47362a28005,  -8.829050, -49.611860,2026-08-27 04:34:00,NOAA-21,SANTA MARIA DAS BARREIRAS,PARÁ,Brasil,1506583,15,33,,,,Amazônia,1.5
11bb0136-1cd4-37f7-ae1a-13dc0a265799,  -9.603220, -45.384740,2026-08-27 04:34:00,NOAA-21,GILBUÉS,PIAUÍ,Brasil,2204402,22,33,,,,Cerrado,1.9
e2caa65d-4aef-3ef4-b90f-574a01778cce, -12.762130, -46.465700,2026-08-27 04:34:00,NOAA-21,LAVANDEIRA,TOCANTINS,Brasil,1712157,17,33,,,,Cerrado,2.1
8b7b7082-c7e5-3a36-a63c-0ddca9ff1b08, -13.338320, -48.193100,2026-08-27 04:34:00,NOAA-21,MINAÇU,GOIÁS,Brasil,5213087,52,33,,,,Cerrado,1.6
fea794a8-f432-378a-84b9-e8e2bd8caed0, -12.747330, -46.492590,2026-08-27 04:34:00,NOAA-21,LAVANDEIRA,TOCANTINS,Brasil,1712157,17,33,,,,Cerrado,3.1
86d98fe2-fd26-3700-a16c-cc67cbb43dff, -10.926510, -50.264380,2026-08-27 04:34:00,NOAA-21,LAGOA DA CONFUSÃO,TOCANTINS,Brasil,1711902,17,33,,,,Cerrado,0.6
844d3543-6424-3a2d-8066-bbd00cd76ad8,  -7.069630, -59.231440,2026-08-27 04:34:00,NOAA-21,APUÍ,AMAZONAS,Brasil,1300144,13,33,,,,Amazônia,2.2
a9779ea4-0b4f-38eb-82e7-27331582237a,  -6.191770, -45.917790,2026-08-27 04:34:00,NOAA-21,GRAJAÚ,MARANHÃO,Brasil,2104800,21,33,,,,Cerrado,0.8
06566cca-0409-34a4-ac20-075a199866f9,  -9.673440, -55.074210,2026-08-27 04:34:00,NOAA-21,NOVO MUNDO,MATO GROSSO,Brasil,5106265,51,33,,,,Amazônia,3.0
924d10a6-dca4-34a3-861e-3407f8aff138, -13.357580, -48.248410,2026-08-27 04:34:00,NOAA-21,MINAÇU,GOIÁS,Brasil,5213087,52,33,,,,Cerrado,1.4
7363b312-432e-3ece-996f-b08764a2962e, -13.349670, -48.232390,2026-08-27 04:34:00,NOAA-21,MINAÇU,GOIÁS,Brasil,5213087,52,33,,,,Cerrado,2.8
05a7344b-8f57-3da5-b0b2-2a6874a3299d,  -6.757680, -59.451900,2026-08-27 04:34:00,NOAA-21,APUÍ,AMAZONAS,Brasil,1300144,13,33,,,,Amazônia,3.0
d2dbd1df-b7a7-3c28-b605-e65cb5584ad0, -12.218770, -54.235830,2026-08-27 04:34:00,NOAA-21,FELIZ NATAL,MATO GROSSO,Brasil,5103700,51,33,,,,Amazônia,2.1
382898be-78b6-311a-a015-97ed0b99b0cb,  -8.802160, -50.020110,2026-08-27 04:34:00,NOAA-21,SANTA MARIA DAS BARREIRAS,PARÁ,Brasil,1506583,15,33,,,,Amazônia,1.9
eeb40039-9ac9-39de-84a7-f065d833efca,  -7.407180, -55.167770,2026-08-27 04:34:00,NOAA-21,ALTAMIRA,PARÁ,Brasil,1500602,15,33,,,,Amazônia,3.8
42a8c929-a57f-317f-91d3-042dca0297e0, -11.757770, -54.529500,2026-08-27 04:34:00,NOAA-21,UNIÃO DO SUL,MATO GROSSO,Brasil,5108303,51,33,,,,Amazônia,1.9
341d2c8e-ef6c-3cd5-b6d2-dce4e02be298, -13.345230, -48.239000,2026-08-27 04:34:00,NOAA-21,MINAÇU,GOIÁS,Brasil,5213087,52,33,,,,Cerrado,1.8
71287b92-fc64-37a3-be90-a7ca691ece9b,  -6.169910, -57.798120,2026-08-27 04:34:00,NOAA-21,JACAREACANGA,PARÁ,Brasil,1503754,15,33,,,,Amazônia,3.0
dab329c7-9c3c-3284-bd3f-a48605a2d898,  -9.077730, -53.040090,2026-08-27 04:34:00,NOAA-21,ALTAMIRA,PARÁ,Brasil,1500602,15,33,,,,Amazônia,3.0
90a6108e-ae1f-374b-9595-45b35ac43b2b, -10.300610, -49.963500,2026-08-27 04:34:00,NOAA-21,PIUM,TOCANTINS,Brasil,1717503,17,33,,,,Cerrado,1.4
de091d30-56f7-32b3-b8a0-c3e63a6677ae, -13.379840, -48.214920,2026-08-27 04:34:00,NOAA-21,MINAÇU,GOIÁS,Brasil,5213087,52,33,,,,Cerrado,2.6
8dd9c4a0-5358-3437-b889-0efdb8802e93,  -8.546760, -54.785080,2026-08-27 04:34:00,NOAA-21,ALTAMIRA,PARÁ,Brasil,1500602,15,33,,,,Amazônia,1.8
22ca1412-1d0e-332b-81d2-1500d0c8493e, -13.328310, -48.214100,2026-08-27 04:34:00,NOAA-21,MINAÇU,GOIÁS,Brasil,5213087,52,33,,,,Cerrado,3.7
361ea90f-16a5-3e4d-b3cd-e4b99e52ce86,  -7.274910, -49.933200,2026-08-27 04:34:00,NOAA-21,RIO MARIA,PARÁ,Brasil,1506161,15,33,,,,Amazônia,1.6
c82b2a4b-e1a7-35e5-a387-b5f89256db40,  -6.645200, -53.190920,2026-08-27 04:34:00,NOAA-21,SÃO FÉLIX DO XINGU,PARÁ,Brasil,1507300,15,33,,,,Amazônia,9.7
1b2243bc-9a1d-3d01-a18c-960448ffd88a,  -7.308810, -42.968120,2026-08-27 04:34:00,NOAA-21,FLORIANO,PIAUÍ,Brasil,2203909,22,33,,,,Caatinga,2.4
7da24ff1-fbcb-35d8-a039-386438abbbfe, -12.202650, -50.596160,2026-08-27 04:34:00,NOAA-21,FORMOSO DO ARAGUAIA,TOCANTINS,Brasil,1708205,17,33,,,,Cerrado,5.6
bbfd401b-86ab-3275-803b-632806eff7e8,  -9.440700, -51.580410,2026-08-27 04:34:00,NOAA-21,SÃO FÉLIX DO XINGU,PARÁ,Brasil,1507300,15,33,,,,Amazônia,1.8
a595798c-d55c-309e-a6e2-f702205cbc5c, -11.618960, -46.747640,2026-08-27 04:34:00,NOAA-21,DIANÓPOLIS,TOCANTINS,Brasil,1707009,17,33,,,,Cerrado,3.3
0c91483b-a7ff-3ea9-8a99-dde7b27166c7, -11.754350, -54.525100,2026-08-27 04:34:00,NOAA-21,UNIÃO DO SUL,MATO GROSSO,Brasil,5108303,51,33,,,,Amazônia,0.8
04828824-6bf2-31c8-88fb-0db077c1d13e,  -6.825620, -59.944550,2026-08-27 04:34:00,NOAA-21,NOVO ARIPUANÃ,AMAZONAS,Brasil,1303304,13,33,,,,Amazônia,4.1
1849ab05-d837-36f1-ad37-3f575501f17b,  -6.259780, -53.374680,2026-08-27 04:34:00,NOAA-21,ALTAMIRA,PARÁ,Brasil,1500602,15,33,,,,Amazônia,1.4
5c4cdead-199e-33e7-a288-2c2dd9fca826,  -6.770980, -55.701370,2026-08-27 04:34:00,NOAA-21,NOVO PROGRESSO,PARÁ,Brasil,1505031,15,33,,,,Amazônia,4.0
9d76547d-b159-3bda-ac5e-a74d2edca3e2,  -9.608990, -55.107330,2026-08-27 04:34:00,NOAA-21,NOVO MUNDO,MATO GROSSO,Brasil,5106265,51,33,,,,Amazônia,4.3
5286defd-bfce-30bd-8486-fa336a4d2776, -12.205420, -50.600340,2026-08-27 04:34:00,NOAA-21,FORMOSO DO ARAGUAIA,TOCANTINS,Brasil,1708205,17,33,,,,Cerrado,10.0
76f73d8b-6b53-3445-8109-48bbaabad897,  -8.791460, -50.022090,2026-08-27 04:34:00,NOAA-21,SANTA MARIA DAS BARREIRAS,PARÁ,Brasil,1506583,15,33,,,,Amazônia,2.6
2db5267f-6bac-3bd1-baf4-b8b16147f31e,  -9.410490, -51.629930,2026-08-27 04:34:00,NOAA-21,SÃO FÉLIX DO XINGU,PARÁ,Brasil,1507300,15,33,,,,Amazônia,2.8
b9f3c0a9-e7f7-3ea3-8d7e-c219cf66ee80, -12.610510, -47.896840,2026-08-27 04:34:00,NOAA-21,PARANÃ,TOCANTINS,Brasil,1716208,17,33,,,,Cerrado,1.9
15247f0e-116d-38a2-8e36-1f1474e059f9,  -6.360940, -54.776530,2026-08-27 04:34:00,NOAA-21,ALTAMIRA,PARÁ,Brasil,1500602,15,33,,,,Amazônia,2.0
a47d6b37-1dbd-3636-bdab-90baffda3510,  -6.943370, -52.793950,2026-08-27 04:34:00,NOAA-21,SÃO FÉLIX DO XINGU,PARÁ,Brasil,1507300,15,33,,,,Amazônia,3.4
57cd9612-2e3f-3378-9b8c-acf14f6dc947,  -6.281620, -53.370700,2026-08-27 04:34:00,NOAA-21,ALTAMIRA,PARÁ,Brasil,1500602,15,33,,,,Amazônia,1.5
b9d75ffe-21e7-3458-b73d-8ce5670fada4, -10.779200, -53.997940,2026-08-27 04:34:00,NOAA-21,MARCELÂNDIA,MATO GROSSO,Brasil,5105580,51,33,,,,Amazônia,1.1
51f62996-e1ce-388f-89b1-b8c6887384b9,  -9.383890, -48.680330,2026-08-27 04:34:00,NOAA-21,MIRANORTE,TOCANTINS,Brasil,1713304,17,33,,,,Cerrado,3.1
b045a312-04ac-3fba-83cc-63093bf35b7d, -11.751150, -54.520930,2026-08-27 04:34:00,NOAA-21,UNIÃO DO SUL,MATO GROSSO,Brasil,5108303,51,33,,,,Amazônia,0.9
caad22f8-06d7-34bc-b26d-ddd0349361c2,  -9.395490, -45.506900,2026-08-27 04:34:00,NOAA-21,SANTA FILOMENA,PIAUÍ,Brasil,2209203,22,33,,,,Cerrado,2.0
4fc13a46-866a-3a1a-9e10-0f9560c3f302, -10.765670, -53.981110,2026-08-27 04:34:00,NOAA-21,MARCELÂNDIA,MATO GROSSO,Brasil,5105580,51,33,,,,Amazônia,3.6
c1349a2c-7f06-3230-ba7d-63c86eadc27f,  -6.519970, -55.233710,2026-08-27 04:34:00,NOAA-21,ITAITUBA,PARÁ,Brasil,1503606,15,33,,,,Amazônia,2.6
1581b84e-9d95-3c35-8e29-a9aa10afa9f4,  -8.810810, -50.062290,2026-08-27 04:34:00,NOAA-21,SANTA MARIA DAS BARREIRAS,PARÁ,Brasil,1506583,15,33,,,,Amazônia,1.3
27c8830f-846a-3964-af80-af637574dbf1,  -8.801410, -50.034710,2026-08-27 04:34:00,NOAA-21,SANTA MARIA DAS BARREIRAS,PARÁ,Brasil,1506583,15,33,,,,Amazônia,1.9
fd7afd6e-8f2a-3863-94f4-59be1e6a76f1, -10.787210, -53.999260,2026-08-27 04:34:00,NOAA-21,MARCELÂNDIA,MATO GROSSO,Brasil,5105580,51,33,,,,Amazônia,1.9
f9bfd92f-cea5-34f9-9b93-2e25f906eb75, -12.623100, -48.415720,2026-08-27 04:34:00,NOAA-21,SÃO SALVADOR DO TOCANTINS,TOCANTINS,Brasil,1720259,17,33,,,,Cerrado,3.1
14e3e903-b89b-36a4-9b04-7ed183e169d3, -10.784760, -54.013370,2026-08-27 04:34:00,NOAA-21,MARCELÂNDIA,MATO GROSSO,Brasil,5105580,51,33,,,,Amazônia,2.0
f1f6a3ec-3ad6-33ff-b6fa-19b086438390,  -8.993850, -52.388700,2026-08-27 04:34:00,NOAA-21,SÃO FÉLIX DO XINGU,PARÁ,Brasil,1507300,15,33,,,,Amazônia,1.3
ab2f9da5-bde9-3864-89a4-cf5032f6b683,  -9.437150, -51.579780,2026-08-27 04:34:00,NOAA-21,SÃO FÉLIX DO XINGU,PARÁ,Brasil,1507300,15,33,,,,Amazônia,2.4
8bd848c9-f589-390a-b9d5-6a2ded52d42f,  -8.252800, -54.995970,2026-08-27 04:34:00,NOAA-21,ALTAMIRA,PARÁ,Brasil,1500602,15,33,,,,Amazônia,2.7
e2feb76f-e44e-304a-a391-1135280bbf27,  -6.275980, -53.327770,2026-08-27 04:34:00,NOAA-21,ALTAMIRA,PARÁ,Brasil,1500602,15,33,,,,Amazônia,1.4
fbb0d137-e5df-3796-b5de-4c7f8286c619,  -6.882590, -43.753110,2026-08-27 04:34:00,NOAA-21,GUADALUPE,PIAUÍ,Brasil,2204501,22,33,,,,Cerrado,2.3
8b5c2813-f9ef-3b48-8dee-4ebdce8fafcb,  -6.617120, -58.491510,2026-08-27 04:34:00,NOAA-21,MAUÉS,AMAZONAS,Brasil,1302900,13,33,,,,Amazônia,2.5
19632c36-581e-3cfb-a7fd-5bd89cb92372,  -6.927190, -41.629430,2026-08-27 04:34:00,NOAA-21,DOM EXPEDITO LOPES,PIAUÍ,Brasil,2203404,22,33,,,,Caatinga,1.6
2fb1fed3-8c41-3c5b-ab28-d9b9fd65e8f6,  -6.655190, -45.164570,2026-08-27 04:34:00,NOAA-21,MIRADOR,MARANHÃO,Brasil,2106706,21,33,,,,Cerrado,2.1
787d751b-0428-3d36-8a95-37ee9c47bba8,  -6.300190, -53.579200,2026-08-27 04:34:00,NOAA-21,ALTAMIRA,PARÁ,Brasil,1500602,15,33,,,,Amazônia,1.3
0d778070-f93a-30e3-92fd-fa10a9f144b0,  -8.154960, -46.191970,2026-08-27 04:34:00,NOAA-21,BALSAS,MARANHÃO,Brasil,2101400,21,33,,,,Cerrado,2.4
c28dc6e4-6199-317b-8a0e-dcff606c52f0,  -8.295190, -47.589690,2026-08-27 04:34:00,NOAA-21,GOIATINS,TOCANTINS,Brasil,1709005,17,33,,,,Cerrado,2.2
587a3a2f-5d12-3db2-8560-743424217831, -11.161750, -54.030380,2026-08-27 04:34:00,NOAA-21,MARCELÂNDIA,MATO GROSSO,Brasil,5105580,51,33,,,,Amazônia,1.4
0b0a47ad-969d-3206-aa0f-96828807daf1, -10.477020, -46.197260,2026-08-27 04:34:00,NOAA-21,MATEIROS,TOCANTINS,Brasil,1712702,17,33,,,,Cerrado,4.8
0485bf11-9126-36c2-b5b3-2a1999ee8418,  -8.526580, -55.294880,2026-08-27 04:34:00,NOAA-21,NOVO PROGRESSO,PARÁ,Brasil,1505031,15,33,,,,Amazônia,2.0
c9e08f29-c0cf-3463-81b3-3bf5984ab870, -12.428350, -42.893670,2026-08-27 04:34:00,NOAA-21,OLIVEIRA DOS BREJINHOS,BAHIA,Brasil,2923209,29,33,,,,Caatinga,1.4
6cf88c9f-8d24-3afd-8106-63dc52745d0b, -11.495410, -45.067220,2026-08-27 04:34:00,NOAA-21,RIACHÃO DAS NEVES,BAHIA,Brasil,2926202,29,33,,,,Cerrado,2.1
6413142d-6d36-34ee-a976-ebd5fcdf54cc, -13.331670, -48.214680,2026-08-27 04:34:00,NOAA-21,MINAÇU,GOIÁS,Brasil,5213087,52,33,,,,Cerrado,3.7
e22d6e0f-3137-39ac-9cb3-149d23a180f4,  -7.408020, -55.163010,2026-08-27 04:34:00,NOAA-21,ALTAMIRA,PARÁ,Brasil,1500602,15,33,,,,Amazônia,3.8
a56b683d-4931-3cda-af1e-dbb4fae1576f, -11.210540, -53.998890,2026-08-27 04:34:00,NOAA-21,MARCELÂNDIA,MATO GROSSO,Brasil,5105580,51,33,,,,Amazônia,1.3
95e36e84-51b7-362b-81be-8e03c99e922d,  -8.942840, -45.737640,2026-08-27 04:34:00,NOAA-21,SANTA FILOMENA,PIAUÍ,Brasil,2209203,22,33,,,,Cerrado,1.4
5b02ccb0-286e-3bd7-bbd3-22a8286c07c6,  -6.231500, -53.493950,2026-08-27 04:34:00,NOAA-21,ALTAMIRA,PARÁ,Brasil,1500602,15,33,,,,Amazônia,1.4
19b69624-8e3f-3d1f-8f22-0ef52d3855f6, -12.687350, -48.392480,2026-08-27 04:34:00,NOAA-21,SÃO SALVADOR DO TOCANTINS,TOCANTINS,Brasil,1720259,17,33,,,,Cerrado,2.5
ab0b726f-2b90-335b-bc64-e7d442caeda0,  -7.849270, -46.313120,2026-08-27 04:34:00,NOAA-21,BALSAS,MARANHÃO,Brasil,2101400,21,33,,,,Cerrado,5.5
33a626b3-dd62-3ee9-b95c-f5845876723c, -10.778590, -54.001430,2026-08-27 04:34:00,NOAA-21,MARCELÂNDIA,MATO GROSSO,Brasil,5105580,51,33,,,,Amazônia,1.1
3c610e8c-8702-3cd3-b861-b7b9df8506d5, -10.872270, -50.538990,2026-08-27 04:34:00,NOAA-21,LAGOA DA CONFUSÃO,TOCANTINS,Brasil,1711902,17,33,,,,Cerrado,0.9
93649100-1de0-3f2c-895e-ed5d5950b5d9,  -9.669050, -55.073590,2026-08-27 04:34:00,NOAA-21,NOVO MUNDO,MATO GROSSO,Brasil,5106265,51,33,,,,Amazônia,3.1
a51828df-4020-3a43-a2b0-d322f4ced5eb,  -7.750360, -44.741640,2026-08-27 04:34:00,NOAA-21,URUÇUÍ,PIAUÍ,Brasil,2211209,22,33,,,,Cerrado,7.8
a231223d-cd70-3973-86b9-e3b20dcf6182,  -6.938170, -58.958210,2026-08-27 04:34:00,NOAA-21,APUÍ,AMAZONAS,Brasil,1300144,13,33,,,,Amazônia,1.4
ab9f7a06-d60f-30f6-a552-feff42489d72,  -8.776790, -50.027210,2026-08-27 04:34:00,NOAA-21,SANTA MARIA DAS BARREIRAS,PARÁ,Brasil,1506583,15,33,,,,Amazônia,2.1
9a1da8c3-9a07-3768-b903-9f3bcbb500eb, -10.766260, -54.024730,2026-08-27 04:34:00,NOAA-21,MARCELÂNDIA,MATO GROSSO,Brasil,5105580,51,33,,,,Amazônia,1.7
cac7d2bf-3acb-3da7-8b10-54be54fbcfea, -10.763510, -53.969970,2026-08-27 04:34:00,NOAA-21,MARCELÂNDIA,MATO GROSSO,Brasil,5105580,51,33,,,,Amazônia,1.3
40525668-3b22-315a-9a00-4200f7af6942, -12.620310, -48.411610,2026-08-27 04:34:00,NOAA-21,SÃO SALVADOR DO TOCANTINS,TOCANTINS,Brasil,1720259,17,33,,,,Cerrado,3.1
37c3b138-98ca-357e-8fd2-68b6ba0bf44a,  -6.800460, -59.600150,2026-08-27 04:34:00,NOAA-21,APUÍ,AMAZONAS,Brasil,1300144,13,33,,,,Amazônia,3.3
b4aebfdf-58ab-3913-b80b-d24fc5687591, -13.334400, -48.196350,2026-08-27 04:34:00,NOAA-21,MINAÇU,GOIÁS,Brasil,5213087,52,33,,,,Cerrado,3.2
c7f90ab8-1d14-3f84-9b23-17bcd2b9c5eb,  -6.517640, -55.235720,2026-08-27 04:34:00,NOAA-21,ITAITUBA,PARÁ,Brasil,1503606,15,33,,,,Amazônia,3.4
3c037f4a-90ad-3850-a334-3fe2a69050c6,  -9.374560, -48.696690,2026-08-27 04:34:00,NOAA-21,MIRANORTE,TOCANTINS,Brasil,1713304,17,33,,,,Cerrado,1.8
48575a61-82e6-3273-a9ba-bb53931ff212,  -7.070090, -44.911550,2026-08-27 04:34:00,NOAA-21,SÃO FÉLIX DE BALSAS,MARANHÃO,Brasil,2110807,21,33,,,,Cerrado,3.6
8e87cd0f-b457-3605-a243-b86d13002949, -10.772430, -53.989510,2026-08-27 04:34:00,NOAA-21,MARCELÂNDIA,MATO GROSSO,Brasil,5105580,51,33,,,,Amazônia,2.1
079c6f26-02d8-3362-bc9c-ec0f95bfdb02, -10.762250, -54.024050,2026-08-27 04:34:00,NOAA-21,MARCELÂNDIA,MATO GROSSO,Brasil,5105580,51,33,,,,Amazônia,1.5
ef1f5af0-ca24-35b4-9b49-6e10f8c264fd,  -6.644590, -58.504550,2026-08-27 04:34:00,NOAA-21,MAUÉS,AMAZONAS,Brasil,1302900,13,33,,,,Amazônia,2.3
7f749e3d-6577-321a-a3e4-852877dddf5a,  -6.770600, -55.703210,2026-08-27 04:34:00,NOAA-21,NOVO PROGRESSO,PARÁ,Brasil,1505031,15,33,,,,Amazônia,1.9
1264c26c-2927-3886-926b-07434a2c0353, -13.359200, -48.237710,2026-08-27 04:34:00,NOAA-21,MINAÇU,GOIÁS,Brasil,5213087,52,33,,,,Cerrado,2.3
8880fdfb-28de-3966-a159-78674ee2baee,  -6.561480, -47.479980,2026-08-27 04:34:00,NOAA-21,AGUIARNÓPOLIS,TOCANTINS,Brasil,1700301,17,33,,,,Cerrado,1.4
dbb276e8-1932-3265-b3bc-70797e586098,  -6.494350, -51.437630,2026-08-27 04:34:00,NOAA-21,SÃO FÉLIX DO XINGU,PARÁ,Brasil,1507300,15,33,,,,Amazônia,1.8
629f818f-af05-3ba4-9f00-695d2be3a268,  -7.751000, -44.737310,2026-08-27 04:34:00,NOAA-21,URUÇUÍ,PIAUÍ,Brasil,2211209,22,33,,,,Cerrado,7.8
9af94def-9e70-326d-9674-7056d5a2395b,  -6.148680, -57.941120,2026-08-27 04:34:00,NOAA-21,JACAREACANGA,PARÁ,Brasil,1503754,15,33,,,,Amazônia,2.6
85ed1090-45b0-303c-ad54-a2947d93ee31, -10.766280, -53.977610,2026-08-27 04:34:00,NOAA-21,MARCELÂNDIA,MATO GROSSO,Brasil,5105580,51,33,,,,Amazônia,3.8
21f4078f-2459-36c7-aae9-fe006627f56b, -10.769050, -53.985290,2026-08-27 04:34:00,NOAA-21,MARCELÂNDIA,MATO GROSSO,Brasil,5105580,51,33,,,,Amazônia,3.6
87ccf5b8-8962-3a6a-93e4-35caf50789e3, -11.737030, -54.529830,2026-08-27 04:34:00,NOAA-21,UNIÃO DO SUL,MATO GROSSO,Brasil,5108303,51,33,,,,Amazônia,4.2
9bf85a54-b0d5-3e54-a2cf-5c020ed6fa25,  -6.939810, -58.949390,2026-08-27 04:34:00,NOAA-21,APUÍ,AMAZONAS,Brasil,1300144,13,33,,,,Amazônia,4.0
a94f04b3-0fab-3554-a32e-636ac80367f3,  -7.123570, -42.781290,2026-08-27 04:34:00,NOAA-21,NAZARÉ DO PIAUÍ,PIAUÍ,Brasil,2206704,22,33,,,,Caatinga,2.3
4cc17fc5-fd12-3c1b-923b-f214bd60a3c9,  -9.967920, -53.942600,2026-08-27 04:34:00,NOAA-21,PEIXOTO DE AZEVEDO,MATO GROSSO,Brasil,5106422,51,33,,,,Amazônia,6.3
67344600-68e0-3e31-8b68-b05cbe8f3729,  -9.412660, -51.638840,2026-08-27 04:34:00,NOAA-21,SÃO FÉLIX DO XINGU,PARÁ,Brasil,1507300,15,33,,,,Amazônia,2.0
089cf743-d60a-32f5-9674-8852ae35fefb,  -8.212470, -44.823600,2026-08-27 04:34:00,NOAA-21,URUÇUÍ,PIAUÍ,Brasil,2211209,22,33,,,,Cerrado,1.0
d75ec430-5a8a-36cd-a8e3-7c3237d85a14,  -8.818020, -50.082100,2026-08-27 04:34:00,NOAA-21,SANTA MARIA DAS BARREIRAS,PARÁ,Brasil,1506583,15,33,,,,Amazônia,2.3
33f004ce-ab6a-3483-b7e7-e454d9a5e3f7, -12.620860, -48.407970,2026-08-27 04:34:00,NOAA-21,SÃO SALVADOR DO TOCANTINS,TOCANTINS,Brasil,1720259,17,33,,,,Cerrado,2.7
47f3176a-fb05-3f52-9083-196c57f14e3b, -10.387440, -61.198020,2026-08-27 04:34:00,NOAA-21,RONDOLÂNDIA,MATO GROSSO,Brasil,5107578,51,33,,,,Amazônia,4.2
7efd254d-531c-34ca-b743-466cf7d7e299,  -7.324580, -42.974250,2026-08-27 04:34:00,NOAA-21,FLORIANO,PIAUÍ,Brasil,2203909,22,33,,,,Caatinga,4.7
ab166839-3d1f-3d41-8133-040923be8685,  -9.408990, -51.622480,2026-08-27 04:34:00,NOAA-21,SÃO FÉLIX DO XINGU,PARÁ,Brasil,1507300,15,33,,,,Amazônia,2.3
c5942c44-0d51-3f7b-80f8-504c6b5e7ae9,  -9.223540, -51.554230,2026-08-27 04:34:00,NOAA-21,SÃO FÉLIX DO XINGU,PARÁ,Brasil,1507300,15,33,,,,Amazônia,5.6
a05cc8f4-b35f-33a8-b211-80da78efe0df,  -8.929080, -48.369290,2026-08-27 04:34:00,NOAA-21,TUPIRAMA,TOCANTINS,Brasil,1721257,17,33,,,,Cerrado,0.9
2c4c0b2f-518e-3af3-a8a1-13ede3d70805,  -9.355800, -48.686590,2026-08-27 04:34:00,NOAA-21,MIRANORTE,TOCANTINS,Brasil,1713304,17,33,,,,Cerrado,2.1
d957c2a3-39a9-3a17-8e8e-cbd15ff58ca1, -11.198700, -55.076620,2026-08-27 04:34:00,NOAA-21,ITAÚBA,MATO GROSSO,Brasil,5104559,51,33,,,,Amazônia,2.7
59f15c52-0dc7-3a5b-af18-5079d913801b,  -6.646760, -58.492450,2026-08-27 04:34:00,NOAA-21,MAUÉS,AMAZONAS,Brasil,1302900,13,33,,,,Amazônia,1.9
c900d7bf-7d14-3480-8b87-ba2b57faf73a, -11.763150, -54.522880,2026-08-27 04:34:00,NOAA-21,UNIÃO DO SUL,MATO GROSSO,Brasil,5108303,51,33,,,,Amazônia,1.7
78af41e7-78d1-345c-a56a-d8874ac29b95,  -8.792030, -50.018460,2026-08-27 04:34:00,NOAA-21,SANTA MARIA DAS BARREIRAS,PARÁ,Brasil,1506583,15,33,,,,Amazônia,2.5
7a09eb92-6576-3f22-9a48-b193fe24f7dd,  -9.677100, -55.079070,2026-08-27 04:34:00,NOAA-21,NOVO MUNDO,MATO GROSSO,Brasil,5106265,51,33,,,,Amazônia,3.0
729e0159-5647-3f67-9b0c-b4daccdcc2ac,  -9.408320, -51.626600,2026-08-27 04:34:00,NOAA-21,SÃO FÉLIX DO XINGU,PARÁ,Brasil,1507300,15,33,,,,Amazônia,2.3
894b9a02-ed3c-3f15-a74b-d8a82444050e, -10.771820, -53.993010,2026-08-27 04:34:00,NOAA-21,MARCELÂNDIA,MATO GROSSO,Brasil,5105580,51,33,,,,Amazônia,2.1
f3323615-3ae2-317c-baaa-0ae092e397ac,  -9.671960, -55.082760,2026-08-27 04:34:00,NOAA-21,NOVO MUNDO,MATO GROSSO,Brasil,5106265,51,33,,,,Amazônia,4.1
0709f35c-8127-3bf3-9a24-5161028d6566,  -6.919370, -44.669140,2026-08-27 04:34:00,NOAA-21,SÃO DOMINGOS DO AZEITÃO,MARANHÃO,Brasil,2110658,21,33,,,,Cerrado,1.7
1adb8963-78e6-36e5-a814-523f6ac6709f,  -8.237530, -54.978310,2026-08-27 04:34:00,NOAA-21,ALTAMIRA,PARÁ,Brasil,1500602,15,33,,,,Amazônia,2.6
55a51d7b-bf3e-3fb4-87c8-c339511ff3d0,  -9.972570, -53.939720,2026-08-27 04:34:00,NOAA-21,PEIXOTO DE AZEVEDO,MATO GROSSO,Brasil,5106422,51,33,,,,Amazônia,11.9
3b388d4b-7a9f-36b9-a7f3-8a26c58a0de6,  -7.739970, -44.735600,2026-08-27 04:34:00,NOAA-21,URUÇUÍ,PIAUÍ,Brasil,2211209,22,33,,,,Cerrado,7.8
6d7ac183-46c3-3d03-8372-6b77ebfbeaee, -10.950800, -51.032200,2026-08-27 04:34:00,NOAA-21,LUCIARA,MATO GROSSO,Brasil,5105309,51,33,,,,Cerrado,7.2
aa4ab759-0277-33dc-becb-1c2701ebd7a8,  -7.323540, -42.981440,2026-08-27 04:34:00,NOAA-21,FLORIANO,PIAUÍ,Brasil,2203909,22,33,,,,Caatinga,2.3
28e5bd49-dd5a-381f-93ca-74f35bda11eb, -13.377030, -48.210740,2026-08-27 04:34:00,NOAA-21,MINAÇU,GOIÁS,Brasil,5213087,52,33,,,,Cerrado,2.6
18e10114-c9dd-335f-b5ba-7004c1cf1033, -13.330590, -48.221800,2026-08-27 04:34:00,NOAA-21,MINAÇU,GOIÁS,Brasil,5213087,52,33,,,,Cerrado,3.7
1dfea129-01f3-37ba-8f55-3a10de3ff728,  -8.828490, -49.615420,2026-08-27 04:34:00,NOAA-21,SANTA MARIA DAS BARREIRAS,PARÁ,Brasil,1506583,15,33,,,,Amazônia,1.2
b9e039a1-c4be-3acf-be1e-936a48208197, -10.761660, -53.969640,2026-08-27 04:34:00,NOAA-21,MARCELÂNDIA,MATO GROSSO,Brasil,5105580,51,33,,,,Amazônia,1.7
ae0ca5b2-69ae-323c-b635-59289531e529, -11.766560, -54.527310,2026-08-27 04:34:00,NOAA-21,UNIÃO DO SUL,MATO GROSSO,Brasil,5108303,51,33,,,,Amazônia,1.5
9962743a-99e5-3738-8320-00c8c928e32f, -10.763200, -53.995140,2026-08-27 04:34:00,NOAA-21,MARCELÂNDIA,MATO GROSSO,Brasil,5105580,51,33,,,,Amazônia,2.3
697fc4f0-2bce-399c-a0f6-ee3515a6a6cb,  -7.337880, -44.104400,2026-08-27 04:34:00,NOAA-21,LANDRI SALES,PIAUÍ,Brasil,2205607,22,33,,,,Cerrado,1.5
fd4a7f2c-6192-3edd-83c1-06b027afa360,  -6.403390, -60.051780,2026-08-27 04:34:00,NOAA-21,NOVO ARIPUANÃ,AMAZONAS,Brasil,1303304,13,33,,,,Amazônia,2.3
1d2659b0-731a-3e9c-84c3-4baf9413f9ce, -10.767820, -53.992310,2026-08-27 04:34:00,NOAA-21,MARCELÂNDIA,MATO GROSSO,Brasil,5105580,51,33,,,,Amazônia,2.5
e2819fd4-0ff3-3414-85ec-5e8121d51752,  -6.636510, -53.193100,2026-08-27 04:34:00,NOAA-21,SÃO FÉLIX DO XINGU,PARÁ,Brasil,1507300,15,33,,,,Amazônia,2.9
2143b974-8bbd-3dcb-96b6-8b9d782d8fc5, -11.731060, -54.540100,2026-08-27 04:34:00,NOAA-21,UNIÃO DO SUL,MATO GROSSO,Brasil,5108303,51,33,,,,Amazônia,3.0
ab1e049a-a295-3bc1-adc9-f65212ecc283,  -9.729130, -49.319310,2026-08-27 04:34:00,NOAA-21,DIVINÓPOLIS DO TOCANTINS,TOCANTINS,Brasil,1707108,17,33,,,,Cerrado,2.2
908ba976-16a4-337e-831e-046ba70a7b62,  -6.884440, -41.743770,2026-08-27 04:34:00,NOAA-21,IPIRANGA DO PIAUÍ,PIAUÍ,Brasil,2204808,22,33,,,,Caatinga,1.9
441899ba-5855-33d2-ba16-bb32925b3111, -11.618390, -46.751570,2026-08-27 04:34:00,NOAA-21,DIANÓPOLIS,TOCANTINS,Brasil,1707009,17,33,,,,Cerrado,1.8
42004b7f-a661-3c46-a697-d013d5c6bf74, -13.362560, -48.238270,2026-08-27 04:34:00,NOAA-21,MINAÇU,GOIÁS,Brasil,5213087,52,33,,,,Cerrado,2.3
7062c3c5-c952-348d-bc86-3e118be06205,  -6.628710, -58.493370,2026-08-27 04:34:00,NOAA-21,MAUÉS,AMAZONAS,Brasil,1302900,13,33,,,,Amazônia,1.7
16f6292a-27da-3bf8-ac9e-c66e239d1bad, -10.769980, -54.003510,2026-08-27 04:34:00,NOAA-21,MARCELÂNDIA,MATO GROSSO,Brasil,5105580,51,33,,,,Amazônia,2.4
46ef090e-934a-3951-9072-f03e739e5795,  -8.824010, -49.622000,2026-08-27 04:34:00,NOAA-21,SANTA MARIA DAS BARREIRAS,PARÁ,Brasil,1506583,15,33,,,,Amazônia,1.2
7234fc71-a09b-3452-9108-c813320538e3,  -9.230650, -51.555460,2026-08-27 04:34:00,NOAA-21,SÃO FÉLIX DO XINGU,PARÁ,Brasil,1507300,15,33,,,,Amazônia,1.4
5bcc52ac-93a7-3a48-aca2-22534878d30f, -10.835320, -49.830910,2026-08-27 04:34:00,NOAA-21,LAGOA DA CONFUSÃO,TOCANTINS,Brasil,1711902,17,33,,,,Cerrado,0.8
27cda278-32a8-3163-a43a-ffb56d859603,  -6.650390, -58.505460,2026-08-27 04:34:00,NOAA-21,MAUÉS,AMAZONAS,Brasil,1302900,13,33,,,,Amazônia,2.3
074abc8f-69c5-390c-924f-b71045ee560c,  -6.922620, -46.413330,2026-08-27 04:34:00,NOAA-21,SÃO PEDRO DOS CRENTES,MARANHÃO,Brasil,2111573,21,33,,,,Cerrado,3.1
c0bd1792-42f3-3907-acf2-9524b301fce7,  -8.772360, -50.011600,2026-08-27 04:34:00,NOAA-21,SANTA MARIA DAS BARREIRAS,PARÁ,Brasil,1506583,15,33,,,,Amazônia,1.5
351070c5-7495-390f-9692-c8f8cc35f471,  -9.472870, -51.763650,2026-08-27 04:34:00,NOAA-21,SÃO FÉLIX DO XINGU,PARÁ,Brasil,1507300,15,33,,,,Amazônia,1.0
a30f4bed-632b-3a38-a7b6-453cc279bef8,  -9.348800, -48.228600,2026-08-27 04:34:00,NOAA-21,TOCANTÍNIA,TOCANTINS,Brasil,1721109,17,33,,,,Cerrado,3.7
51afdb8e-0dc0-3e2f-abc2-4cca0c10c548,  -7.021850, -47.974850,2026-08-27 04:34:00,NOAA-21,WANDERLÂNDIA,TOCANTINS,Brasil,1722081,17,33,,,,Cerrado,1.8
8735d07c-b60b-3cc8-965c-d8ec9e4735e9,  -8.112260, -45.509280,2026-08-27 04:34:00,NOAA-21,RIBEIRO GONÇALVES,PIAUÍ,Brasil,2208908,22,33,,,,Cerrado,2.7
bfc5088a-21fc-3ba2-9fb2-8b2fbc013cf3, -11.001460, -49.662550,2026-08-27 04:34:00,NOAA-21,SANTA RITA DO TOCANTINS,TOCANTINS,Brasil,1718899,17,33,,,,Cerrado,0.8
8f68489d-2ec1-3c72-a7ab-1932bbe35fc0,  -6.190590, -45.902330,2026-08-27 04:34:00,NOAA-21,GRAJAÚ,MARANHÃO,Brasil,2104800,21,33,,,,Cerrado,1.9
e0851b4d-f66c-34ca-abb3-e0730161037b,  -9.377330, -48.700690,2026-08-27 04:34:00,NOAA-21,MIRANORTE,TOCANTINS,Brasil,1713304,17,33,,,,Cerrado,1.8
167975b5-4fb3-340e-a092-1f513c5f5e63, -12.199300, -50.595600,2026-08-27 04:34:00,NOAA-21,FORMOSO DO ARAGUAIA,TOCANTINS,Brasil,1708205,17,33,,,,Cerrado,3.8
9abc99c5-9cd3-3b9f-ba9a-a328aa09d7ba,  -8.796070, -49.993060,2026-08-27 04:34:00,NOAA-21,SANTA MARIA DAS BARREIRAS,PARÁ,Brasil,1506583,15,33,,,,Amazônia,4.8
10696e7c-ce5e-31bd-8f31-589b0d9b88be, -10.869480, -50.534770,2026-08-27 04:34:00,NOAA-21,LAGOA DA CONFUSÃO,TOCANTINS,Brasil,1711902,17,33,,,,Cerrado,0.5
bab3eb81-69ac-36de-8d92-014e81fa5a4c, -11.734490, -54.544530,2026-08-27 04:34:00,NOAA-21,UNIÃO DO SUL,MATO GROSSO,Brasil,5108303,51,33,,,,Amazônia,3.0
9b5af7a8-6237-3ba6-8574-a82b20b7d65e,  -7.516060, -44.955870,2026-08-27 04:34:00,NOAA-21,URUÇUÍ,PIAUÍ,Brasil,2211209,22,33,,,,Cerrado,2.1
4390552f-239d-34c8-a6e9-c783c94f8ce6,  -6.633010, -58.502570,2026-08-27 04:34:00,NOAA-21,MAUÉS,AMAZONAS,Brasil,1302900,13,33,,,,Amazônia,1.9
aee70b2d-b69f-3340-9341-68b93ea7c565, -10.316770, -49.969780,2026-08-27 04:34:00,NOAA-21,PIUM,TOCANTINS,Brasil,1717503,17,33,,,,Cerrado,1.0
5df3af76-dd9f-3029-b748-7115731fa423,  -6.513860, -55.229940,2026-08-27 04:34:00,NOAA-21,ITAITUBA,PARÁ,Brasil,1503606,15,33,,,,Amazônia,3.8
eec398d7-d1fd-3c29-975a-9ba2d8e94168,  -6.524370, -55.252120,2026-08-27 04:34:00,NOAA-21,ITAITUBA,PARÁ,Brasil,1503606,15,33,,,,Amazônia,3.6
473e8c24-8366-3922-bdba-4fd68826e2e7,  -9.448650, -51.687170,2026-08-27 04:34:00,NOAA-21,SÃO FÉLIX DO XINGU,PARÁ,Brasil,1507300,15,33,,,,Amazônia,1.8
53e5727d-b9d5-37e4-ae9b-382111c2b0f4, -11.779400, -54.525940,2026-08-27 04:34:00,NOAA-21,UNIÃO DO SUL,MATO GROSSO,Brasil,5108303,51,33,,,,Amazônia,1.1
0674afdb-7e8b-31b4-8141-f478115ddf5b, -11.167260, -45.063880,2026-08-27 04:34:00,NOAA-21,FORMOSA DO RIO PRETO,BAHIA,Brasil,2911105,29,33,,,,Cerrado,1.8
571e5c89-b063-31ef-9a82-309eea305979,  -6.713970, -59.448860,2026-08-27 04:34:00,NOAA-21,APUÍ,AMAZONAS,Brasil,1300144,13,33,,,,Amazônia,2.8
9bc29fa3-8b80-32af-8f26-281e27d9234f,  -8.188310, -47.511860,2026-08-27 04:34:00,NOAA-21,GOIATINS,TOCANTINS,Brasil,1709005,17,33,,,,Cerrado,1.7
76acf433-60d9-3410-be84-018866e454e0, -10.304530, -49.960470,2026-08-27 04:34:00,NOAA-21,PIUM,TOCANTINS,Brasil,1717503,17,33,,,,Cerrado,1.0
4620f526-8d6b-373d-a49f-4d0056bd4015,  -6.422560, -54.942600,2026-08-27 04:34:00,NOAA-21,ALTAMIRA,PARÁ,Brasil,1500602,15,33,,,,Amazônia,3.0
3e680cae-442e-3710-9f01-dfce8a506c41,  -6.455520, -43.084150,2026-08-27 04:34:00,NOAA-21,BARÃO DE GRAJAÚ,MARANHÃO,Brasil,2101509,21,33,,,,Cerrado,2.8
58ac7191-058f-355a-bc2b-c95329e7b6a9,  -6.892240, -59.407890,2026-08-27 04:34:00,NOAA-21,APUÍ,AMAZONAS,Brasil,1300144,13,33,,,,Amazônia,2.3
8b808d51-db95-35b1-942c-1b5af344e04e,  -8.804060, -50.061210,2026-08-27 04:34:00,NOAA-21,SANTA MARIA DAS BARREIRAS,PARÁ,Brasil,1506583,15,33,,,,Amazônia,1.4
abce4119-980a-3dd3-b1ca-0c38b3fae762,  -9.385030, -48.694770,2026-08-27 04:34:00,NOAA-21,MIRANORTE,TOCANTINS,Brasil,1713304,17,33,,,,Cerrado,1.2
2d541d7a-d624-3970-8cd2-7158d08c4804,  -8.858680, -48.906770,2026-08-27 04:34:00,NOAA-21,GOIANORTE,TOCANTINS,Brasil,1708304,17,33,,,,Cerrado,1.0
b652e26b-6ca3-34db-96bd-ae95b30602e5,  -9.725810, -49.318780,2026-08-27 04:34:00,NOAA-21,DIVINÓPOLIS DO TOCANTINS,TOCANTINS,Brasil,1707108,17,33,,,,Cerrado,2.2
2a620ef3-697a-3b71-b102-5ecd9f0c1f55, -10.308440, -49.957430,2026-08-27 04:34:00,NOAA-21,PIUM,TOCANTINS,Brasil,1717503,17,33,,,,Cerrado,1.0
8798054b-87a3-3416-9401-e74a5ce949ff,  -9.458040, -51.697080,2026-08-27 04:34:00,NOAA-21,SÃO FÉLIX DO XINGU,PARÁ,Brasil,1507300,15,33,,,,Amazônia,3.4
6124f15b-9396-3b8a-a5ba-ad5703ac2d8c,  -6.268640, -53.372340,2026-08-27 04:34:00,NOAA-21,ALTAMIRA,PARÁ,Brasil,1500602,15,33,,,,Amazônia,1.0
4de07310-ccdf-3af6-95cd-ad999dd8b17b, -10.747710, -54.003430,2026-08-27 04:34:00,NOAA-21,MARCELÂNDIA,MATO GROSSO,Brasil,5105580,51,33,,,,Amazônia,1.5
95c6adab-262f-3803-a867-515cfb9c13f9, -10.764740, -54.009900,2026-08-27 04:34:00,NOAA-21,MARCELÂNDIA,MATO GROSSO,Brasil,5105580,51,33,,,,Amazônia,1.2
cf51efe5-d646-3143-af29-6e52910c5a7f, -10.767210, -53.995830,2026-08-27 04:34:00,NOAA-21,MARCELÂNDIA,MATO GROSSO,Brasil,5105580,51,33,,,,Amazônia,2.3
00ddbdd2-6040-3c40-af2c-0f1de2efbdbc,  -6.630750, -58.515060,2026-08-27 04:34:00,NOAA-21,MAUÉS,AMAZONAS,Brasil,1302900,13,33,,,,Amazônia,2.3
6079ce17-8fb7-3f49-8158-d02d13242a6f,  -9.078570, -53.035190,2026-08-27 04:34:00,NOAA-21,SÃO FÉLIX DO XINGU,PARÁ,Brasil,1507300,15,33,,,,Amazônia,3.2
01e51a97-2ae4-3e58-bbeb-692f583bf0f5,  -8.777950, -50.019940,2026-08-27 04:34:00,NOAA-21,SANTA MARIA DAS BARREIRAS,PARÁ,Brasil,1506583,15,33,,,,Amazônia,1.8
e6cb8bd9-fed1-3c87-862c-b1aa1fb3c32b, -11.197280, -55.084770,2026-08-27 04:34:00,NOAA-21,ITAÚBA,MATO GROSSO,Brasil,5104559,51,33,,,,Amazônia,1.7
80b9c942-7bfd-3d25-b8ce-aad2841eaa5a, -10.535380, -50.779590,2026-08-27 04:34:00,NOAA-21,SANTA TEREZINHA,MATO GROSSO,Brasil,5107776,51,33,,,,Cerrado,1.9
8c273c09-3b85-305b-a3a3-ce3773b09bc6,  -8.831830, -49.615950,2026-08-27 04:34:00,NOAA-21,SANTA MARIA DAS BARREIRAS,PARÁ,Brasil,1506583,15,33,,,,Amazônia,1.2
e0b4d6a0-b84c-33c4-b7a9-9b40d5d452f6,  -8.827360, -49.622530,2026-08-27 04:34:00,NOAA-21,SANTA MARIA DAS BARREIRAS,PARÁ,Brasil,1506583,15,33,,,,Amazônia,1.1
4ddb2e33-5b55-379a-8360-cac3a38153e2,  -9.451550, -51.691850,2026-08-27 04:34:00,NOAA-21,SÃO FÉLIX DO XINGU,PARÁ,Brasil,1507300,15,33,,,,Amazônia,1.4
0562a69f-5a0b-343c-9b46-00fbc3564dd0, -10.765640, -54.028290,2026-08-27 04:34:00,NOAA-21,MARCELÂNDIA,MATO GROSSO,Brasil,5105580,51,33,,,,Amazônia,1.7
b9db9ed7-1f93-3b69-80db-1dc038cc559e,  -6.112070, -46.186200,2026-08-27 04:34:00,NOAA-21,GRAJAÚ,MARANHÃO,Brasil,2104800,21,33,,,,Cerrado,2.0
5167efa5-0a6d-3066-bf35-e514a1f2f800,  -7.266260, -49.856190,2026-08-27 04:34:00,NOAA-21,RIO MARIA,PARÁ,Brasil,1506161,15,33,,,,Amazônia,2.2
5cef4bff-a10d-30df-9f5b-6bd49f663e3a, -11.271850, -46.871390,2026-08-27 04:34:00,NOAA-21,ALMAS,TOCANTINS,Brasil,1700400,17,33,,,,Cerrado,1.1
02a9b89b-f6de-32d1-84da-d379326cd967, -11.970380, -47.750230,2026-08-27 04:34:00,NOAA-21,NATIVIDADE,TOCANTINS,Brasil,1714203,17,33,,,,Cerrado,1.1
8eb8c769-a198-36bb-9887-97f6abaa571e,  -6.271870, -53.327080,2026-08-27 04:34:00,NOAA-21,ALTAMIRA,PARÁ,Brasil,1500602,15,33,,,,Amazônia,1.4
a1f1df1e-58f4-3757-9105-d2090e8e5dd1, -10.783210, -53.998600,2026-08-27 04:34:00,NOAA-21,MARCELÂNDIA,MATO GROSSO,Brasil,5105580,51,33,,,,Amazônia,1.1
c4f9252f-0a64-35fe-88ce-46d708e08650,  -6.816180, -59.715560,2026-08-27 04:34:00,NOAA-21,APUÍ,AMAZONAS,Brasil,1300144,13,33,,,,Amazônia,2.8
5f58d8fc-6f10-31c9-b89d-605a8dbbf619,  -8.799850, -50.034630,2026-08-27 04:34:00,NOAA-21,SANTA MARIA DAS BARREIRAS,PARÁ,Brasil,1506583,15,33,,,,Amazônia,1.3
ae993d39-cdd0-36e1-95fd-37c3cdb2170c,  -7.018540, -47.974330,2026-08-27 04:34:00,NOAA-21,WANDERLÂNDIA,TOCANTINS,Brasil,1722081,17,33,,,,Cerrado,1.8
d16ae938-f9bf-3b0b-bb4e-7e900605e18b,  -8.184440, -47.514860,2026-08-27 04:34:00,NOAA-21,GOIATINS,TOCANTINS,Brasil,1709005,17,33,,,,Cerrado,3.4
d58921a5-d564-3af5-9fba-a265bd7f9ba4,  -6.692580, -45.157850,2026-08-27 04:34:00,NOAA-21,MIRADOR,MARANHÃO,Brasil,2106706,21,33,,,,Cerrado,2.0
e84b41c5-4353-3bbd-b575-5230225c5386, -13.365920, -48.238820,2026-08-27 04:34:00,NOAA-21,MINAÇU,GOIÁS,Brasil,5213087,52,33,,,,Cerrado,6.6
d7412c1e-6cb8-39e3-8106-c2298d88e998,  -9.665700, -48.311050,2026-08-27 04:34:00,NOAA-21,TOCANTÍNIA,TOCANTINS,Brasil,1721109,17,33,,,,Cerrado,2.1
c27216f7-f214-38cd-9986-98db1140336c,  -7.381060, -55.154520,2026-08-27 04:34:00,NOAA-21,ALTAMIRA,PARÁ,Brasil,1500602,15,33,,,,Amazônia,4.7
2ddcf03b-403e-3c82-9317-6884886921c1,  -9.214200, -48.810180,2026-08-27 04:34:00,NOAA-21,DOIS IRMÃOS DO TOCANTINS,TOCANTINS,Brasil,1707207,17,33,,,,Cerrado,0.7
66c1f640-52a9-3051-88a1-dca2fac60ccc, -10.752710, -54.007890,2026-08-27 04:34:00,NOAA-21,MARCELÂNDIA,MATO GROSSO,Brasil,5105580,51,33,,,,Amazônia,2.4
59a1ff02-fda3-3faf-a5ab-59fd5853a72f, -10.762240, -53.966170,2026-08-27 04:34:00,NOAA-21,MARCELÂNDIA,MATO GROSSO,Brasil,5105580,51,33,,,,Amazônia,1.7
5ba23676-305d-3007-b306-f5ef0be82969,  -8.777370, -50.023570,2026-08-27 04:34:00,NOAA-21,SANTA MARIA DAS BARREIRAS,PARÁ,Brasil,1506583,15,33,,,,Amazônia,1.8
68b46b68-3c50-3b4b-9cce-b29896c57fdc, -10.763820, -53.991620,2026-08-27 04:34:00,NOAA-21,MARCELÂNDIA,MATO GROSSO,Brasil,5105580,51,33,,,,Amazônia,2.5
f5cd89d2-6845-3d93-b8b3-c3051c63ad4c,  -6.641150, -53.190220,2026-08-27 04:34:00,NOAA-21,SÃO FÉLIX DO XINGU,PARÁ,Brasil,1507300,15,33,,,,Amazônia,9.7
040d462c-c1eb-3e99-a164-6a5d49d51e66,  -6.164350, -57.797100,2026-08-27 04:34:00,NOAA-21,JACAREACANGA,PARÁ,Brasil,1503754,15,33,,,,Amazônia,3.6
44c6b504-68d1-3f5d-a043-bc02f501f104,  -8.765230, -49.969540,2026-08-27 04:34:00,NOAA-21,SANTA MARIA DAS BARREIRAS,PARÁ,Brasil,1506583,15,33,,,,Amazônia,1.1
22f19cbf-6bb4-34bb-836a-30903a090a9c,  -6.940620, -58.944990,2026-08-27 04:34:00,NOAA-21,APUÍ,AMAZONAS,Brasil,1300144,13,33,,,,Amazônia,3.2
1c9a83e9-f1a3-3860-b65c-213d8722c59c,  -9.214240, -51.544200,2026-08-27 04:34:00,NOAA-21,SÃO FÉLIX DO XINGU,PARÁ,Brasil,1507300,15,33,,,,Amazônia,1.7
75be8ac0-bf06-31b2-a53e-4dbcbeb66f61, -13.383210, -48.215420,2026-08-27 04:34:00,NOAA-21,MINAÇU,GOIÁS,Brasil,5213087,52,33,,,,Cerrado,2.6
2312c57a-ddcd-3672-9a42-3018675db86c, -11.189910, -53.999720,2026-08-27 04:34:00,NOAA-21,MARCELÂNDIA,MATO GROSSO,Brasil,5105580,51,33,,,,Amazônia,1.2
188adcc0-cf1d-376a-bf21-5c4fbeea1788,  -8.677580, -54.705980,2026-08-27 04:34:00,NOAA-21,ALTAMIRA,PARÁ,Brasil,1500602,15,33,,,,Amazônia,1.5
bae51490-3dce-372b-bafb-ae82f62df76c, -11.699460, -54.576580,2026-08-27 04:34:00,NOAA-21,UNIÃO DO SUL,MATO GROSSO,Brasil,5108303,51,33,,,,Amazônia,1.9
9133b67f-4b23-303d-bb97-21f6a134d71a,  -6.655290, -43.904920,2026-08-27 04:34:00,NOAA-21,NOVA IORQUE,MARANHÃO,Brasil,2107308,21,33,,,,Cerrado,1.8
0561e07e-6d72-3bb8-944e-79bad1d3da72,  -8.799500, -50.067940,2026-08-27 04:34:00,NOAA-21,SANTA MARIA DAS BARREIRAS,PARÁ,Brasil,1506583,15,33,,,,Amazônia,0.8
0fba2d41-9d09-32ce-b479-c0bb7bd4f978,  -6.147280, -53.816110,2026-08-27 04:34:00,NOAA-21,ALTAMIRA,PARÁ,Brasil,1500602,15,33,,,,Amazônia,2.2
e657787e-07ed-3a11-b908-a423ea08d368, -10.769030, -54.032490,2026-08-27 04:34:00,NOAA-21,MARCELÂNDIA,MATO GROSSO,Brasil,5105580,51,33,,,,Amazônia,1.3
12f899ea-6d13-37b2-ba26-5d11fa8ef44d,  -5.784830, -50.184410,2026-08-27 04:34:00,NOAA-21,MARABÁ,PARÁ,Brasil,1504208,15,33,,,,Amazônia,1.7
6d113062-3e44-3513-9873-5ae98cde00e1,  -8.806850, -50.065380,2026-08-27 04:34:00,NOAA-21,SANTA MARIA DAS BARREIRAS,PARÁ,Brasil,1506583,15,33,,,,Amazônia,1.4
5945298c-1978-3d5e-869b-9647e6ba8dc3,  -8.571200, -55.278990,2026-08-27 04:34:00,NOAA-21,NOVO PROGRESSO,PARÁ,Brasil,1505031,15,33,,,,Amazônia,2.5
3b32f687-824c-3741-8bb6-25023372fc84,  -8.680510, -54.715040,2026-08-27 04:34:00,NOAA-21,ALTAMIRA,PARÁ,Brasil,1500602,15,33,,,,Amazônia,2.3
f04d408b-fb07-3683-99bf-81ffeff26ba5,  -6.992910, -59.302070,2026-08-27 04:34:00,NOAA-21,APUÍ,AMAZONAS,Brasil,1300144,13,33,,,,Amazônia,3.5
dc9547b3-5a2e-3e2f-b2e0-f4f97a54f488, -11.488400, -47.721340,2026-08-27 04:34:00,NOAA-21,CHAPADA DA NATIVIDADE,TOCANTINS,Brasil,1705102,17,33,,,,Cerrado,1.1
974b23f4-e130-3876-8df0-fe17de09e8c5, -13.334960, -48.192570,2026-08-27 04:34:00,NOAA-21,MINAÇU,GOIÁS,Brasil,5213087,52,33,,,,Cerrado,2.0
7cdde76c-86e1-36d4-bc3f-901d1f259487, -10.749320, -54.018250,2026-08-27 04:34:00,NOAA-21,MARCELÂNDIA,MATO GROSSO,Brasil,5105580,51,33,,,,Amazônia,3.0
45d26684-014d-33e8-9c05-37f2663b6f87,  -7.278320, -49.933700,2026-08-27 04:34:00,NOAA-21,RIO MARIA,PARÁ,Brasil,1506161,15,33,,,,Amazônia,1.6
2b4ab2b9-f963-33c7-86c3-0a66194a9e1b,  -6.986590, -59.310420,2026-08-27 04:34:00,NOAA-21,APUÍ,AMAZONAS,Brasil,1300144,13,33,,,,Amazônia,3.4
9d92841d-cb5d-39b2-97b9-943c7c800ab7, -10.477490, -46.196590,2026-08-27 04:34:00,NOAA-21,MATEIROS,TOCANTINS,Brasil,1712702,17,33,,,,Cerrado,2.8
4ff5af6d-d729-35be-8c45-3b923005b4e8,  -8.801990, -50.031080,2026-08-27 04:34:00,NOAA-21,SANTA MARIA DAS BARREIRAS,PARÁ,Brasil,1506583,15,33,,,,Amazônia,1.9
3f5f38dc-0736-39e6-8985-525f574dc962,  -6.194580, -45.899110,2026-08-27 04:34:00,NOAA-21,GRAJAÚ,MARANHÃO,Brasil,2104800,21,33,,,,Cerrado,1.9
21c662ad-4fea-31ed-b116-54219e631952, -11.159250, -51.218610,2026-08-27 04:34:00,NOAA-21,LUCIARA,MATO GROSSO,Brasil,5105309,51,33,,,,Cerrado,1.0
0d887cff-f389-32d5-8c71-1255a1f924b9,  -7.064770, -44.897660,2026-08-27 04:34:00,NOAA-21,SÃO FÉLIX DE BALSAS,MARANHÃO,Brasil,2110807,21,33,,,,Cerrado,4.8
76268dd1-3552-33d1-bb8b-f99831e29b75,  -6.311430, -53.537860,2026-08-27 04:34:00,NOAA-21,ALTAMIRA,PARÁ,Brasil,1500602,15,33,,,,Amazônia,2.0
cf58ac4e-69e9-39d0-b84a-e05114badd53, -11.750280, -54.524380,2026-08-27 04:34:00,NOAA-21,UNIÃO DO SUL,MATO GROSSO,Brasil,5108303,51,33,,,,Amazônia,0.8
9c90e245-fbc3-3b53-9448-6ecfbbfaf793,  -7.371180, -55.157340,2026-08-27 04:34:00,NOAA-21,ALTAMIRA,PARÁ,Brasil,1500602,15,33,,,,Amazônia,3.7
48d8af4e-a22f-3f21-85e8-342aec1bee5c,  -8.798780, -50.019550,2026-08-27 04:34:00,NOAA-21,SANTA MARIA DAS BARREIRAS,PARÁ,Brasil,1506583,15,33,,,,Amazônia,1.9
55e1463b-93eb-3e85-80ce-e6ffb42f41e6,  -7.309830, -42.960990,2026-08-27 04:34:00,NOAA-21,FLORIANO,PIAUÍ,Brasil,2203909,22,33,,,,Caatinga,2.8
2b6222ef-f2fc-399a-9335-0fab811957e2, -11.625930, -46.748690,2026-08-27 04:34:00,NOAA-21,DIANÓPOLIS,TOCANTINS,Brasil,1707009,17,33,,,,Cerrado,2.1
efbe03a7-4bda-3164-83db-8360720bd297, -10.303390, -49.967620,2026-08-27 04:34:00,NOAA-21,PIUM,TOCANTINS,Brasil,1717503,17,33,,,,Cerrado,1.1
f22184e0-f159-30c9-bf18-df55850b960b,  -6.969000, -42.104610,2026-08-27 04:34:00,NOAA-21,OEIRAS,PIAUÍ,Brasil,2207009,22,33,,,,Caatinga,2.1
4b3786a3-2a6d-3258-a06a-6cd4c0dc65fa,  -7.362090, -55.155480,2026-08-27 04:34:00,NOAA-21,ALTAMIRA,PARÁ,Brasil,1500602,15,33,,,,Amazônia,8.4
33043214-10c5-3cae-843e-24a3d63f139b,  -8.940890, -50.711540,2026-08-27 04:34:00,NOAA-21,SANTA MARIA DAS BARREIRAS,PARÁ,Brasil,1506583,15,33,,,,Amazônia,2.0
4e13f1e9-d5a6-372f-80a0-3d35fe5345b9, -12.036470, -47.171420,2026-08-27 04:34:00,NOAA-21,CONCEIÇÃO DO TOCANTINS,TOCANTINS,Brasil,1705607,17,33,,,,Cerrado,1.0
5bdbac82-dd7b-374b-a51a-cd9d4c75facd,  -5.998350, -57.834380,2026-08-27 04:34:00,NOAA-21,JACAREACANGA,PARÁ,Brasil,1503754,15,33,,,,Amazônia,6.1
3b325925-5895-3423-aa06-2d5ae29ca70d,  -6.467510, -43.085910,2026-08-27 04:34:00,NOAA-21,BARÃO DE GRAJAÚ,MARANHÃO,Brasil,2101509,21,33,,,,Cerrado,1.4
e8335113-9d1e-3060-9903-91f634a4f4d6,  -9.443030, -51.698960,2026-08-27 04:34:00,NOAA-21,SÃO FÉLIX DO XINGU,PARÁ,Brasil,1507300,15,33,,,,Amazônia,1.9
08f517b9-0898-3d9c-8ce5-3764383e38ac, -12.771600, -46.450650,2026-08-27 04:34:00,NOAA-21,LAVANDEIRA,TOCANTINS,Brasil,1712157,17,33,,,,Cerrado,2.5
225e2e52-a92f-3004-8b47-f8691b9a09e4,  -7.376520, -55.153580,2026-08-27 04:34:00,NOAA-21,ALTAMIRA,PARÁ,Brasil,1500602,15,33,,,,Amazônia,5.3
49dde4ce-ed2e-30e3-8a13-9257651f2de0, -11.767210, -54.523650,2026-08-27 04:34:00,NOAA-21,UNIÃO DO SUL,MATO GROSSO,Brasil,5108303,51,33,,,,Amazônia,1.5
14bdc2b8-dac4-3577-9593-71509a46bd58,  -8.170290, -54.950470,2026-08-27 04:34:00,NOAA-21,ALTAMIRA,PARÁ,Brasil,1500602,15,33,,,,Amazônia,3.5
2b6de62f-c4bd-3e0c-b4f6-10150a848f2b,  -7.415720, -49.753850,2026-08-27 04:34:00,NOAA-21,FLORESTA DO ARAGUAIA,PARÁ,Brasil,1503044,15,33,,,,Amazônia,1.5
a6428a84-39f1-3532-b8e1-4b40b31ce249,  -6.325660, -54.737560,2026-08-27 04:34:00,NOAA-21,ALTAMIRA,PARÁ,Brasil,1500602,15,33,,,,Amazônia,2.8
3e5ec44b-2265-3b7b-8a2f-071b4681f441,  -7.754040, -44.742190,2026-08-27 04:34:00,NOAA-21,URUÇUÍ,PIAUÍ,Brasil,2211209,22,33,,,,Cerrado,7.8
82a490af-eb6e-32ba-b99b-58c690361ed3,  -7.312880, -42.968770,2026-08-27 04:34:00,NOAA-21,FLORIANO,PIAUÍ,Brasil,2203909,22,33,,,,Caatinga,2.1
20184c8d-2006-3772-b731-7519444be8f6, -10.766890, -53.974140,2026-08-27 04:34:00,NOAA-21,MARCELÂNDIA,MATO GROSSO,Brasil,5105580,51,33,,,,Amazônia,3.8
ba085a86-ecd1-3adb-9a93-acc214dbb6ab,  -8.034890, -51.813760,2026-08-27 04:34:00,NOAA-21,OURILÂNDIA DO NORTE,PARÁ,Brasil,1505437,15,33,,,,Amazônia,1.6
f56578f4-1302-3f05-8595-e3baa4ecd9c3,  -8.790790, -50.048080,2026-08-27 04:34:00,NOAA-21,SANTA MARIA DAS BARREIRAS,PARÁ,Brasil,1506583,15,33,,,,Amazônia,1.3
701a6c1e-fff2-3523-a338-49790cb6eabb,  -8.064220, -61.273740,2026-08-27 04:34:00,NOAA-21,MANICORÉ,AMAZONAS,Brasil,1302702,13,33,,,,Amazônia,1.7
505f3e70-e773-315e-aa4c-04f5eaa0cabc,  -6.515320, -55.232860,2026-08-27 04:34:00,NOAA-21,ITAITUBA,PARÁ,Brasil,1503606,15,33,,,,Amazônia,3.3
2f205b0c-a654-37ed-9db5-fdf344e9d447, -10.867430, -47.607710,2026-08-27 04:34:00,NOAA-21,PONTE ALTA DO TOCANTINS,TOCANTINS,Brasil,1717909,17,33,,,,Cerrado,0.9
ec232fa0-fd5a-3cac-a09b-4034f87416d6,  -6.520790, -55.228770,2026-08-27 04:34:00,NOAA-21,ITAITUBA,PARÁ,Brasil,1503606,15,33,,,,Amazônia,2.6
2b61f461-7767-3cd2-a154-d024370fd61e,  -8.574570, -54.783960,2026-08-27 04:34:00,NOAA-21,ALTAMIRA,PARÁ,Brasil,1500602,15,33,,,,Amazônia,1.8
3452d8f8-1e74-388b-9b1a-78970ac92261, -10.762590, -53.998660,2026-08-27 04:34:00,NOAA-21,MARCELÂNDIA,MATO GROSSO,Brasil,5105580,51,33,,,,Amazônia,2.3
6a25d668-b0c3-3d62-babd-3091f1f45af1,  -9.274310, -45.646320,2026-08-27 04:34:00,NOAA-21,SANTA FILOMENA,PIAUÍ,Brasil,2209203,22,33,,,,Cerrado,3.7
f92885f9-1154-38ca-ada2-1ba48955d05c,  -9.906370, -46.491340,2026-08-27 04:34:00,NOAA-21,SÃO FÉLIX DO TOCANTINS,TOCANTINS,Brasil,1720150,17,33,,,,Cerrado,1.3
28e48c6e-0e4e-3f6e-ac44-738296ab6aab, -10.748310, -53.999900,2026-08-27 04:34:00,NOAA-21,MARCELÂNDIA,MATO GROSSO,Brasil,5105580,51,33,,,,Amazônia,1.5
9eee1209-2bc7-39a0-9509-229fd76861b6, -12.904460, -45.863270,2026-08-27 04:34:00,NOAA-21,SÃO DESIDÉRIO,BAHIA,Brasil,2928901,29,33,,,,Cerrado,2.3
53134e4e-27f5-36d6-abb1-782a8db4246a, -10.137140, -45.702100,2026-08-27 04:34:00,NOAA-21,BARREIRAS DO PIAUÍ,PIAUÍ,Brasil,2201309,22,33,,,,Cerrado,3.4
62bc15b5-84c0-33ef-ae76-fcd7e45c6f39, -10.761050, -53.983940,2026-08-27 04:34:00,NOAA-21,MARCELÂNDIA,MATO GROSSO,Brasil,5105580,51,33,,,,Amazônia,4.2
2f9805cf-6886-362b-a765-f35407e6bb50,  -6.501660, -51.438810,2026-08-27 04:34:00,NOAA-21,SÃO FÉLIX DO XINGU,PARÁ,Brasil,1507300,15,33,,,,Amazônia,1.2
8d08a0fe-d815-3eef-a450-970920d2cc42, -11.273610, -46.883400,2026-08-27 04:34:00,NOAA-21,ALMAS,TOCANTINS,Brasil,1700400,17,33,,,,Cerrado,0.9
fa120fe8-7b9c-341a-92b7-7fc34c4fc549,  -8.925780, -48.368770,2026-08-27 04:34:00,NOAA-21,TUPIRAMA,TOCANTINS,Brasil,1721257,17,33,,,,Cerrado,9.9
762a288c-5352-3bc6-aa16-a9b7abfcd427,  -8.194430, -47.516420,2026-08-27 04:34:00,NOAA-21,GOIATINS,TOCANTINS,Brasil,1709005,17,33,,,,Cerrado,6.5
a3e5aca4-a06f-36d1-a8c1-87b24d6425db,  -8.597920, -54.753140,2026-08-27 04:34:00,NOAA-21,ALTAMIRA,PARÁ,Brasil,1500602,15,33,,,,Amazônia,2.1
cacfc9b3-7eca-3b00-af39-fb8e53519d57,  -6.950900, -42.684160,2026-08-27 04:34:00,NOAA-21,NAZARÉ DO PIAUÍ,PIAUÍ,Brasil,2206704,22,33,,,,Caatinga,1.2
946625a1-bbec-3521-a3b9-a2fb5d255531,  -9.971350, -53.946860,2026-08-27 04:34:00,NOAA-21,PEIXOTO DE AZEVEDO,MATO GROSSO,Brasil,5106422,51,33,,,,Amazônia,6.3
5bd9fc79-00dc-39bf-8fd6-dabb6b8bde1d, -11.722120, -47.772300,2026-08-27 04:34:00,NOAA-21,NATIVIDADE,TOCANTINS,Brasil,1714203,17,33,,,,Cerrado,1.6
450149c9-ec43-31d9-8816-0cc14a05468c,  -9.217800, -51.544770,2026-08-27 04:34:00,NOAA-21,SÃO FÉLIX DO XINGU,PARÁ,Brasil,1507300,15,33,,,,Amazônia,1.7
33a5aa25-ca31-3c00-aa80-4137d66f82f7,  -8.571580, -54.826740,2026-08-27 04:34:00,NOAA-21,ALTAMIRA,PARÁ,Brasil,1500602,15,33,,,,Amazônia,2.4
43cf8d45-60bd-35bc-b8be-6609be8ff9b5,  -8.794170, -50.048630,2026-08-27 04:34:00,NOAA-21,SANTA MARIA DAS BARREIRAS,PARÁ,Brasil,1506583,15,33,,,,Amazônia,4.1
0d5edc20-86e2-31ef-9a5a-70d74456cd99, -10.781370, -54.009120,2026-08-27 04:34:00,NOAA-21,MARCELÂNDIA,MATO GROSSO,Brasil,5105580,51,33,,,,Amazônia,1.4
3edac30c-6e59-30a2-883b-14047cfa2a7a, -10.750840, -54.018470,2026-08-27 04:34:00,NOAA-21,MARCELÂNDIA,MATO GROSSO,Brasil,5105580,51,33,,,,Amazônia,2.8
524c3a5b-56de-3bae-8d45-b8151b20bc1f, -11.801060, -47.671540,2026-08-27 04:34:00,NOAA-21,NATIVIDADE,TOCANTINS,Brasil,1714203,17,33,,,,Cerrado,1.3
ce5d982b-a4fa-322b-bab8-459a2f516398,  -7.090190, -42.196580,2026-08-27 04:34:00,NOAA-21,OEIRAS,PIAUÍ,Brasil,2207009,22,33,,,,Caatinga,1.7
b5c6b90d-badb-3598-b0f2-7fbf8b21d613,  -7.948070, -52.436150,2026-08-27 04:34:00,NOAA-21,SÃO FÉLIX DO XINGU,PARÁ,Brasil,1507300,15,33,,,,Amazônia,2.2
9c8cfc2e-6e4a-3858-8f87-5109261f37e7,  -6.519140, -55.238650,2026-08-27 04:34:00,NOAA-21,ITAITUBA,PARÁ,Brasil,1503606,15,33,,,,Amazônia,6.0
57e7e69d-1eeb-3c56-a5fd-752b20133a37,  -8.173150, -54.933730,2026-08-27 04:34:00,NOAA-21,ALTAMIRA,PARÁ,Brasil,1500602,15,33,,,,Amazônia,4.3
69dca9da-9941-3c06-989a-a3bc9bd6331c,  -8.291390, -47.614270,2026-08-27 04:34:00,NOAA-21,GOIATINS,TOCANTINS,Brasil,1709005,17,33,,,,Cerrado,1.8
66fe1d11-a56b-3254-9f27-8e1b60ce02d5,  -6.257490, -53.362870,2026-08-27 04:34:00,NOAA-21,ALTAMIRA,PARÁ,Brasil,1500602,15,33,,,,Amazônia,1.3
03c4faf2-7c11-3b1f-aa57-613e8f220b6f,  -9.451700, -60.527160,2026-08-27 04:34:00,NOAA-21,ARIPUANÃ,MATO GROSSO,Brasil,5101407,51,33,,,,Amazônia,1.8
fdd27f70-2bb4-31c7-bc4d-af37da083524, -10.298410, -49.955810,2026-08-27 04:34:00,NOAA-21,PIUM,TOCANTINS,Brasil,1717503,17,33,,,,Cerrado,1.5
54d430af-7dfa-3055-84bd-096ffe693393,  -8.573010, -54.818580,2026-08-27 04:34:00,NOAA-21,ALTAMIRA,PARÁ,Brasil,1500602,15,33,,,,Amazônia,3.2
04ec62eb-5ee8-3ec1-9a0f-f9b863a0ab3d, -12.190610, -50.593820,2026-08-27 04:34:00,NOAA-21,FORMOSO DO ARAGUAIA,TOCANTINS,Brasil,1708205,17,33,,,,Cerrado,5.7
7a34b6e1-afeb-3efa-b180-bfc4671cbaf3,  -8.524980, -55.304070,2026-08-27 04:34:00,NOAA-21,NOVO PROGRESSO,PARÁ,Brasil,1505031,15,33,,,,Amazônia,1.9
13bf14dd-ed63-341e-9b38-ecce8a37fb64,  -6.404330, -60.046600,2026-08-27 04:34:00,NOAA-21,NOVO ARIPUANÃ,AMAZONAS,Brasil,1303304,13,33,,,,Amazônia,1.9
c536349c-35ac-3e8e-8171-f6d7261d2066,  -6.326430, -54.733010,2026-08-27 04:34:00,NOAA-21,ALTAMIRA,PARÁ,Brasil,1500602,15,33,,,,Amazônia,2.8
2758e875-bdc4-315c-8ade-09bc94b15217, -11.219220, -55.079310,2026-08-27 04:34:00,NOAA-21,CLÁUDIA,MATO GROSSO,Brasil,5103056,51,33,,,,Amazônia,2.5
e3820b32-8dfe-3e36-a76b-8f89b5c746ee,  -7.105000, -42.793640,2026-08-27 04:34:00,NOAA-21,NAZARÉ DO PIAUÍ,PIAUÍ,Brasil,2206704,22,33,,,,Caatinga,2.4
dcdabf16-3f3a-355d-8c15-e4d52cdd94b8, -12.037040, -47.167620,2026-08-27 04:34:00,NOAA-21,CONCEIÇÃO DO TOCANTINS,TOCANTINS,Brasil,1705607,17,33,,,,Cerrado,1.0
e7dfec94-d439-3911-b2f8-4820851dcb59,  -8.997570, -52.389400,2026-08-27 04:34:00,NOAA-21,SÃO FÉLIX DO XINGU,PARÁ,Brasil,1507300,15,33,,,,Amazônia,1.3
0856c5ef-78e6-3eab-9612-f35b889160f3,  -8.819970, -46.591290,2026-08-27 04:34:00,NOAA-21,BALSAS,MARANHÃO,Brasil,2101400,21,33,,,,Cerrado,3.3
e4c6cc62-aac2-3dbd-9c20-51f93ccdcaf3,  -7.459040, -43.111330,2026-08-27 04:34:00,NOAA-21,ITAUEIRA,PIAUÍ,Brasil,2205102,22,33,,,,Caatinga,1.6
5881cf07-4de5-37d1-88e6-2775a0e7f3da,  -8.786930, -50.028820,2026-08-27 04:34:00,NOAA-21,SANTA MARIA DAS BARREIRAS,PARÁ,Brasil,1506583,15,33,,,,Amazônia,1.5
04158b16-6a72-39c0-80c0-031b5990fc25,  -6.245260, -53.488290,2026-08-27 04:34:00,NOAA-21,ALTAMIRA,PARÁ,Brasil,1500602,15,33,,,,Amazônia,2.6
019fa192-ea6e-3bbe-8ea8-c3147c4841bc,  -7.406860, -55.168770,2026-08-27 04:34:00,NOAA-21,ALTAMIRA,PARÁ,Brasil,1500602,15,33,,,,Amazônia,3.7
1e34b4a6-4329-3cea-b497-c688d3e96457,  -6.627960, -58.497510,2026-08-27 04:34:00,NOAA-21,MAUÉS,AMAZONAS,Brasil,1302900,13,33,,,,Amazônia,2.9
a19fe4c7-f7c1-33f4-b0d2-22fd51046db7, -13.382090, -48.199960,2026-08-27 04:34:00,NOAA-21,MINAÇU,GOIÁS,Brasil,5213087,52,33,,,,Cerrado,0.9
abd61d20-1a2e-3723-a965-9191f15755fa, -10.922100, -50.248860,2026-08-27 04:34:00,NOAA-21,LAGOA DA CONFUSÃO,TOCANTINS,Brasil,1711902,17,33,,,,Cerrado,0.6
487872f9-82db-3f46-873e-e5597b9e5ced,  -6.623660, -58.488350,2026-08-27 04:34:00,NOAA-21,MAUÉS,AMAZONAS,Brasil,1302900,13,33,,,,Amazônia,1.7
1ad945d8-1ca9-3627-9991-d380f7d2508a,  -6.236940, -53.486950,2026-08-27 04:34:00,NOAA-21,ALTAMIRA,PARÁ,Brasil,1500602,15,33,,,,Amazônia,1.6
6f57a33e-7559-3c0f-905c-ea8479100d4d,  -6.759160, -59.444320,2026-08-27 04:34:00,NOAA-21,APUÍ,AMAZONAS,Brasil,1300144,13,33,,,,Amazônia,1.2
77d7c435-3252-357e-bb76-53367341be43, -11.737940, -54.548950,2026-08-27 04:34:00,NOAA-21,UNIÃO DO SUL,MATO GROSSO,Brasil,5108303,51,33,,,,Amazônia,6.4
e252cbeb-e813-393f-aeb9-8e179e1a6b02,  -8.610250, -54.733750,2026-08-27 04:34:00,NOAA-21,ALTAMIRA,PARÁ,Brasil,1500602,15,33,,,,Amazônia,5.3
44cd58d0-2e3c-3955-b6cd-419de52e28a4,  -6.942640, -42.682900,2026-08-27 04:34:00,NOAA-21,NAZARÉ DO PIAUÍ,PIAUÍ,Brasil,2206704,22,33,,,,Caatinga,1.7
d8edefc8-e9d6-3081-a933-664d5a138d67, -10.947370, -51.031630,2026-08-27 04:34:00,NOAA-21,LUCIARA,MATO GROSSO,Brasil,5105309,51,33,,,,Cerrado,7.2
f4dc5e4c-a4c0-32a0-9ee4-51760a5317b8,  -9.413350, -51.634710,2026-08-27 04:34:00,NOAA-21,SÃO FÉLIX DO XINGU,PARÁ,Brasil,1507300,15,33,,,,Amazônia,2.8
03beb992-ce47-3106-b6e4-242a89261b8d,  -8.785280, -50.017380,2026-08-27 04:34:00,NOAA-21,SANTA MARIA DAS BARREIRAS,PARÁ,Brasil,1506583,15,33,,,,Amazônia,2.9
17b7b0c4-c8f7-3190-b80b-aba70addcf3d,  -8.158260, -47.485530,2026-08-27 04:34:00,NOAA-21,GOIATINS,TOCANTINS,Brasil,1709005,17,33,,,,Cerrado,0.6
1175f246-7161-3c37-b269-77bef81f3985, -10.769670, -53.981790,2026-08-27 04:34:00,NOAA-21,MARCELÂNDIA,MATO GROSSO,Brasil,5105580,51,33,,,,Amazônia,3.6
c6cfd74e-f133-3fe9-81b3-1d0a6433db61,  -6.247480, -55.480460,2026-08-27 04:34:00,NOAA-21,ITAITUBA,PARÁ,Brasil,1503606,15,33,,,,Amazônia,3.3
5d9efa6a-0619-3333-9bc0-8388e7dac5d3,  -6.811590, -59.740210,2026-08-27 04:34:00,NOAA-21,APUÍ,AMAZONAS,Brasil,1300144,13,33,,,,Amazônia,2.2
fce5bd5d-6171-30ef-872c-8242f6f37846,  -6.263900, -53.375360,2026-08-27 04:34:00,NOAA-21,ALTAMIRA,PARÁ,Brasil,1500602,15,33,,,,Amazônia,1.4
354006f4-1624-3c4c-b08c-3d1112f0b57a,  -8.882790, -45.993470,2026-08-27 04:34:00,NOAA-21,ALTO PARNAÍBA,MARANHÃO,Brasil,2100501,21,33,,,,Cerrado,2.0
b8d0212e-246e-302d-911d-053c9a69ecaa,  -6.931640, -41.630030,2026-08-27 04:34:00,NOAA-21,DOM EXPEDITO LOPES,PIAUÍ,Brasil,2203404,22,33,,,,Caatinga,1.6
1b67d35c-04e7-3e53-ad1f-ea0265b9025f,  -6.936080, -58.949760,2026-08-27 04:34:00,NOAA-21,APUÍ,AMAZONAS,Brasil,1300144,13,33,,,,Amazônia,3.9
b5c55884-c633-3dc0-b76a-1b72cb2a799a,  -8.816400, -50.070650,2026-08-27 04:34:00,NOAA-21,SANTA MARIA DAS BARREIRAS,PARÁ,Brasil,1506583,15,33,,,,Amazônia,1.6
596be4dd-4c71-3cf6-8a91-be0fdf499b4a,  -7.371730, -55.181710,2026-08-27 04:34:00,NOAA-21,ALTAMIRA,PARÁ,Brasil,1500602,15,33,,,,Amazônia,3.7
8c848b5d-a3bc-3add-bb35-f86d999f2895, -11.616060, -46.743130,2026-08-27 04:34:00,NOAA-21,DIANÓPOLIS,TOCANTINS,Brasil,1707009,17,33,,,,Cerrado,4.3
932fc5ff-ed02-353f-b6bb-722d6b0085c5, -12.211550, -50.605080,2026-08-27 04:34:00,NOAA-21,FORMOSO DO ARAGUAIA,TOCANTINS,Brasil,1708205,17,33,,,,Cerrado,15.8
bb81ea78-b36f-34da-aa39-6b1c9a619647,  -6.232140, -53.490140,2026-08-27 04:34:00,NOAA-21,ALTAMIRA,PARÁ,Brasil,1500602,15,33,,,,Amazônia,1.4
ded11fbc-b192-3f52-9ae6-75e010db605b,  -9.182670, -49.995850,2026-08-27 04:34:00,NOAA-21,SANTANA DO ARAGUAIA,PARÁ,Brasil,1506708,15,33,,,,Amazônia,1.5
ba2fb9bc-1f57-3cf1-8217-37b28abfb357, -11.255200, -47.079350,2026-08-27 04:34:00,NOAA-21,ALMAS,TOCANTINS,Brasil,1700400,17,33,,,,Cerrado,3.1
660e3294-26c6-3ebd-8f04-fc3b809b2a7e,  -9.560010, -49.270040,2026-08-27 04:34:00,NOAA-21,ABREULÂNDIA,TOCANTINS,Brasil,1700251,17,33,,,,Cerrado,1.2
025a49b6-58a1-37d8-81f1-608f1fc1ad48,  -8.766660, -50.025590,2026-08-27 04:34:00,NOAA-21,SANTA MARIA DAS BARREIRAS,PARÁ,Brasil,1506583,15,33,,,,Amazônia,5.4
22b755a2-97f1-340d-ae6a-00729a54bd16, -10.486350, -49.949290,2026-08-27 04:34:00,NOAA-21,PIUM,TOCANTINS,Brasil,1717503,17,33,,,,Cerrado,1.9
34d17bbe-b3d1-3fa4-8558-eae565e1239c,  -9.645220, -50.832880,2026-08-27 04:34:00,NOAA-21,SANTANA DO ARAGUAIA,PARÁ,Brasil,1506708,15,33,,,,Amazônia,1.7
8717f935-2fe2-3578-9931-12a1102ad578,  -7.061160, -44.897070,2026-08-27 04:34:00,NOAA-21,SÃO FÉLIX DE BALSAS,MARANHÃO,Brasil,2110807,21,33,,,,Cerrado,4.8
4bcc89ec-a0d1-3d16-9967-f5a0e4f595c5,  -6.927790, -41.625110,2026-08-27 04:34:00,NOAA-21,DOM EXPEDITO LOPES,PIAUÍ,Brasil,2203404,22,33,,,,Caatinga,1.6
26b5e19c-be54-3a0c-b080-bdb2c2668979,  -9.752350, -49.344590,2026-08-27 04:34:00,NOAA-21,DIVINÓPOLIS DO TOCANTINS,TOCANTINS,Brasil,1707108,17,33,,,,Cerrado,1.8
72c788c5-8d5b-39df-abdd-8d3b6f2bfbbd, -10.760390, -54.034640,2026-08-27 04:34:00,NOAA-21,MARCELÂNDIA,MATO GROSSO,Brasil,5105580,51,33,,,,Amazônia,15.3
9cd8f3c0-d932-3084-adc4-533710960a77, -11.701600, -54.588480,2026-08-27 04:34:00,NOAA-21,SANTA CARMEM,MATO GROSSO,Brasil,5107248,51,33,,,,Amazônia,1.2
f3e2a2a8-dec0-3171-b3d8-6057399d4a9f,  -9.227100, -51.554810,2026-08-27 04:34:00,NOAA-21,SÃO FÉLIX DO XINGU,PARÁ,Brasil,1507300,15,33,,,,Amazônia,1.4
9ec52a91-01d1-3687-9ed5-232edc767bba, -10.772760, -54.011220,2026-08-27 04:34:00,NOAA-21,MARCELÂNDIA,MATO GROSSO,Brasil,5105580,51,33,,,,Amazônia,1.7
b3277a1f-6358-3237-9a73-c5bd936ce2c6, -10.759150, -54.041690,2026-08-27 04:34:00,NOAA-21,MARCELÂNDIA,MATO GROSSO,Brasil,5105580,51,33,,,,Amazônia,6.3
bbf84a5e-e69e-3a82-b90a-62c033b132bc, -13.358660, -48.241260,2026-08-27 04:34:00,NOAA-21,MINAÇU,GOIÁS,Brasil,5213087,52,33,,,,Cerrado,2.3
d5947e2b-9fc5-3cbb-ac7b-89035f31478d, -10.951420, -51.028420,2026-08-27 04:34:00,NOAA-21,LUCIARA,MATO GROSSO,Brasil,5105309,51,33,,,,Cerrado,5.6
81d8e30d-479f-3a5d-a361-7eefa213a427,  -6.305970, -53.544820,2026-08-27 04:34:00,NOAA-21,ALTAMIRA,PARÁ,Brasil,1500602,15,33,,,,Amazônia,4.1
18e5a771-8ac5-3166-8773-a0aed5e1f827,  -7.281140, -49.937870,2026-08-27 04:34:00,NOAA-21,RIO MARIA,PARÁ,Brasil,1506161,15,33,,,,Amazônia,2.5
6f115c4f-9a6a-3257-b659-bc549f15c18d,  -6.823000, -59.724000,2026-08-27 04:34:00,NOAA-21,APUÍ,AMAZONAS,Brasil,1300144,13,33,,,,Amazônia,1.9
cfea89ef-b324-3d9a-873a-be3703914e5d,  -9.225600, -51.541850,2026-08-27 04:34:00,NOAA-21,SÃO FÉLIX DO XINGU,PARÁ,Brasil,1507300,15,33,,,,Amazônia,1.8
c884f1d7-cd98-324a-9246-b3c368f674b6,  -6.406560, -45.957450,2026-08-27 04:34:00,NOAA-21,FORMOSA DA SERRA NEGRA,MARANHÃO,Brasil,2104099,21,33,,,,Cerrado,1.3
bdd80c06-ff29-3619-837b-672beb2b678a, -10.555370, -50.457210,2026-08-27 04:34:00,NOAA-21,PIUM,TOCANTINS,Brasil,1717503,17,33,,,,Cerrado,3.2
662f0941-a6cd-316b-ac5f-fd266c63d8b6, -10.307300, -49.964580,2026-08-27 04:34:00,NOAA-21,PIUM,TOCANTINS,Brasil,1717503,17,33,,,,Cerrado,1.1
a1be4b20-b7e9-3edf-b73f-ef0c897653bc, -12.756810, -46.477360,2026-08-27 04:34:00,NOAA-21,LAVANDEIRA,TOCANTINS,Brasil,1712157,17,33,,,,Cerrado,5.3
69d34426-201f-38c2-b188-e0b755f6a9b7,  -8.009280, -51.809520,2026-08-27 04:34:00,NOAA-21,OURILÂNDIA DO NORTE,PARÁ,Brasil,1505437,15,33,,,,Amazônia,1.8
690c4ed7-5456-3853-9d36-b42f2092e8a2,  -8.785190, -50.039730,2026-08-27 04:34:00,NOAA-21,SANTA MARIA DAS BARREIRAS,PARÁ,Brasil,1506583,15,33,,,,Amazônia,1.7
bcd3df76-579c-3ccb-8297-eb2086be9d8e, -12.143200, -48.262810,2026-08-27 04:34:00,NOAA-21,PEIXE,TOCANTINS,Brasil,1716604,17,33,,,,Cerrado,1.2
4bebfc18-9706-32e2-ad11-8281ecffe031,  -6.636560, -58.515980,2026-08-27 04:34:00,NOAA-21,MAUÉS,AMAZONAS,Brasil,1302900,13,33,,,,Amazônia,2.3
154f4531-ac2a-3610-8964-ceb51e4ae2bd, -10.998700, -49.658490,2026-08-27 04:34:00,NOAA-21,SANTA RITA DO TOCANTINS,TOCANTINS,Brasil,1718899,17,33,,,,Cerrado,1.5
a294f91e-c0e2-3ea2-8ac4-bb1543c8c118, -11.739830, -54.537920,2026-08-27 04:34:00,NOAA-21,UNIÃO DO SUL,MATO GROSSO,Brasil,5108303,51,33,,,,Amazônia,2.1
b8236566-acff-3757-ba59-b47e75aee013,  -7.853250, -46.310010,2026-08-27 04:34:00,NOAA-21,BALSAS,MARANHÃO,Brasil,2101400,21,33,,,,Cerrado,2.3
881b79e7-8ad4-3639-97e8-1de8b001be27,  -7.266840, -49.852560,2026-08-27 04:34:00,NOAA-21,RIO MARIA,PARÁ,Brasil,1506161,15,33,,,,Amazônia,2.2
b4699214-3e02-3e5b-851a-bd78ca48d768,  -6.815920, -59.727700,2026-08-27 04:34:00,NOAA-21,APUÍ,AMAZONAS,Brasil,1300144,13,33,,,,Amazônia,5.1
031f7654-aa23-3d3f-ad85-b8ec49d62549,  -9.387790, -48.698780,2026-08-27 04:34:00,NOAA-21,MIRANORTE,TOCANTINS,Brasil,1713304,17,33,,,,Cerrado,4.8
7195705b-4e01-3284-a9e9-960f3f672475,  -7.323030, -42.985010,2026-08-27 04:34:00,NOAA-21,FLORIANO,PIAUÍ,Brasil,2203909,22,33,,,,Caatinga,2.3
82cd48ce-75b8-39c1-8b3e-4b3acf4ad637,  -9.142920, -57.562980,2026-08-27 04:34:00,NOAA-21,APIACÁS,MATO GROSSO,Brasil,5100805,51,33,,,,Amazônia,0.8
6c7237e3-29d3-3972-aad3-dafc785c057f, -11.377550, -50.230840,2026-08-27 04:34:00,NOAA-21,LAGOA DA CONFUSÃO,TOCANTINS,Brasil,1711902,17,33,,,,Cerrado,1.7
179ace06-e8a0-3166-a7f5-d84a66b1a258, -10.922680, -50.245250,2026-08-27 04:34:00,NOAA-21,LAGOA DA CONFUSÃO,TOCANTINS,Brasil,1711902,17,33,,,,Cerrado,1.1
1fe0af44-ccdf-3562-83c3-2c6827f5a3fb,  -6.538730, -56.254780,2026-08-27 04:34:00,NOAA-21,ITAITUBA,PARÁ,Brasil,1503606,15,33,,,,Amazônia,0.9
4da12381-d809-3ae2-b02b-394291b81f03, -12.215500, -50.602010,2026-08-27 04:34:00,NOAA-21,FORMOSO DO ARAGUAIA,TOCANTINS,Brasil,1708205,17,33,,,,Cerrado,21.7
5789bb48-7088-39dc-84eb-4f52cba7def2, -10.301180, -49.959920,2026-08-27 04:34:00,NOAA-21,PIUM,TOCANTINS,Brasil,1717503,17,33,,,,Cerrado,1.5
5c1054fd-3ce1-36a1-89d4-f7c70c3ac87a,  -7.370180, -55.190820,2026-08-27 04:34:00,NOAA-21,ALTAMIRA,PARÁ,Brasil,1500602,15,33,,,,Amazônia,4.7
3c1a396f-4f4b-3516-8d70-2c6e23e865f5,  -8.118310, -51.673370,2026-08-27 04:34:00,NOAA-21,OURILÂNDIA DO NORTE,PARÁ,Brasil,1505437,15,33,,,,Amazônia,3.1
f86333ca-f6b9-344d-a0bf-6b788f81359c,  -7.064420, -59.225960,2026-08-27 04:34:00,NOAA-21,APUÍ,AMAZONAS,Brasil,1300144,13,33,,,,Amazônia,2.2
543caf2e-d9a2-3b67-99b2-2058ff3a7d7a,  -7.649920, -47.120470,2026-08-27 04:34:00,NOAA-21,RIACHÃO,MARANHÃO,Brasil,2109502,21,33,,,,Cerrado,0.9
0e3407ca-8f34-36b1-b5e0-3e77102c58e5,  -8.941060, -45.774560,2026-08-27 04:34:00,NOAA-21,SANTA FILOMENA,PIAUÍ,Brasil,2209203,22,33,,,,Cerrado,1.1
c4d4f6ef-0a6c-3a44-8819-3b29d9b47582, -13.351940, -48.240150,2026-08-27 04:34:00,NOAA-21,MINAÇU,GOIÁS,Brasil,5213087,52,33,,,,Cerrado,2.2
57b5f02f-95a8-397a-b3da-c03949b060df,  -9.076990, -53.036600,2026-08-27 04:34:00,NOAA-21,SÃO FÉLIX DO XINGU,PARÁ,Brasil,1507300,15,33,,,,Amazônia,4.5
3a9ea442-0dbb-3a37-aaab-3f976837f566,  -7.874010, -46.104610,2026-08-27 04:34:00,NOAA-21,BALSAS,MARANHÃO,Brasil,2101400,21,33,,,,Cerrado,1.7
c4401621-8dce-3dec-8369-8dec227b5478,  -9.454470, -51.696460,2026-08-27 04:34:00,NOAA-21,SÃO FÉLIX DO XINGU,PARÁ,Brasil,1507300,15,33,,,,Amazônia,1.4
11dbe902-9c37-3996-8ffe-799620a91f83, -11.275880, -46.868000,2026-08-27 04:34:00,NOAA-21,ALMAS,TOCANTINS,Brasil,1700400,17,33,,,,Cerrado,2.0
bba14543-2b43-3a14-bf3e-4862c77cdf46, -10.757620, -54.026930,2026-08-27 04:34:00,NOAA-21,MARCELÂNDIA,MATO GROSSO,Brasil,5105580,51,33,,,,Amazônia,1.5
a643c225-8f49-3026-bab9-e29543bc6edd,  -8.187770, -47.515380,2026-08-27 04:34:00,NOAA-21,GOIATINS,TOCANTINS,Brasil,1709005,17,33,,,,Cerrado,3.4
09bacbd9-3ee3-38b8-88ed-25b380baf25e,  -6.304050, -53.556250,2026-08-27 04:34:00,NOAA-21,ALTAMIRA,PARÁ,Brasil,1500602,15,33,,,,Amazônia,2.5
23ed282d-237c-3fd1-8da7-0708bb6ea04d,  -6.234060, -55.473010,2026-08-27 04:34:00,NOAA-21,ITAITUBA,PARÁ,Brasil,1503606,15,33,,,,Amazônia,3.4
1dbaffbe-a609-3d57-bcd1-238d0823e1c8,  -6.518310, -55.243610,2026-08-27 04:34:00,NOAA-21,ITAITUBA,PARÁ,Brasil,1503606,15,33,,,,Amazônia,6.0
57b38949-23bd-3929-a3e7-6f96bdc37581,  -8.800430, -50.031000,2026-08-27 04:34:00,NOAA-21,SANTA MARIA DAS BARREIRAS,PARÁ,Brasil,1506583,15,33,,,,Amazônia,1.3
4b479589-1c2a-3b6c-af9f-70205464a4c5, -12.754400, -46.468780,2026-08-27 04:34:00,NOAA-21,LAVANDEIRA,TOCANTINS,Brasil,1712157,17,33,,,,Cerrado,4.0
c13b1013-c209-3cc8-8876-bb665cf42df7, -11.738290, -54.522490,2026-08-27 04:34:00,NOAA-21,UNIÃO DO SUL,MATO GROSSO,Brasil,5108303,51,33,,,,Amazônia,1.3
3ec5c4ee-1e0b-3905-b9c4-02fd65e5d098,  -7.390830, -44.590000,2026-08-27 04:34:00,NOAA-21,URUÇUÍ,PIAUÍ,Brasil,2211209,22,33,,,,Cerrado,1.6
fab3a25f-01fa-3511-a787-8f237ebf4af7,  -6.771530, -55.697900,2026-08-27 04:34:00,NOAA-21,NOVO PROGRESSO,PARÁ,Brasil,1505031,15,33,,,,Amazônia,1.9
5357e543-f6ff-3dc8-85cf-d7e2aeb66b5e,  -7.450130, -50.926730,2026-08-27 04:34:00,NOAA-21,BANNACH,PARÁ,Brasil,1501253,15,33,,,,Amazônia,2.4
7572b311-0e3f-35ee-8390-2fc1b487191d,  -6.778500, -55.685920,2026-08-27 04:34:00,NOAA-21,NOVO PROGRESSO,PARÁ,Brasil,1505031,15,33,,,,Amazônia,3.5
d23bcdf9-1bd0-367e-827a-f12ef27c4843,  -8.026890, -51.816710,2026-08-27 04:34:00,NOAA-21,OURILÂNDIA DO NORTE,PARÁ,Brasil,1505437,15,33,,,,Amazônia,1.5
72b95a48-9ca6-3083-ae34-c6ebe74bb67f, -10.758240, -54.023360,2026-08-27 04:34:00,NOAA-21,MARCELÂNDIA,MATO GROSSO,Brasil,5105580,51,33,,,,Amazônia,1.5
9a538bc7-7079-3155-a865-292420a6fad6, -10.530130, -50.790210,2026-08-27 04:34:00,NOAA-21,SANTA TEREZINHA,MATO GROSSO,Brasil,5107776,51,33,,,,Cerrado,2.3
234952db-0aa1-3014-b9f4-95a7b9311652,  -8.813020, -50.070110,2026-08-27 04:34:00,NOAA-21,SANTA MARIA DAS BARREIRAS,PARÁ,Brasil,1506583,15,33,,,,Amazônia,2.9
250ec1c8-6014-304d-a8a5-13baaa8506d6, -13.380410, -48.211190,2026-08-27 04:34:00,NOAA-21,MINAÇU,GOIÁS,Brasil,5213087,52,33,,,,Cerrado,2.6
c81df7ad-2870-3965-af87-00e39d5f763e,  -8.824060, -49.600130,2026-08-27 04:34:00,NOAA-21,SANTA MARIA DAS BARREIRAS,PARÁ,Brasil,1506583,15,33,,,,Amazônia,1.4
71eb6859-51e5-3f7d-afbf-0b63d00dace4,  -9.695340, -55.157260,2026-08-27 04:34:00,NOAA-21,NOVO MUNDO,MATO GROSSO,Brasil,5106265,51,33,,,,Amazônia,2.2
c4cf6679-ff20-30e8-8f1c-6c920093138a, -12.633110, -48.417330,2026-08-27 04:34:00,NOAA-21,SÃO SALVADOR DO TOCANTINS,TOCANTINS,Brasil,1720259,17,33,,,,Cerrado,2.7
77e59b4e-c0c7-3bf0-91a9-0bd1d225e50c, -11.750520, -54.524620,2026-08-27 04:34:00,NOAA-21,UNIÃO DO SUL,MATO GROSSO,Brasil,5108303,51,33,,,,Amazônia,0.9
7c624961-4c8f-30c8-815f-147241cde4ff,  -7.275980, -46.811610,2026-08-27 04:34:00,NOAA-21,CAROLINA,MARANHÃO,Brasil,2102804,21,33,,,,Cerrado,3.9
c715905b-7089-3c2f-bbcc-2c32a156fad6,  -9.080870, -50.606360,2026-08-27 04:34:00,NOAA-21,SANTANA DO ARAGUAIA,PARÁ,Brasil,1506708,15,33,,,,Amazônia,1.6
5fce34eb-390d-3097-95b2-b23c1336fe65,  -9.477140, -51.760060,2026-08-27 04:34:00,NOAA-21,SÃO FÉLIX DO XINGU,PARÁ,Brasil,1507300,15,33,,,,Amazônia,1.2
e656a7bb-497d-3188-8159-cab6de2777a8,  -7.455720, -43.100710,2026-08-27 04:34:00,NOAA-21,ITAUEIRA,PIAUÍ,Brasil,2205102,22,33,,,,Caatinga,1.7
76820cfd-4a8e-391a-9747-21498f3bceae,  -8.213090, -44.819320,2026-08-27 04:34:00,NOAA-21,URUÇUÍ,PIAUÍ,Brasil,2211209,22,33,,,,Cerrado,1.3
f5dc5b30-c35d-3bf6-be79-75a17a71a7d3, -12.028410, -47.154590,2026-08-27 04:34:00,NOAA-21,CONCEIÇÃO DO TOCANTINS,TOCANTINS,Brasil,1705607,17,33,,,,Cerrado,1.2
3357924e-512d-3dd1-91b6-7adbd7313591,  -8.796640, -49.989440,2026-08-27 04:34:00,NOAA-21,SANTA MARIA DAS BARREIRAS,PARÁ,Brasil,1506583,15,33,,,,Amazônia,1.7
7f004b45-2f94-3d5e-9eb0-edefa2b5f836,  -8.786350, -50.032460,2026-08-27 04:34:00,NOAA-21,SANTA MARIA DAS BARREIRAS,PARÁ,Brasil,1506583,15,33,,,,Amazônia,1.5
10ef989a-cbe9-3c66-b4b1-d3b609ea6418,  -6.226350, -53.473530,2026-08-27 04:34:00,NOAA-21,ALTAMIRA,PARÁ,Brasil,1500602,15,33,,,,Amazônia,1.5
72d7c543-49f9-3411-8386-6046c8e47dba, -12.214910, -50.605640,2026-08-27 04:34:00,NOAA-21,FORMOSO DO ARAGUAIA,TOCANTINS,Brasil,1708205,17,33,,,,Cerrado,21.7
163b2b3b-82c8-3f12-abaa-848c682e80e1,  -6.772310, -59.441570,2026-08-27 04:34:00,NOAA-21,APUÍ,AMAZONAS,Brasil,1300144,13,33,,,,Amazônia,2.2
82fec075-c81e-38a3-a86f-f4ba0e1a2e03,  -6.226990, -53.469720,2026-08-27 04:34:00,NOAA-21,ALTAMIRA,PARÁ,Brasil,1500602,15,33,,,,Amazônia,3.0
f5d02703-65bb-3080-97db-ae983e6ab7c5, -12.031290, -47.158940,2026-08-27 04:34:00,NOAA-21,CONCEIÇÃO DO TOCANTINS,TOCANTINS,Brasil,1705607,17,33,,,,Cerrado,1.6
0d99683f-b391-35ac-aeb4-0cd97d22c229,  -7.337430, -44.448800,2026-08-27 04:34:00,NOAA-21,URUÇUÍ,PIAUÍ,Brasil,2211209,22,33,,,,Cerrado,8.7
108649d7-caa5-3498-a282-bb1ac14f3b90,  -6.190030, -45.906070,2026-08-27 04:34:00,NOAA-21,GRAJAÚ,MARANHÃO,Brasil,2104800,21,33,,,,Cerrado,1.9
69c1c41d-ee95-3e03-837a-1ac3ec95841d,  -9.358020, -48.694080,2026-08-27 04:34:00,NOAA-21,MIRANORTE,TOCANTINS,Brasil,1713304,17,33,,,,Cerrado,0.8
3d0978b5-d000-352f-9b3b-6d6aa79b6f2a, -10.868890, -50.538430,2026-08-27 04:34:00,NOAA-21,LAGOA DA CONFUSÃO,TOCANTINS,Brasil,1711902,17,33,,,,Cerrado,1.2
8b7ea359-cd24-3c58-aa07-1cb1324573e0,  -7.999500, -42.819610,2026-08-27 04:34:00,NOAA-21,PAJEÚ DO PIAUÍ,PIAUÍ,Brasil,2207355,22,33,,,,Caatinga,1.8
e1cb8c74-8d54-3a35-b0e3-065de76bcfa0, -12.774580, -46.455290,2026-08-27 04:34:00,NOAA-21,LAVANDEIRA,TOCANTINS,Brasil,1712157,17,33,,,,Cerrado,3.0
b8a77452-2d17-3c67-ad70-b8495012329e, -11.605610, -46.741440,2026-08-27 04:34:00,NOAA-21,DIANÓPOLIS,TOCANTINS,Brasil,1707009,17,33,,,,Cerrado,3.3
a0b54d4b-c379-3192-9f2e-4e715a59d81c, -10.920470, -50.237490,2026-08-27 04:34:00,NOAA-21,LAGOA DA CONFUSÃO,TOCANTINS,Brasil,1711902,17,33,,,,Cerrado,0.7
81c089bd-ad28-3026-a9c3-25cd419c71b1,  -6.306620, -53.540990,2026-08-27 04:34:00,NOAA-21,ALTAMIRA,PARÁ,Brasil,1500602,15,33,,,,Amazônia,4.1
6b40ba63-c1fc-3346-abe5-2ee28dc6f5fe,  -7.758790, -44.760640,2026-08-27 04:34:00,NOAA-21,URUÇUÍ,PIAUÍ,Brasil,2211209,22,33,,,,Cerrado,0.9
580b3d44-9af9-39d2-a348-745de3e59bc3,  -7.143920, -43.162980,2026-08-27 04:34:00,NOAA-21,FLORIANO,PIAUÍ,Brasil,2203909,22,33,,,,Caatinga,1.6
ea252aad-bb1d-3650-ac3c-b95994dbfacc,  -7.099840, -42.800460,2026-08-27 04:34:00,NOAA-21,NAZARÉ DO PIAUÍ,PIAUÍ,Brasil,2206704,22,33,,,,Caatinga,2.0
602f5d8d-8f8f-3e54-b2f2-7a37f30612d8,  -8.793590, -50.052260,2026-08-27 04:34:00,NOAA-21,SANTA MARIA DAS BARREIRAS,PARÁ,Brasil,1506583,15,33,,,,Amazônia,10.9
5b3f2074-34c0-356f-9465-7bbbe9de1d3e,  -6.229260, -55.617960,2026-08-27 04:34:00,NOAA-21,ITAITUBA,PARÁ,Brasil,1503606,15,33,,,,Amazônia,6.1
e37c1c29-6750-3944-b124-8dbc5690eea8,  -6.643120, -58.512700,2026-08-27 04:34:00,NOAA-21,MAUÉS,AMAZONAS,Brasil,1302900,13,33,,,,Amazônia,1.6
24edbbef-bc78-3050-a283-2fa6ee47c26d, -12.214320, -50.609270,2026-08-27 04:34:00,NOAA-21,FORMOSO DO ARAGUAIA,TOCANTINS,Brasil,1708205,17,33,,,,Cerrado,3.7
66f6271f-00a0-3ea5-8f9f-bb530ae4a247, -11.494400, -45.101000,2026-08-27 04:34:00,NOAA-21,RIACHÃO DAS NEVES,BAHIA,Brasil,2926202,29,33,,,,Cerrado,5.6
077e11d1-b9b8-3211-9776-47e1044a5449,  -6.796510, -59.717670,2026-08-27 04:34:00,NOAA-21,APUÍ,AMAZONAS,Brasil,1300144,13,33,,,,Amazônia,4.0
bb51d6f3-797a-32ca-bc19-78de103faedb, -11.379390, -45.148010,2026-08-27 04:34:00,NOAA-21,FORMOSA DO RIO PRETO,BAHIA,Brasil,2911105,29,33,,,,Cerrado,1.6
cf970eba-93a2-3d0e-9762-f3efaa458648,  -8.784610, -50.043370,2026-08-27 04:34:00,NOAA-21,SANTA MARIA DAS BARREIRAS,PARÁ,Brasil,1506583,15,33,,,,Amazônia,1.9
ef12c4f2-c56c-322c-a48e-17779df029d6, -11.167110, -53.998950,2026-08-27 04:34:00,NOAA-21,MARCELÂNDIA,MATO GROSSO,Brasil,5105580,51,33,,,,Amazônia,1.4
3b040b49-ab61-36ed-a8b8-734fdc3a1eab,  -7.155460, -43.168310,2026-08-27 04:34:00,NOAA-21,FLORIANO,PIAUÍ,Brasil,2203909,22,33,,,,Caatinga,1.4
624d3e73-5c76-304c-8e36-e51284f5f073, -11.798230, -47.667350,2026-08-27 04:34:00,NOAA-21,NATIVIDADE,TOCANTINS,Brasil,1714203,17,33,,,,Cerrado,0.8
88d068e9-c849-31f7-bf80-900a07874461,  -7.378700, -45.992340,2026-08-27 04:34:00,NOAA-21,BALSAS,MARANHÃO,Brasil,2101400,21,33,,,,Cerrado,2.8
e0175c66-f2c8-3a36-beea-eb0f3fd39428, -10.529830, -50.790540,2026-08-27 04:34:00,NOAA-21,SANTA TEREZINHA,MATO GROSSO,Brasil,5107776,51,33,,,,Cerrado,2.2
15bbbbcf-e317-3658-a4b7-9cfe0c3149d0,  -8.091400, -45.891830,2026-08-27 04:34:00,NOAA-21,BALSAS,MARANHÃO,Brasil,2101400,21,33,,,,Cerrado,4.8
e7953261-51f9-334e-8574-9d718388de2d,  -6.236300, -53.490760,2026-08-27 04:34:00,NOAA-21,ALTAMIRA,PARÁ,Brasil,1500602,15,33,,,,Amazônia,1.4
0b49daf9-9594-33e3-9d42-6cfa95bd471c,  -6.779230, -59.438270,2026-08-27 04:34:00,NOAA-21,APUÍ,AMAZONAS,Brasil,1300144,13,33,,,,Amazônia,1.9
5647d5c1-2ce7-320c-9f64-dab968802884,  -9.192770, -49.997480,2026-08-27 04:34:00,NOAA-21,SANTANA DO ARAGUAIA,PARÁ,Brasil,1506708,15,33,,,,Amazônia,1.4
b42dc53e-bad2-3f49-a1b3-cb65fb034955,  -6.233190, -55.478100,2026-08-27 04:34:00,NOAA-21,ITAITUBA,PARÁ,Brasil,1503606,15,33,,,,Amazônia,3.4
58c992e2-a0e3-31c9-a633-bdbf93707ed4,  -8.826790, -49.626090,2026-08-27 04:34:00,NOAA-21,SANTA MARIA DAS BARREIRAS,PARÁ,Brasil,1506583,15,33,,,,Amazônia,1.1
a3a5ccd2-9f40-3ac7-b9b5-4d8316d8af93,  -9.489660, -56.914010,2026-08-27 04:34:00,NOAA-21,PARANAÍTA,MATO GROSSO,Brasil,5106299,51,33,,,,Amazônia,3.2
47ab740b-3647-3014-98ff-d2e362f214b6,  -6.772780, -55.690690,2026-08-27 04:34:00,NOAA-21,NOVO PROGRESSO,PARÁ,Brasil,1505031,15,33,,,,Amazônia,2.5
151e759c-cdb2-39e3-9740-5aca4394388a,  -8.800670, -50.060670,2026-08-27 04:34:00,NOAA-21,SANTA MARIA DAS BARREIRAS,PARÁ,Brasil,1506583,15,33,,,,Amazônia,3.3
af32eb40-1ba1-3cef-92c4-0b2dc0148584,  -8.796120, -50.067410,2026-08-27 04:34:00,NOAA-21,SANTA MARIA DAS BARREIRAS,PARÁ,Brasil,1506583,15,33,,,,Amazônia,0.8
691a1241-f4e2-38ec-81f6-3beccbed8114,  -8.057530, -61.272530,2026-08-27 04:34:00,NOAA-21,MANICORÉ,AMAZONAS,Brasil,1302702,13,33,,,,Amazônia,3.7
205125e6-7736-3575-93d6-ad79202b8413,  -5.847560, -57.760660,2026-08-27 04:34:00,NOAA-21,JACAREACANGA,PARÁ,Brasil,1503754,15,33,,,,Amazônia,1.5
ebd519dd-2d26-32c4-b9c7-0f9bcfe9a7a4,  -7.284550, -49.938380,2026-08-27 04:34:00,NOAA-21,RIO MARIA,PARÁ,Brasil,1506161,15,33,,,,Amazônia,2.5
66babc86-651f-305e-9ea0-d9ad8aef3dac,  -6.146510, -59.923310,2026-08-27 04:34:00,NOAA-21,NOVO ARIPUANÃ,AMAZONAS,Brasil,1303304,13,33,,,,Amazônia,1.4
22e60024-c407-3721-90f8-818f8a2fcfe2, -11.802160, -47.664200,2026-08-27 04:34:00,NOAA-21,NATIVIDADE,TOCANTINS,Brasil,1714203,17,33,,,,Cerrado,1.8
55bcc1c9-819b-3b30-ba9a-6456b09b6009,  -7.113640, -42.821320,2026-08-27 04:34:00,NOAA-21,NAZARÉ DO PIAUÍ,PIAUÍ,Brasil,2206704,22,33,,,,Caatinga,1.4
fced27e3-a448-30cf-b424-0b4be41fafc6,  -8.777900, -50.503900,2026-08-27 04:34:00,NOAA-21,SANTA MARIA DAS BARREIRAS,PARÁ,Brasil,1506583,15,33,,,,Amazônia,1.4
9dcd5ec5-97cd-3fbe-bce4-26f9d550ae0e,  -7.516680, -61.373770,2026-08-27 04:34:00,NOAA-21,MANICORÉ,AMAZONAS,Brasil,1302702,13,33,,,,Amazônia,3.9
d2b5d535-08fc-3930-bcdd-bd194e01a077,  -8.094830, -51.675310,2026-08-27 04:34:00,NOAA-21,OURILÂNDIA DO NORTE,PARÁ,Brasil,1505437,15,33,,,,Amazônia,1.7
d3a977fb-6be7-3cf6-b6b7-d139b1d08e92,  -6.078790, -55.546110,2026-08-27 04:34:00,NOAA-21,ITAITUBA,PARÁ,Brasil,1503606,15,33,,,,Amazônia,1.8
23070c2d-af43-3fb3-8693-d31594df7c54,  -7.485430, -55.288790,2026-08-27 04:34:00,NOAA-21,NOVO PROGRESSO,PARÁ,Brasil,1505031,15,33,,,,Amazônia,2.2
26888039-c820-39de-ae7c-a5c0dc437e41, -12.770430, -46.458710,2026-08-27 04:34:00,NOAA-21,LAVANDEIRA,TOCANTINS,Brasil,1712157,17,33,,,,Cerrado,3.2
990f1dc7-99ea-3882-8250-469aacce4918, -10.363230, -45.063950,2026-08-27 04:34:00,NOAA-21,CORRENTE,PIAUÍ,Brasil,2202901,22,33,,,,Cerrado,1.2
34f09edc-5705-3de2-824d-9ba47d283e61,  -8.315840, -45.698110,2026-08-27 04:34:00,NOAA-21,TASSO FRAGOSO,MARANHÃO,Brasil,2112001,21,33,,,,Cerrado,1.3
e72ac3ee-5634-3a76-b867-90270bea53fb,  -7.067750, -44.902490,2026-08-27 04:34:00,NOAA-21,SÃO FÉLIX DE BALSAS,MARANHÃO,Brasil,2110807,21,33,,,,Cerrado,2.3
888116a9-f6e7-362b-9ab0-3f891c92f04a, -10.948280, -50.271330,2026-08-27 04:34:00,NOAA-21,LAGOA DA CONFUSÃO,TOCANTINS,Brasil,1711902,17,33,,,,Cerrado,2.1
24523d68-781c-34b0-801b-e37443f2f4e5,  -6.239730, -55.468420,2026-08-27 04:34:00,NOAA-21,ITAITUBA,PARÁ,Brasil,1503606,15,33,,,,Amazônia,4.5
e535dd42-f509-376a-94cc-8c11d3ebc549,  -9.189400, -49.996940,2026-08-27 04:34:00,NOAA-21,SANTANA DO ARAGUAIA,PARÁ,Brasil,1506708,15,33,,,,Amazônia,1.4
78fdb0e2-30ae-3d6f-93da-02f29b98de37, -10.773650, -54.029680,2026-08-27 04:34:00,NOAA-21,MARCELÂNDIA,MATO GROSSO,Brasil,5105580,51,33,,,,Amazônia,1.6
9c03d61a-3496-3c9d-9d5d-8e670818d402, -12.218860, -50.602560,2026-08-27 04:34:00,NOAA-21,FORMOSO DO ARAGUAIA,TOCANTINS,Brasil,1708205,17,33,,,,Cerrado,21.7
a723fe89-a5d9-390e-bd6c-b4bcfd9fe37c,  -6.816780, -59.722870,2026-08-27 04:34:00,NOAA-21,APUÍ,AMAZONAS,Brasil,1300144,13,33,,,,Amazônia,3.1
632d6948-c0dc-3c73-b9ce-1ce2ef25748d,  -7.113120, -42.824980,2026-08-27 04:34:00,NOAA-21,NAZARÉ DO PIAUÍ,PIAUÍ,Brasil,2206704,22,33,,,,Caatinga,2.9
eedd60e3-e171-32b6-a2df-9314674aaf21,  -6.301160, -53.547970,2026-08-27 04:34:00,NOAA-21,ALTAMIRA,PARÁ,Brasil,1500602,15,33,,,,Amazônia,2.2
1ebdc2bf-57a6-3759-9f1e-53293c9a4783,  -9.371800, -48.692680,2026-08-27 04:34:00,NOAA-21,MIRANORTE,TOCANTINS,Brasil,1713304,17,33,,,,Cerrado,2.7
367d50c3-d20f-3fd8-9949-db49583255dd, -10.773040, -54.033210,2026-08-27 04:34:00,NOAA-21,MARCELÂNDIA,MATO GROSSO,Brasil,5105580,51,33,,,,Amazônia,3.8
e41aa2e3-36c6-32e2-8302-9df85fb0933a,  -7.104920, -42.823700,2026-08-27 04:34:00,NOAA-21,NAZARÉ DO PIAUÍ,PIAUÍ,Brasil,2206704,22,33,,,,Caatinga,1.7
965fd6d6-b157-33a0-bfe2-9c55b60551f8,  -7.458540, -43.114900,2026-08-27 04:34:00,NOAA-21,ITAUEIRA,PIAUÍ,Brasil,2205102,22,33,,,,Caatinga,1.6
ba6de50c-0f07-3c15-8a57-04e4774d387b,  -8.671260, -49.532100,2026-08-27 04:34:00,NOAA-21,CONCEIÇÃO DO ARAGUAIA,PARÁ,Brasil,1502707,15,33,,,,Amazônia,2.2
ea46d8f2-9d70-3546-ac6b-70e06801022e, -12.743760, -46.492060,2026-08-27 04:34:00,NOAA-21,LAVANDEIRA,TOCANTINS,Brasil,1712157,17,33,,,,Cerrado,1.8
b8f7ff5a-c631-3b2f-b540-7865d94b8d8e,  -6.645310, -58.500520,2026-08-27 04:34:00,NOAA-21,MAUÉS,AMAZONAS,Brasil,1302900,13,33,,,,Amazônia,2.3
6178a6e4-865a-333b-9e13-66cec5be35ba,  -8.832390, -49.612400,2026-08-27 04:34:00,NOAA-21,SANTA MARIA DAS BARREIRAS,PARÁ,Brasil,1506583,15,33,,,,Amazônia,1.5
9a7b5379-d59c-35d3-b783-3d631907204d, -10.387020, -61.205240,2026-08-27 04:34:00,NOAA-21,RONDOLÂNDIA,MATO GROSSO,Brasil,5107578,51,33,,,,Amazônia,4.3
8b08bfc6-a761-332b-901c-46abbd1b6d94,  -6.982930, -55.698760,2026-08-27 04:34:00,NOAA-21,NOVO PROGRESSO,PARÁ,Brasil,1505031,15,33,,,,Amazônia,2.5
cee411bb-57fb-3501-9293-7b2f766d8de5, -13.369280, -48.239380,2026-08-27 04:34:00,NOAA-21,MINAÇU,GOIÁS,Brasil,5213087,52,33,,,,Cerrado,6.6
85b57681-6e42-3803-b8c4-935794ea444d, -12.628150, -48.427400,2026-08-27 04:34:00,NOAA-21,SÃO SALVADOR DO TOCANTINS,TOCANTINS,Brasil,1720259,17,33,,,,Cerrado,1.2
1cdbaac6-0e21-31b9-b000-f52df8497aed,  -6.792430, -58.744690,2026-08-27 04:34:00,NOAA-21,MAUÉS,AMAZONAS,Brasil,1302900,13,33,,,,Amazônia,1.5
7ecd5315-394d-3b0b-9585-97c1693cdb84,  -9.499990, -56.917720,2026-08-27 04:34:00,NOAA-21,PARANAÍTA,MATO GROSSO,Brasil,5106299,51,33,,,,Amazônia,5.2
8ade540b-55e9-33ed-b314-bd7d55463cf5,  -9.457340, -51.701340,2026-08-27 04:34:00,NOAA-21,SÃO FÉLIX DO XINGU,PARÁ,Brasil,1507300,15,33,,,,Amazônia,3.4
659f4fa5-3399-3bc0-b6c7-cbdd2b19edf0,  -6.272480, -53.323370,2026-08-27 04:34:00,NOAA-21,ALTAMIRA,PARÁ,Brasil,1500602,15,33,,,,Amazônia,2.6
3b5d9aaf-db04-3581-b12a-7c1f08f373ef, -10.692570, -47.772910,2026-08-27 04:34:00,NOAA-21,PONTE ALTA DO TOCANTINS,TOCANTINS,Brasil,1717909,17,33,,,,Cerrado,0.9
645362e4-3fe8-3127-9847-82f7723c44a7,  -8.825710, -49.611330,2026-08-27 04:34:00,NOAA-21,SANTA MARIA DAS BARREIRAS,PARÁ,Brasil,1506583,15,33,,,,Amazônia,2.1
23302144-2f60-321e-ad6f-04b9aef85b89,  -8.785770, -50.036100,2026-08-27 04:34:00,NOAA-21,SANTA MARIA DAS BARREIRAS,PARÁ,Brasil,1506583,15,33,,,,Amazônia,1.7
1129824c-c110-3771-9da0-5279e812af36, -10.069090, -48.668330,2026-08-27 04:34:00,NOAA-21,MIRACEMA DO TOCANTINS,TOCANTINS,Brasil,1713205,17,33,,,,Cerrado,1.2
38a26344-fae2-3f95-8ea6-144f0e753b5b,  -8.823450, -49.625560,2026-08-27 04:34:00,NOAA-21,SANTA MARIA DAS BARREIRAS,PARÁ,Brasil,1506583,15,33,,,,Amazônia,1.2
958a979d-8e8e-397a-ae02-a95b02da7ae4,  -5.794020, -57.611340,2026-08-27 04:34:00,NOAA-21,JACAREACANGA,PARÁ,Brasil,1503754,15,33,,,,Amazônia,2.3
493b35c1-80fa-3202-9a4c-ed7f8228cf7e,  -5.866490, -51.722810,2026-08-27 04:34:00,NOAA-21,SÃO FÉLIX DO XINGU,PARÁ,Brasil,1507300,15,33,,,,Amazônia,3.0
f49b629d-1e33-3b74-a2bc-2e41e7a48c4d,  -9.227810, -51.550590,2026-08-27 04:34:00,NOAA-21,SÃO FÉLIX DO XINGU,PARÁ,Brasil,1507300,15,33,,,,Amazônia,1.4
64352029-e940-335e-9a07-0e1a9bacb314,  -8.799060, -50.049220,2026-08-27 04:34:00,NOAA-21,SANTA MARIA DAS BARREIRAS,PARÁ,Brasil,1506583,15,33,,,,Amazônia,3.5
a6bb1dca-f4de-39bd-9dc9-b7b2595194de,  -6.637310, -58.511850,2026-08-27 04:34:00,NOAA-21,MAUÉS,AMAZONAS,Brasil,1302900,13,33,,,,Amazônia,1.9
ff45907e-e09c-36a9-974a-019a4974cb1b,  -7.147960, -43.192140,2026-08-27 04:34:00,NOAA-21,FLORIANO,PIAUÍ,Brasil,2203909,22,33,,,,Caatinga,4.7
508b83ac-b6c7-31c6-bb62-97f9e2b763b7, -10.063010, -48.663800,2026-08-27 04:34:00,NOAA-21,MIRACEMA DO TOCANTINS,TOCANTINS,Brasil,1713205,17,33,,,,Cerrado,1.2
3623186a-91ff-3f65-8f4e-f9fcd46c8f85,  -7.370380, -55.162010,2026-08-27 04:34:00,NOAA-21,ALTAMIRA,PARÁ,Brasil,1500602,15,33,,,,Amazônia,3.7
c7882220-0e01-38ed-a7ff-9009ae5f7330, -13.384340, -48.207920,2026-08-27 04:34:00,NOAA-21,MINAÇU,GOIÁS,Brasil,5213087,52,33,,,,Cerrado,1.2
ae13e86b-4be9-3354-87d2-0a605fdf5ab4,  -8.009980, -51.805270,2026-08-27 04:34:00,NOAA-21,OURILÂNDIA DO NORTE,PARÁ,Brasil,1505437,15,33,,,,Amazônia,2.1
5704efb9-2829-3752-a171-707e3414ebcc,  -6.112370, -53.848200,2026-08-27 04:34:00,NOAA-21,ALTAMIRA,PARÁ,Brasil,1500602,15,33,,,,Amazônia,2.4
80266f5f-db56-3055-a407-1d452db0f040,  -6.764070, -55.683920,2026-08-27 04:34:00,NOAA-21,NOVO PROGRESSO,PARÁ,Brasil,1505031,15,33,,,,Amazônia,1.4
346fff36-d9e7-301c-8204-5e4c0747955b, -10.755760, -54.037480,2026-08-27 04:34:00,NOAA-21,MARCELÂNDIA,MATO GROSSO,Brasil,5105580,51,33,,,,Amazônia,6.3
f1d8c4be-d309-3650-8e40-e46e85099960, -10.761670, -53.980440,2026-08-27 04:34:00,NOAA-21,MARCELÂNDIA,MATO GROSSO,Brasil,5105580,51,33,,,,Amazônia,4.2
6f2ca25e-4a81-3b19-b896-4909c11e3d91,  -6.364690, -54.781910,2026-08-27 04:34:00,NOAA-21,ALTAMIRA,PARÁ,Brasil,1500602,15,33,,,,Amazônia,2.0
b62f8d8b-3c45-348b-860b-eb345f557b41,  -6.758540, -59.447090,2026-08-27 04:34:00,NOAA-21,APUÍ,AMAZONAS,Brasil,1300144,13,33,,,,Amazônia,2.6
e3639b19-5526-323d-8206-2026f64d36a3,  -9.736370, -45.973360,2026-08-27 04:34:00,NOAA-21,ALTO PARNAÍBA,MARANHÃO,Brasil,2100501,21,33,,,,Cerrado,1.4
ce51463e-eae1-399e-9019-7d2f1abf7d3f,  -7.300080, -43.029090,2026-08-27 04:34:00,NOAA-21,FLORIANO,PIAUÍ,Brasil,2203909,22,33,,,,Caatinga,1.4
012ca2de-de2b-3c12-b712-3f1f06a5b24e,  -8.943730, -50.715830,2026-08-27 04:34:00,NOAA-21,SANTA MARIA DAS BARREIRAS,PARÁ,Brasil,1506583,15,33,,,,Amazônia,2.8
0e034dce-80a5-3832-86c7-4fa3182b819f,  -9.355260, -48.690070,2026-08-27 04:34:00,NOAA-21,MIRANORTE,TOCANTINS,Brasil,1713304,17,33,,,,Cerrado,2.1
a9a639c8-4032-311e-8042-a46f9183bcd5, -12.039910, -47.171950,2026-08-27 04:34:00,NOAA-21,CONCEIÇÃO DO TOCANTINS,TOCANTINS,Brasil,1705607,17,33,,,,Cerrado,1.8
f9d25f7d-74cc-3f5e-b7f4-66bbe6eb430c,  -8.813600, -50.066470,2026-08-27 04:34:00,NOAA-21,SANTA MARIA DAS BARREIRAS,PARÁ,Brasil,1506583,15,33,,,,Amazônia,1.3
faa27d15-239c-386e-8040-385eef7f936f, -10.747110, -54.006980,2026-08-27 04:34:00,NOAA-21,MARCELÂNDIA,MATO GROSSO,Brasil,5105580,51,33,,,,Amazônia,2.2
d35a2d0b-e5e9-3d47-ba21-0ce28d5df374,  -6.310790, -53.541670,2026-08-27 04:34:00,NOAA-21,ALTAMIRA,PARÁ,Brasil,1500602,15,33,,,,Amazônia,4.1
0110070c-0c28-3575-988c-dadf54c2a648,  -8.525780, -55.299450,2026-08-27 04:34:00,NOAA-21,NOVO PROGRESSO,PARÁ,Brasil,1505031,15,33,,,,Amazônia,1.9
06c529b9-5cd3-3fee-bd24-102611b006ee, -12.217680, -50.609830,2026-08-27 04:34:00,NOAA-21,FORMOSO DO ARAGUAIA,TOCANTINS,Brasil,1708205,17,33,,,,Cerrado,3.7
aa914449-7aeb-3903-8879-3ca7d5395ee0,  -6.140120, -53.806720,2026-08-27 04:34:00,NOAA-21,ALTAMIRA,PARÁ,Brasil,1500602,15,33,,,,Amazônia,1.9
2e9b1ad3-988a-3c9e-b573-07681e783114, -10.775810, -53.993740,2026-08-27 04:34:00,NOAA-21,MARCELÂNDIA,MATO GROSSO,Brasil,5105580,51,33,,,,Amazônia,2.1
5e020a66-b291-3627-b9b7-b3f1805007ab,  -5.793400, -57.614940,2026-08-27 04:34:00,NOAA-21,JACAREACANGA,PARÁ,Brasil,1503754,15,33,,,,Amazônia,2.3
00a7db25-0b70-3cb9-8677-92990792c8f2, -11.493060, -45.110310,2026-08-27 04:34:00,NOAA-21,RIACHÃO DAS NEVES,BAHIA,Brasil,2926202,29,33,,,,Cerrado,2.7
6d366fe8-6487-3312-a2c1-40b4b3251a59, -11.199400, -55.047450,2026-08-27 04:34:00,NOAA-21,ITAÚBA,MATO GROSSO,Brasil,5104559,51,33,,,,Amazônia,2.1
bf51c22c-c5db-399a-8f77-ed2309f12065, -11.196580, -55.088830,2026-08-27 04:34:00,NOAA-21,ITAÚBA,MATO GROSSO,Brasil,5104559,51,33,,,,Amazônia,1.7
4a7e57d4-7ae2-363c-97f1-1e6950833d97,  -6.259690, -53.122660,2026-08-27 04:34:00,NOAA-21,SÃO FÉLIX DO XINGU,PARÁ,Brasil,1507300,15,33,,,,Amazônia,3.0
c16f98e3-7a96-357c-95bd-99b40cfcc1bf, -11.747360, -54.543050,2026-08-27 04:34:00,NOAA-21,UNIÃO DO SUL,MATO GROSSO,Brasil,5108303,51,33,,,,Amazônia,1.2
6cf6569d-7db7-3a61-bde0-4ec0d55bb60e,  -9.608230, -55.111640,2026-08-27 04:34:00,NOAA-21,NOVO MUNDO,MATO GROSSO,Brasil,5106265,51,33,,,,Amazônia,4.3
37438103-c96c-38c2-95bc-1cc0f31bc96e,  -7.377260, -55.149230,2026-08-27 04:34:00,NOAA-21,ALTAMIRA,PARÁ,Brasil,1500602,15,33,,,,Amazônia,5.3
1b4ef8dd-2e35-3628-a9d7-5c1f2f6190c3, -11.594460, -50.443990,2026-08-27 04:34:00,NOAA-21,FORMOSO DO ARAGUAIA,TOCANTINS,Brasil,1708205,17,33,,,,Cerrado,1.2
afe458fa-d4a1-3e05-b870-47280f32a8b4, -11.694710, -54.579620,2026-08-27 04:34:00,NOAA-21,UNIÃO DO SUL,MATO GROSSO,Brasil,5108303,51,33,,,,Amazônia,1.9
55f15745-4444-386b-af88-fd90734c9ea2, -13.326480, -48.214250,2026-08-27 04:34:00,NOAA-21,MINAÇU,GOIÁS,Brasil,5213087,52,33,,,,Cerrado,2.6
36d2d524-c643-3155-a38e-13d5febacc02,  -9.137680, -57.562200,2026-08-27 04:34:00,NOAA-21,APIACÁS,MATO GROSSO,Brasil,5100805,51,33,,,,Amazônia,0.8
46f3b8cb-3c3c-320b-914a-b77dcd96531e, -10.780140, -54.016180,2026-08-27 04:34:00,NOAA-21,MARCELÂNDIA,MATO GROSSO,Brasil,5105580,51,33,,,,Amazônia,1.3
b44950e9-2643-366c-a1dc-6580497f44ed, -10.759770, -54.038150,2026-08-27 04:34:00,NOAA-21,MARCELÂNDIA,MATO GROSSO,Brasil,5105580,51,33,,,,Amazônia,6.3
60d6d72d-a8c3-301f-a06b-7aba957bf1e8, -11.159160, -53.997580,2026-08-27 04:34:00,NOAA-21,MARCELÂNDIA,MATO GROSSO,Brasil,5105580,51,33,,,,Amazônia,2.2
1790f803-36a7-33a7-93cd-e2a1a59b2c61,  -7.606710, -47.291450,2026-08-27 04:34:00,NOAA-21,CAROLINA,MARANHÃO,Brasil,2102804,21,33,,,,Cerrado,2.5
5b78908f-7af0-383f-ae81-2013094f6195,  -8.778530, -50.016310,2026-08-27 04:34:00,NOAA-21,SANTA MARIA DAS BARREIRAS,PARÁ,Brasil,1506583,15,33,,,,Amazônia,2.0
24cb34cb-9c81-3368-a124-8c29fc2cfc60,  -9.353030, -48.682590,2026-08-27 04:34:00,NOAA-21,MIRANORTE,TOCANTINS,Brasil,1713304,17,33,,,,Cerrado,1.7
877e5734-171c-33b4-bb15-614538caef69, -10.945120, -49.588420,2026-08-27 04:34:00,NOAA-21,SANTA RITA DO TOCANTINS,TOCANTINS,Brasil,1718899,17,33,,,,Cerrado,1.4
eb0511b8-8957-33c2-99d6-ff68cd15dc1f,  -6.806070, -59.710980,2026-08-27 04:34:00,NOAA-21,APUÍ,AMAZONAS,Brasil,1300144,13,33,,,,Amazônia,4.6
fc95f032-a009-30ae-a25e-5d93a6aebe15, -13.328130, -48.203380,2026-08-27 04:34:00,NOAA-21,MINAÇU,GOIÁS,Brasil,5213087,52,33,,,,Cerrado,3.4
be5a26a2-bd06-3029-8af2-5fbe8c381860, -12.616970, -48.411060,2026-08-27 04:34:00,NOAA-21,SÃO SALVADOR DO TOCANTINS,TOCANTINS,Brasil,1720259,17,33,,,,Cerrado,2.4
83b0ce4f-a9ac-3fc6-a1e6-8a347e796fa3,  -7.643860, -47.137730,2026-08-27 04:34:00,NOAA-21,RIACHÃO,MARANHÃO,Brasil,2109502,21,33,,,,Cerrado,2.3
af53ce0d-975b-3ff9-af37-eef851f581ec,  -9.249910, -59.633880,2026-08-27 04:34:00,NOAA-21,COLNIZA,MATO GROSSO,Brasil,5103254,51,33,,,,Amazônia,2.2
80eafcf5-1634-3b17-aaea-ff39cbb3ace8,  -6.751970, -45.195040,2026-08-27 04:34:00,NOAA-21,MIRADOR,MARANHÃO,Brasil,2106706,21,33,,,,Cerrado,2.1
9bf8a8b0-c5e9-3d59-9a64-a763df35c256,  -7.070450, -59.226920,2026-08-27 04:34:00,NOAA-21,APUÍ,AMAZONAS,Brasil,1300144,13,33,,,,Amazônia,2.2
a8b1b1b3-129b-382d-9a7d-2093af73b9ba,  -8.115390, -51.668550,2026-08-27 04:34:00,NOAA-21,OURILÂNDIA DO NORTE,PARÁ,Brasil,1505437,15,33,,,,Amazônia,2.5
0d476bc4-12e3-3dd5-9701-d95e636a4439, -11.155180, -53.996890,2026-08-27 04:34:00,NOAA-21,MARCELÂNDIA,MATO GROSSO,Brasil,5105580,51,33,,,,Amazônia,2.2
ace9928b-a9b9-3cca-b1e3-aa8ef59e72ad,  -6.221540, -53.476750,2026-08-27 04:34:00,NOAA-21,ALTAMIRA,PARÁ,Brasil,1500602,15,33,,,,Amazônia,1.4
20860960-9d45-3afa-9eca-3047cdeb332b,  -6.301800, -53.544160,2026-08-27 04:34:00,NOAA-21,ALTAMIRA,PARÁ,Brasil,1500602,15,33,,,,Amazônia,1.9
238f2724-13e5-35ab-83d7-42f3ab95f913,  -6.198640, -45.918800,2026-08-27 04:34:00,NOAA-21,GRAJAÚ,MARANHÃO,Brasil,2104800,21,33,,,,Cerrado,1.0
153b4787-63b2-32d4-9588-f8cb50c5c381,  -7.457640, -43.115730,2026-08-27 04:34:00,NOAA-21,ITAUEIRA,PIAUÍ,Brasil,2205102,22,33,,,,Caatinga,1.5
6be04cc4-5785-3d21-a3b4-807851965686, -11.745810, -54.527600,2026-08-27 04:34:00,NOAA-21,UNIÃO DO SUL,MATO GROSSO,Brasil,5108303,51,33,,,,Amazônia,1.0
e28ffd4a-a547-3f92-85de-28e12f5de6e9,  -7.374670, -45.995630,2026-08-27 04:34:00,NOAA-21,BALSAS,MARANHÃO,Brasil,2101400,21,33,,,,Cerrado,2.8
abc8fd7f-dd4c-37a8-a203-15a9bdc53131, -10.371350, -45.060540,2026-08-27 04:34:00,NOAA-21,CORRENTE,PIAUÍ,Brasil,2202901,22,33,,,,Cerrado,17.1
9d929539-9ff2-3bc1-8e5a-41d9fede934f,  -6.188900, -45.913540,2026-08-27 04:34:00,NOAA-21,GRAJAÚ,MARANHÃO,Brasil,2104800,21,33,,,,Cerrado,1.0
b2a96954-258b-3543-8495-635840574ad9,  -6.625710, -58.509960,2026-08-27 04:34:00,NOAA-21,MAUÉS,AMAZONAS,Brasil,1302900,13,33,,,,Amazônia,2.6
8f91c763-10f1-3743-9bb9-a04f579d8093, -13.328850, -48.210490,2026-08-27 04:34:00,NOAA-21,MINAÇU,GOIÁS,Brasil,5213087,52,33,,,,Cerrado,3.7
ada30f2b-fb93-3a9c-8187-7e7441a5b153,  -8.830740, -49.601200,2026-08-27 04:34:00,NOAA-21,SANTA MARIA DAS BARREIRAS,PARÁ,Brasil,1506583,15,33,,,,Amazônia,1.4
dee6ed29-7ae1-3814-8322-4c572cb6a820, -13.880140, -43.798650,2026-08-27 04:34:00,NOAA-21,CARINHANHA,BAHIA,Brasil,2907103,29,33,,,,Cerrado,1.1
4851dee5-a5f2-3264-b87e-d4f707e4d47c,  -6.814110, -59.737790,2026-08-27 04:34:00,NOAA-21,APUÍ,AMAZONAS,Brasil,1300144,13,33,,,,Amazônia,2.1
e7f7c684-35e6-3032-acab-d13cd51a3089,  -8.543130, -54.779990,2026-08-27 04:34:00,NOAA-21,ALTAMIRA,PARÁ,Brasil,1500602,15,33,,,,Amazônia,1.5
817a39d8-31fe-325d-bbfb-32e4c34a9dc8,  -9.224940, -51.545850,2026-08-27 04:34:00,NOAA-21,SÃO FÉLIX DO XINGU,PARÁ,Brasil,1507300,15,33,,,,Amazônia,1.8
cb3ec625-e539-39d8-bc14-f05c9320d96f, -12.034160, -47.163280,2026-08-27 04:34:00,NOAA-21,CONCEIÇÃO DO TOCANTINS,TOCANTINS,Brasil,1705607,17,33,,,,Cerrado,1.5
0ab4946d-e12a-37f8-b094-7a03e7d6be96,  -6.281010, -53.374410,2026-08-27 04:34:00,NOAA-21,ALTAMIRA,PARÁ,Brasil,1500602,15,33,,,,Amazônia,1.3
5808481e-4938-3e58-99d2-d20fb3a8e9e8, -10.782600, -54.002100,2026-08-27 04:34:00,NOAA-21,MARCELÂNDIA,MATO GROSSO,Brasil,5105580,51,33,,,,Amazônia,1.1
d474ca8a-c1fc-319c-a368-9135b7f0635f, -11.755220, -54.521660,2026-08-27 04:34:00,NOAA-21,UNIÃO DO SUL,MATO GROSSO,Brasil,5108303,51,33,,,,Amazônia,0.9
3e0251d1-e9a2-3f97-bbc1-e78a3c92c653,  -7.100810, -42.823070,2026-08-27 04:34:00,NOAA-21,NAZARÉ DO PIAUÍ,PIAUÍ,Brasil,2206704,22,33,,,,Caatinga,1.7
f1c14996-46b3-3224-bffd-37ae270804e3,  -9.971960, -53.943290,2026-08-27 04:34:00,NOAA-21,PEIXOTO DE AZEVEDO,MATO GROSSO,Brasil,5106422,51,33,,,,Amazônia,6.3
a6791a6b-a3e3-33fd-b9d6-28fbc4ed1eda, -10.751720, -54.004100,2026-08-27 04:34:00,NOAA-21,MARCELÂNDIA,MATO GROSSO,Brasil,5105580,51,33,,,,Amazônia,1.7
2bf2c317-903c-390d-a5b1-2f8e1ccd78fa,  -9.226400, -51.559040,2026-08-27 04:34:00,NOAA-21,SÃO FÉLIX DO XINGU,PARÁ,Brasil,1507300,15,33,,,,Amazônia,1.2
7532b9cf-a927-3f80-aadd-8314c88a46fd, -10.169340, -46.844540,2026-08-27 04:34:00,NOAA-21,SÃO FÉLIX DO TOCANTINS,TOCANTINS,Brasil,1720150,17,33,,,,Cerrado,1.0
670e53a4-1068-3ad1-96f5-3177f6c60710, -13.476890, -44.039090,2026-08-27 04:34:00,NOAA-21,SÃO FÉLIX DO CORIBE,BAHIA,Brasil,2929057,29,33,,,,Cerrado,2.1
d991d5e9-2f39-3cf3-8a00-f2e481a5b13a,  -7.427800, -48.162950,2026-08-27 04:34:00,NOAA-21,ARAGUAÍNA,TOCANTINS,Brasil,1702109,17,33,,,,Cerrado,1.1
8eca1739-bc81-3664-8f9c-01de8a6563d6,  -9.410550, -51.635460,2026-08-27 04:34:00,NOAA-21,SÃO FÉLIX DO XINGU,PARÁ,Brasil,1507300,15,33,,,,Amazônia,2.7
ade30dd4-a155-33f7-9129-e95ca08309b7,  -6.305020, -53.576020,2026-08-27 04:34:00,NOAA-21,ALTAMIRA,PARÁ,Brasil,1500602,15,33,,,,Amazônia,1.8
8480af89-4d20-3ca8-8f55-fa6ea9cb9bb3, -10.923830, -50.238040,2026-08-27 04:34:00,NOAA-21,LAGOA DA CONFUSÃO,TOCANTINS,Brasil,1711902,17,33,,,,Cerrado,0.7
d60c373e-ada6-3746-af55-dadb94f86365,  -6.648940, -58.513550,2026-08-27 04:34:00,NOAA-21,MAUÉS,AMAZONAS,Brasil,1302900,13,33,,,,Amazônia,1.6
0dfefa04-5607-3865-b9ce-926d79ccdab5,  -6.276890, -53.373720,2026-08-27 04:34:00,NOAA-21,ALTAMIRA,PARÁ,Brasil,1500602,15,33,,,,Amazônia,1.3
feaa2c5d-9834-337c-8edc-60780da35f61,  -6.225710, -53.477370,2026-08-27 04:34:00,NOAA-21,ALTAMIRA,PARÁ,Brasil,1500602,15,33,,,,Amazônia,1.5
9efce733-10d0-322d-a73f-cef8769ba774, -10.783520, -54.020470,2026-08-27 04:34:00,NOAA-21,MARCELÂNDIA,MATO GROSSO,Brasil,5105580,51,33,,,,Amazônia,1.8
bdeb5611-079b-38b6-8b15-cd2cf87c8406, -11.743280, -54.542330,2026-08-27 04:34:00,NOAA-21,UNIÃO DO SUL,MATO GROSSO,Brasil,5108303,51,33,,,,Amazônia,2.4
d25e48d5-77ba-3bed-afd4-713e11ca224b,  -7.277730, -49.937370,2026-08-27 04:34:00,NOAA-21,RIO MARIA,PARÁ,Brasil,1506161,15,33,,,,Amazônia,1.5
42eaa257-2006-3a20-8897-0bdf458393df,  -9.222030, -51.541360,2026-08-27 04:34:00,NOAA-21,SÃO FÉLIX DO XINGU,PARÁ,Brasil,1507300,15,33,,,,Amazônia,1.8
d98090a3-3989-37b2-b550-0c77e5543536,  -9.343110, -48.681020,2026-08-27 04:34:00,NOAA-21,MIRANORTE,TOCANTINS,Brasil,1713304,17,33,,,,Cerrado,1.9
feba55af-b3ce-336a-9dae-8b556cff296b, -10.770890, -53.974830,2026-08-27 04:34:00,NOAA-21,MARCELÂNDIA,MATO GROSSO,Brasil,5105580,51,33,,,,Amazônia,3.8
c0490f14-a2d4-372f-a749-fbe1a25c66ad,  -6.150740, -57.941810,2026-08-27 04:34:00,NOAA-21,JACAREACANGA,PARÁ,Brasil,1503754,15,33,,,,Amazônia,3.5
d74fcc29-9548-32d1-9faf-2b7fdc26bb1a,  -8.820810, -50.086290,2026-08-27 04:34:00,NOAA-21,SANTA MARIA DAS BARREIRAS,PARÁ,Brasil,1506583,15,33,,,,Amazônia,1.3
720bdcb4-17d3-3526-882c-1b65b13df52b, -11.251770, -47.078880,2026-08-27 04:34:00,NOAA-21,ALMAS,TOCANTINS,Brasil,1700400,17,33,,,,Cerrado,3.1
93796f84-8326-3216-8950-2a3a1d958cac,  -8.094420, -51.682470,2026-08-27 04:34:00,NOAA-21,OURILÂNDIA DO NORTE,PARÁ,Brasil,1505437,15,33,,,,Amazônia,1.9
b8ac6b50-f02c-31e3-9f09-23e9135f551d,  -6.427930, -54.938640,2026-08-27 04:34:00,NOAA-21,ALTAMIRA,PARÁ,Brasil,1500602,15,33,,,,Amazônia,3.0
721dc02f-8eeb-3784-9cfd-93cfdba6eba8,  -6.280410, -53.378110,2026-08-27 04:34:00,NOAA-21,ALTAMIRA,PARÁ,Brasil,1500602,15,33,,,,Amazônia,1.3
f33cc888-cd6e-3cca-be56-41314bce618f,  -6.763170, -55.689220,2026-08-27 04:34:00,NOAA-21,NOVO PROGRESSO,PARÁ,Brasil,1505031,15,33,,,,Amazônia,2.2
0c64a4cf-7b30-3683-8dea-c61da13eb098,  -8.779110, -50.012670,2026-08-27 04:34:00,NOAA-21,SANTA MARIA DAS BARREIRAS,PARÁ,Brasil,1506583,15,33,,,,Amazônia,2.0
153d743e-cf1b-333c-a0f9-23e7011435cd,  -9.967310, -53.946180,2026-08-27 04:34:00,NOAA-21,PEIXOTO DE AZEVEDO,MATO GROSSO,Brasil,5106422,51,33,,,,Amazônia,6.3
bb7c63ef-80f0-3a33-b495-f777d13a0473, -11.157970, -54.004500,2026-08-27 04:34:00,NOAA-21,MARCELÂNDIA,MATO GROSSO,Brasil,5105580,51,33,,,,Amazônia,1.6
55b86edd-3452-3dd9-9d6c-fb7d3be703e9,  -7.058640, -44.913840,2026-08-27 04:34:00,NOAA-21,SÃO FÉLIX DE BALSAS,MARANHÃO,Brasil,2110807,21,33,,,,Cerrado,1.8
e7038955-b986-380b-a329-9a78ccbdbd4d, -13.369820, -48.235790,2026-08-27 04:34:00,NOAA-21,MINAÇU,GOIÁS,Brasil,5213087,52,33,,,,Cerrado,3.2
9f6f1f1c-3305-3cc2-8b0e-7ecd7cfda537,  -8.799440, -49.993600,2026-08-27 04:34:00,NOAA-21,SANTA MARIA DAS BARREIRAS,PARÁ,Brasil,1506583,15,33,,,,Amazônia,4.8
778450c7-1e8a-3312-89a9-d17c547d4b2d, -10.774270, -54.026130,2026-08-27 04:34:00,NOAA-21,MARCELÂNDIA,MATO GROSSO,Brasil,5105580,51,33,,,,Amazônia,1.6
8af10b18-f174-362b-9e8f-f0a571bb6a4a, -11.771920, -54.520770,2026-08-27 04:34:00,NOAA-21,UNIÃO DO SUL,MATO GROSSO,Brasil,5108303,51,33,,,,Amazônia,1.8
29b63371-2bde-3ba7-a2f0-5cff6c5bd980, -11.197870, -54.001070,2026-08-27 04:34:00,NOAA-21,MARCELÂNDIA,MATO GROSSO,Brasil,5105580,51,33,,,,Amazônia,1.2
6a382a47-8ee3-3d6d-b758-62bc5c5cf1aa,  -8.798700, -50.041900,2026-08-27 04:34:00,NOAA-21,SANTA MARIA DAS BARREIRAS,PARÁ,Brasil,1506583,15,33,,,,Amazônia,3.6
349c9cc8-a77e-30e5-8583-e3fe834926ff,  -9.407650, -51.630720,2026-08-27 04:34:00,NOAA-21,SÃO FÉLIX DO XINGU,PARÁ,Brasil,1507300,15,33,,,,Amazônia,7.1
1de623e4-c5e3-3f6b-9570-8f98c02b207a,  -8.155520, -46.188250,2026-08-27 04:34:00,NOAA-21,BALSAS,MARANHÃO,Brasil,2101400,21,33,,,,Cerrado,2.4
087e49a0-490b-3bf3-b4d3-1cd4bfb18dbb, -13.327230, -48.221220,2026-08-27 04:34:00,NOAA-21,MINAÇU,GOIÁS,Brasil,5213087,52,33,,,,Cerrado,3.7
c02c8050-bfac-3149-84d4-4da16202ffc2,  -9.731890, -49.323350,2026-08-27 04:34:00,NOAA-21,DIVINÓPOLIS DO TOCANTINS,TOCANTINS,Brasil,1707108,17,33,,,,Cerrado,0.7
a69631a8-7bd5-3200-acb3-81d6b3f1e3db,  -8.030550, -51.817300,2026-08-27 04:34:00,NOAA-21,OURILÂNDIA DO NORTE,PARÁ,Brasil,1505437,15,33,,,,Amazônia,1.6
5f6f00b8-6d8c-38e4-a700-3e3777a5c029,  -8.567900, -54.822020,2026-08-27 04:34:00,NOAA-21,ALTAMIRA,PARÁ,Brasil,1500602,15,33,,,,Amazônia,2.4
05985ec7-7be9-3eae-a316-f7ba0310b556, -10.764120, -53.966510,2026-08-27 04:34:00,NOAA-21,MARCELÂNDIA,MATO GROSSO,Brasil,5105580,51,33,,,,Amazônia,1.3
a350d6d0-ad6a-3f29-882c-8acc67ac98e2, -12.606580, -47.899980,2026-08-27 04:34:00,NOAA-21,PARANÃ,TOCANTINS,Brasil,1716208,17,33,,,,Cerrado,2.2
a351d1b1-3433-3001-94af-8e191c0cb20e,  -6.277500, -53.370010,2026-08-27 04:34:00,NOAA-21,ALTAMIRA,PARÁ,Brasil,1500602,15,33,,,,Amazônia,1.5
5166cab3-57e5-3729-be04-cb72d969f9f4,  -6.646040, -58.496490,2026-08-27 04:34:00,NOAA-21,MAUÉS,AMAZONAS,Brasil,1302900,13,33,,,,Amazônia,1.9
05c17b23-6102-3fef-9eb2-55499c57848e,  -6.170550, -57.794450,2026-08-27 04:34:00,NOAA-21,JACAREACANGA,PARÁ,Brasil,1503754,15,33,,,,Amazônia,1.4
1a88e980-660a-39f0-b788-ce2a7c0e5080,  -8.880270, -45.992600,2026-08-27 04:34:00,NOAA-21,ALTO PARNAÍBA,MARANHÃO,Brasil,2100501,21,33,,,,Cerrado,1.8
27c4aaa2-f9b7-3371-bae0-464c99a3be7b,  -6.299550, -53.583030,2026-08-27 04:34:00,NOAA-21,ALTAMIRA,PARÁ,Brasil,1500602,15,33,,,,Amazônia,1.3
bec0bd5a-034a-399a-85a8-54259af1328d,  -6.655990, -43.900160,2026-08-27 04:34:00,NOAA-21,NOVA IORQUE,MARANHÃO,Brasil,2107308,21,33,,,,Cerrado,1.9
4821ddc4-b782-3d6a-9662-5fea84cdcaaa, -13.323130, -48.213650,2026-08-27 04:34:00,NOAA-21,MINAÇU,GOIÁS,Brasil,5213087,52,33,,,,Cerrado,2.6
f6782611-6bcb-3826-b605-124ddf7cd4fb, -11.738570, -54.545270,2026-08-27 04:34:00,NOAA-21,UNIÃO DO SUL,MATO GROSSO,Brasil,5108303,51,33,,,,Amazônia,2.4
7ea9de1d-5bf1-3267-8b09-046443d3c577, -10.762880, -54.020480,2026-08-27 04:34:00,NOAA-21,MARCELÂNDIA,MATO GROSSO,Brasil,5105580,51,33,,,,Amazônia,1.2
e3d36f41-663a-3456-aa43-8ac69eab735f,  -6.960500, -45.227730,2026-08-27 04:34:00,NOAA-21,LORETO,MARANHÃO,Brasil,2106102,21,33,,,,Cerrado,1.4
6935b926-37f7-3391-ba4d-b62d8b2a20ed, -10.761630, -54.027610,2026-08-27 04:34:00,NOAA-21,MARCELÂNDIA,MATO GROSSO,Brasil,5105580,51,33,,,,Amazônia,1.5
c73edfd2-88a8-377d-8e80-4b472f6d9ef3,  -9.409880, -51.639600,2026-08-27 04:34:00,NOAA-21,SÃO FÉLIX DO XINGU,PARÁ,Brasil,1507300,15,33,,,,Amazônia,4.3
68fd218b-60c4-3297-b66b-46c9ac3165f6,  -6.814370, -59.725290,2026-08-27 04:34:00,NOAA-21,APUÍ,AMAZONAS,Brasil,1300144,13,33,,,,Amazônia,3.0
5094bdbe-64ba-37de-92c1-d06b44bba64e,  -9.383400, -48.705220,2026-08-27 04:34:00,NOAA-21,MIRANORTE,TOCANTINS,Brasil,1713304,17,33,,,,Cerrado,4.7
602395dc-1dc7-3049-8121-4c76e7a6fe80,  -7.273890, -45.358010,2026-08-27 04:34:00,NOAA-21,LORETO,MARANHÃO,Brasil,2106102,21,33,,,,Cerrado,9.8
8c736125-23d2-3a8c-875f-46c1a8c713e0,  -6.215630, -53.589460,2026-08-27 04:34:00,NOAA-21,ALTAMIRA,PARÁ,Brasil,1500602,15,33,,,,Amazônia,1.2
5364def5-c53f-3753-a3b9-d00bf3596982, -10.065780, -48.667800,2026-08-27 04:34:00,NOAA-21,MIRACEMA DO TOCANTINS,TOCANTINS,Brasil,1713205,17,33,,,,Cerrado,1.2
f1eb14a3-9bc2-3751-885a-44a5efb0b7b8, -12.195940, -50.595050,2026-08-27 04:34:00,NOAA-21,FORMOSO DO ARAGUAIA,TOCANTINS,Brasil,1708205,17,33,,,,Cerrado,3.8
3e52e990-e587-3a41-96bd-adf7732126af,  -6.501090, -51.441650,2026-08-27 04:34:00,NOAA-21,SÃO FÉLIX DO XINGU,PARÁ,Brasil,1507300,15,33,,,,Amazônia,1.9
dd59763c-cac3-3acf-8b27-79411df14b9f,  -7.105530, -42.789910,2026-08-27 04:34:00,NOAA-21,NAZARÉ DO PIAUÍ,PIAUÍ,Brasil,2206704,22,33,,,,Caatinga,1.2
e479f811-42fa-382c-9519-971977113488,  -6.942540, -52.796040,2026-08-27 04:34:00,NOAA-21,SÃO FÉLIX DO XINGU,PARÁ,Brasil,1507300,15,33,,,,Amazônia,1.8
ba354d56-e37f-3262-b57f-6b24edfa412f,  -7.772280, -46.147170,2026-08-27 04:34:00,NOAA-21,BALSAS,MARANHÃO,Brasil,2101400,21,33,,,,Cerrado,1.3
d4e5dab0-6898-3005-a37a-870c59eb1e7e,  -9.168160, -49.978700,2026-08-27 04:34:00,NOAA-21,SANTANA DO ARAGUAIA,PARÁ,Brasil,1506708,15,33,,,,Amazônia,1.2
e4ff053a-fee9-3065-8433-833ab2d1f150,  -6.149540, -59.932590,2026-08-27 04:34:00,NOAA-21,NOVO ARIPUANÃ,AMAZONAS,Brasil,1303304,13,33,,,,Amazônia,2.3
24bd9291-52aa-340c-bfbc-14b9ac01c14c,  -5.848230, -57.756810,2026-08-27 04:34:00,NOAA-21,JACAREACANGA,PARÁ,Brasil,1503754,15,33,,,,Amazônia,1.5
c3530b77-e6df-3b53-8c7f-a9d18fcb9b09,  -8.793770, -50.007560,2026-08-27 04:34:00,NOAA-21,SANTA MARIA DAS BARREIRAS,PARÁ,Brasil,1506583,15,33,,,,Amazônia,2.5
c23f8a05-07f0-36ac-807c-76df7fc0d875,  -9.382810, -48.687290,2026-08-27 04:34:00,NOAA-21,MIRANORTE,TOCANTINS,Brasil,1713304,17,33,,,,Cerrado,1.2
1cd046c6-e08f-3324-8de3-19187974ea23, -10.761010, -54.031140,2026-08-27 04:34:00,NOAA-21,MARCELÂNDIA,MATO GROSSO,Brasil,5105580,51,33,,,,Amazônia,15.3
0b1300d2-83da-353a-8268-78940131f632,  -6.933890, -58.948330,2026-08-27 04:34:00,NOAA-21,APUÍ,AMAZONAS,Brasil,1300144,13,33,,,,Amazônia,4.0
043a1886-9834-3f4a-a320-3711f17d4a36, -10.019420, -46.412570,2026-08-27 04:34:00,NOAA-21,ALTO PARNAÍBA,MARANHÃO,Brasil,2100501,21,33,,,,Cerrado,1.0
c18a3e20-2cbf-336f-8519-542ee12bd48e, -10.135970, -45.710180,2026-08-27 04:34:00,NOAA-21,BARREIRAS DO PIAUÍ,PIAUÍ,Brasil,2201309,22,33,,,,Cerrado,2.6
33cca18f-1046-351c-8726-688978166242,  -6.765320, -59.445200,2026-08-27 04:34:00,NOAA-21,APUÍ,AMAZONAS,Brasil,1300144,13,33,,,,Amazônia,1.2
8f1faf60-8cc3-332f-bef1-0ae476100f3d,  -6.271550, -53.380410,2026-08-27 04:34:00,NOAA-21,ALTAMIRA,PARÁ,Brasil,1500602,15,33,,,,Amazônia,1.0
24e7c448-cdc0-36e4-80da-cd7341db2bb2, -11.496830, -45.110920,2026-08-27 04:34:00,NOAA-21,RIACHÃO DAS NEVES,BAHIA,Brasil,2926202,29,33,,,,Cerrado,2.3
ebf27f27-21ab-3667-8ab8-bb9de3791baa,  -8.940260, -50.715370,2026-08-27 04:34:00,NOAA-21,SANTA MARIA DAS BARREIRAS,PARÁ,Brasil,1506583,15,33,,,,Amazônia,1.2
5f5ae38c-b980-3e7b-8f2a-edbdb469fb9b,  -7.754680, -44.737870,2026-08-27 04:34:00,NOAA-21,URUÇUÍ,PIAUÍ,Brasil,2211209,22,33,,,,Cerrado,7.8
1bd9d4f4-b705-3e3d-9796-473ea14a8236,  -8.783550, -50.028290,2026-08-27 04:34:00,NOAA-21,SANTA MARIA DAS BARREIRAS,PARÁ,Brasil,1506583,15,33,,,,Amazônia,1.5
b5d28328-1966-3373-be4d-fac8917736fa,  -7.094690, -42.807200,2026-08-27 04:34:00,NOAA-21,NAZARÉ DO PIAUÍ,PIAUÍ,Brasil,2206704,22,33,,,,Caatinga,3.5
acdcea66-5c02-3f9f-9613-a3bdc3ef4533, -12.424000, -42.892640,2026-08-27 04:34:00,NOAA-21,OLIVEIRA DOS BREJINHOS,BAHIA,Brasil,2923209,29,33,,,,Caatinga,2.0
7f8d138a-b5a5-34cb-be3d-6e5572b84138,  -8.815230, -50.077920,2026-08-27 04:34:00,NOAA-21,SANTA MARIA DAS BARREIRAS,PARÁ,Brasil,1506583,15,33,,,,Amazônia,2.3
415a2344-79ac-3dd9-a74e-7d8018e78f04, -12.212140, -50.601450,2026-08-27 04:34:00,NOAA-21,FORMOSO DO ARAGUAIA,TOCANTINS,Brasil,1708205,17,33,,,,Cerrado,15.8
8f12638c-c654-3c5b-a39f-8fe64acd3f28,  -9.472190, -51.767810,2026-08-27 04:34:00,NOAA-21,SÃO FÉLIX DO XINGU,PARÁ,Brasil,1507300,15,33,,,,Amazônia,3.3
cc10ac0a-5dc4-3ba7-884b-d9e4d7ac5e10, -11.005340, -49.659560,2026-08-27 04:34:00,NOAA-21,SANTA RITA DO TOCANTINS,TOCANTINS,Brasil,1718899,17,33,,,,Cerrado,0.7
82fa701d-ad10-3bc4-8647-3dfb8d19511b,  -6.498000, -51.438220,2026-08-27 04:34:00,NOAA-21,SÃO FÉLIX DO XINGU,PARÁ,Brasil,1507300,15,33,,,,Amazônia,1.2
ad54f330-2d47-36f7-894a-00cc99dcb62f,  -6.264360, -53.119700,2026-08-27 04:34:00,NOAA-21,SÃO FÉLIX DO XINGU,PARÁ,Brasil,1507300,15,33,,,,Amazônia,2.5
c71ac5f8-6fbe-3551-816e-55befd13b99d,  -7.381680, -55.178590,2026-08-27 04:34:00,NOAA-21,ALTAMIRA,PARÁ,Brasil,1500602,15,33,,,,Amazônia,4.0
089f5d56-0071-369c-9c05-51f6450366b3,  -8.243150, -54.998730,2026-08-27 04:34:00,NOAA-21,ALTAMIRA,PARÁ,Brasil,1500602,15,33,,,,Amazônia,4.8
a3ba0d09-979b-30d1-a68e-2f61916d827d, -13.331130, -48.218230,2026-08-27 04:34:00,NOAA-21,MINAÇU,GOIÁS,Brasil,5213087,52,33,,,,Cerrado,3.7
98ee6a66-54ef-354f-9714-fa4d46d5808f,  -6.321920, -54.732210,2026-08-27 04:34:00,NOAA-21,ALTAMIRA,PARÁ,Brasil,1500602,15,33,,,,Amazônia,2.8
8c56c41a-dc0d-3308-826f-cb54f51cca1f,  -7.521150, -61.387220,2026-08-27 04:34:00,NOAA-21,MANICORÉ,AMAZONAS,Brasil,1302702,13,33,,,,Amazônia,3.9
ba6f979b-6d68-3187-99c8-baea3c1184c3,  -9.732440, -49.319840,2026-08-27 04:34:00,NOAA-21,DIVINÓPOLIS DO TOCANTINS,TOCANTINS,Brasil,1707108,17,33,,,,Cerrado,0.7
5f84325c-731b-32ca-bf20-8df5e4a7bc06, -11.154590, -54.000340,2026-08-27 04:34:00,NOAA-21,MARCELÂNDIA,MATO GROSSO,Brasil,5105580,51,33,,,,Amazônia,1.6
987eca53-758d-377f-9e57-b0c2392017e4,  -8.108720, -45.508590,2026-08-27 04:34:00,NOAA-21,RIBEIRO GONÇALVES,PIAUÍ,Brasil,2208908,22,33,,,,Cerrado,0.9
9e616714-97f4-33f7-b7f0-731f4474cbca, -13.327770, -48.217660,2026-08-27 04:34:00,NOAA-21,MINAÇU,GOIÁS,Brasil,5213087,52,33,,,,Cerrado,3.7
4110bf7f-2e58-3617-aeec-67484860b087,  -7.393990, -55.161460,2026-08-27 04:34:00,NOAA-21,ALTAMIRA,PARÁ,Brasil,1500602,15,33,,,,Amazônia,2.3
c58bbafa-b3e4-3ed3-b8da-5bea93e11841,  -6.778390, -59.442840,2026-08-27 04:34:00,NOAA-21,APUÍ,AMAZONAS,Brasil,1300144,13,33,,,,Amazônia,2.2
cc75acaf-d211-3c45-9022-f569f648af0a, -10.767800, -54.039540,2026-08-27 04:34:00,NOAA-21,MARCELÂNDIA,MATO GROSSO,Brasil,5105580,51,33,,,,Amazônia,3.2
ef2da1a5-bf24-3dce-ac04-d96e20414ae5,  -9.213560, -51.548300,2026-08-27 04:34:00,NOAA-21,SÃO FÉLIX DO XINGU,PARÁ,Brasil,1507300,15,33,,,,Amazônia,5.1
11af94e1-b809-350c-a4e4-008113c94197,  -6.264060, -55.416980,2026-08-27 04:34:00,NOAA-21,ITAITUBA,PARÁ,Brasil,1503606,15,33,,,,Amazônia,2.0
df908339-3525-3bbe-bb39-53e4cfff8771,  -7.152470, -43.189260,2026-08-27 04:34:00,NOAA-21,FLORIANO,PIAUÍ,Brasil,2203909,22,33,,,,Caatinga,4.7
3dcf8087-9925-3772-b978-d40537451c89,  -7.291900, -49.935970,2026-08-27 04:34:00,NOAA-21,RIO MARIA,PARÁ,Brasil,1506161,15,33,,,,Amazônia,2.7
ea6038fa-7ecc-344f-b680-b904fc9c99cf, -10.773660, -53.982520,2026-08-27 04:34:00,NOAA-21,MARCELÂNDIA,MATO GROSSO,Brasil,5105580,51,33,,,,Amazônia,2.8
55fd12dc-2d10-37b7-8162-d52360df3361,  -9.229170, -51.542380,2026-08-27 04:34:00,NOAA-21,SÃO FÉLIX DO XINGU,PARÁ,Brasil,1507300,15,33,,,,Amazônia,1.2
ec37394f-d3ed-3e83-92e8-d6940282b2fa,  -6.427130, -54.943390,2026-08-27 04:34:00,NOAA-21,ALTAMIRA,PARÁ,Brasil,1500602,15,33,,,,Amazônia,3.0
0791c1ba-b62d-3da5-a99a-3554c57e6402,  -8.111760, -51.667940,2026-08-27 04:34:00,NOAA-21,OURILÂNDIA DO NORTE,PARÁ,Brasil,1505437,15,33,,,,Amazônia,2.5
6c40f408-59f6-3c04-be6a-5261fc587bc0,  -9.480730, -51.760620,2026-08-27 04:34:00,NOAA-21,SÃO FÉLIX DO XINGU,PARÁ,Brasil,1507300,15,33,,,,Amazônia,1.2
b698c912-f10f-3c46-a619-511a981520a3,  -8.822880, -49.629110,2026-08-27 04:34:00,NOAA-21,SANTA MARIA DAS BARREIRAS,PARÁ,Brasil,1506583,15,33,,,,Amazônia,1.3
00da9bae-00f2-3197-81b6-40835c098241,  -7.857190, -46.306650,2026-08-27 04:34:00,NOAA-21,BALSAS,MARANHÃO,Brasil,2101400,21,33,,,,Cerrado,1.8
da47c967-6ff6-3bed-abe5-269f2d927228,  -9.183050, -58.319300,2026-08-27 04:34:00,NOAA-21,NOVA BANDEIRANTES,MATO GROSSO,Brasil,5106158,51,33,,,,Amazônia,4.4
051084c3-e66c-3188-9848-bb741b719cb8,  -8.112250, -45.484650,2026-08-27 04:34:00,NOAA-21,RIBEIRO GONÇALVES,PIAUÍ,Brasil,2208908,22,33,,,,Cerrado,3.3
755ce58f-183e-3f02-af7f-03e3532ae505,  -9.271320, -45.641770,2026-08-27 04:34:00,NOAA-21,SANTA FILOMENA,PIAUÍ,Brasil,2209203,22,33,,,,Cerrado,3.7
cab4d083-0746-341c-b3d2-049a8a9e3df4,  -7.089620, -42.200570,2026-08-27 04:34:00,NOAA-21,OEIRAS,PIAUÍ,Brasil,2207009,22,33,,,,Caatinga,2.6
b434b8b0-ad24-3ac0-a2e6-9d4441699b92, -10.773980, -54.004200,2026-08-27 04:34:00,NOAA-21,MARCELÂNDIA,MATO GROSSO,Brasil,5105580,51,33,,,,Amazônia,2.4
04f7566a-0f2a-36ee-980b-c789bc3bfef9, -11.598400, -50.440920,2026-08-27 04:34:00,NOAA-21,FORMOSO DO ARAGUAIA,TOCANTINS,Brasil,1708205,17,33,,,,Cerrado,1.2
90d318d1-6d5e-3bde-8b12-036af39d143d,  -7.291060, -44.081290,2026-08-27 04:34:00,NOAA-21,LANDRI SALES,PIAUÍ,Brasil,2205607,22,33,,,,Cerrado,1.9
298c4aed-0cd8-3175-ad7b-be6d16caa9ea, -10.370700, -45.065090,2026-08-27 04:34:00,NOAA-21,CORRENTE,PIAUÍ,Brasil,2202901,22,33,,,,Cerrado,17.1
b7639439-e9c5-3e36-a1bd-c29ae120b17d,  -8.614320, -50.016160,2026-08-27 04:34:00,NOAA-21,SANTA MARIA DAS BARREIRAS,PARÁ,Brasil,1506583,15,33,,,,Amazônia,1.5
9eb7f538-a75b-3e74-bfc8-754e760d9385,  -5.918890, -51.762040,2026-08-27 04:34:00,NOAA-21,SÃO FÉLIX DO XINGU,PARÁ,Brasil,1507300,15,33,,,,Amazônia,0.8
ddb35f74-8b49-34e1-af50-cd7d2ac0508a,  -6.768870, -55.684650,2026-08-27 04:34:00,NOAA-21,NOVO PROGRESSO,PARÁ,Brasil,1505031,15,33,,,,Amazônia,3.1
5d072383-d2df-3dda-aad1-9555a9ed0d40, -10.751120, -54.007650,2026-08-27 04:34:00,NOAA-21,MARCELÂNDIA,MATO GROSSO,Brasil,5105580,51,33,,,,Amazônia,1.4
a3f784e5-99de-381f-8bf9-464eef234a57,  -6.798920, -59.715040,2026-08-27 04:34:00,NOAA-21,APUÍ,AMAZONAS,Brasil,1300144,13,33,,,,Amazônia,10.6
7fd786c9-c25a-3c1a-aeab-0838ae2d31c4,  -7.097750, -42.815180,2026-08-27 04:34:00,NOAA-21,NAZARÉ DO PIAUÍ,PIAUÍ,Brasil,2206704,22,33,,,,Caatinga,3.1
8182542b-055a-35e7-842b-7b31f45f3420, -11.252330, -47.075110,2026-08-27 04:34:00,NOAA-21,ALMAS,TOCANTINS,Brasil,1700400,17,33,,,,Cerrado,3.1
c727d75d-5e68-3324-adda-6503235bc50b, -10.763170, -54.042370,2026-08-27 04:34:00,NOAA-21,MARCELÂNDIA,MATO GROSSO,Brasil,5105580,51,33,,,,Amazônia,3.2
49435f6f-5469-33f6-8eab-ee5187e47b9a,  -8.809640, -50.069560,2026-08-27 04:34:00,NOAA-21,SANTA MARIA DAS BARREIRAS,PARÁ,Brasil,1506583,15,33,,,,Amazônia,2.9
20596919-c6ff-3549-b5b3-c1c6b6fb27c4,  -8.584010, -54.833070,2026-08-27 04:34:00,NOAA-21,ALTAMIRA,PARÁ,Brasil,1500602,15,33,,,,Amazônia,3.1
d9773cca-1ec7-31b2-abd3-a23b67c1a8bc, -10.849800, -50.527790,2026-08-27 04:34:00,NOAA-21,LAGOA DA CONFUSÃO,TOCANTINS,Brasil,1711902,17,33,,,,Cerrado,0.6
f6741035-b8e3-35f7-849a-c16f45ddf122,  -6.650700, -51.490830,2026-08-27 04:34:00,NOAA-21,TUCUMÃ,PARÁ,Brasil,1508084,15,33,,,,Amazônia,2.0
009771ca-d093-321f-b519-dccb81a7ce07,  -6.656900, -58.502400,2026-08-27 04:34:00,NOAA-21,MAUÉS,AMAZONAS,Brasil,1302900,13,33,,,,Amazônia,2.6
9cbe1eba-fc0f-3808-a87f-c7c3b03cb681,  -6.880050, -41.743060,2026-08-27 04:34:00,NOAA-21,IPIRANGA DO PIAUÍ,PIAUÍ,Brasil,2204808,22,33,,,,Caatinga,1.9
7bca4c11-3f27-3fb4-8a17-b9d0458c7a14, -10.768440, -53.988800,2026-08-27 04:34:00,NOAA-21,MARCELÂNDIA,MATO GROSSO,Brasil,5105580,51,33,,,,Amazônia,2.5
37cad694-33cf-3f05-bc5e-264a00394554,  -9.005590, -57.542290,2026-08-27 04:34:00,NOAA-21,APIACÁS,MATO GROSSO,Brasil,5100805,51,33,,,,Amazônia,2.4
8af468d6-c5d5-3be5-9ed7-9b74701f589e,  -8.094140, -51.679600,2026-08-27 04:34:00,NOAA-21,OURILÂNDIA DO NORTE,PARÁ,Brasil,1505437,15,33,,,,Amazônia,1.7
1b46c5da-95f3-37d9-9be5-7b262e730c23,  -6.773680, -55.685320,2026-08-27 04:34:00,NOAA-21,NOVO PROGRESSO,PARÁ,Brasil,1505031,15,33,,,,Amazônia,3.1
068e6cb0-a0c9-3862-9840-9d219de1162a, -12.143700, -43.375420,2026-08-27 04:34:00,NOAA-21,MUQUÉM DO SÃO FRANCISCO,BAHIA,Brasil,2922250,29,33,,,,Cerrado,2.3
be910b72-e31f-3978-93ae-da696b13e5d5,  -6.222180, -53.472940,2026-08-27 04:34:00,NOAA-21,ALTAMIRA,PARÁ,Brasil,1500602,15,33,,,,Amazônia,1.4
23876400-1269-3b92-b6d8-4ec81d066c08,  -6.938510, -42.682270,2026-08-27 04:34:00,NOAA-21,NAZARÉ DO PIAUÍ,PIAUÍ,Brasil,2206704,22,33,,,,Caatinga,1.7
fa7100e5-bebc-3d52-ace2-c2b7184da233,  -8.118790, -45.489580,2026-08-27 04:34:00,NOAA-21,RIBEIRO GONÇALVES,PIAUÍ,Brasil,2208908,22,33,,,,Cerrado,3.1
16c4687a-2d9d-343e-9637-68adc843200b,  -6.411240, -49.933710,2026-08-27 04:34:00,NOAA-21,CANAÃ DOS CARAJÁS,PARÁ,Brasil,1502152,15,33,,,,Amazônia,1.2
06270844-d4ce-3680-b83a-ea49e600016d, -12.688040, -48.432940,2026-08-27 04:34:00,NOAA-21,SÃO SALVADOR DO TOCANTINS,TOCANTINS,Brasil,1720259,17,33,,,,Cerrado,1.8
050c7cfa-57d9-3157-b8e4-573b00d34f53,  -9.137370, -57.561160,2026-08-27 04:34:00,NOAA-21,APIACÁS,MATO GROSSO,Brasil,5100805,51,33,,,,Amazônia,1.6
7b5327ed-d8bd-3e88-af4e-ed403b111dc4,  -7.199210, -42.741830,2026-08-27 04:34:00,NOAA-21,NAZARÉ DO PIAUÍ,PIAUÍ,Brasil,2206704,22,33,,,,Caatinga,2.0
c719650e-8053-3fa3-873e-3661949d7688,  -8.794340, -50.003930,2026-08-27 04:34:00,NOAA-21,SANTA MARIA DAS BARREIRAS,PARÁ,Brasil,1506583,15,33,,,,Amazônia,2.0
c7aeca93-c24e-3c5f-bb37-5a89d4d753c2,  -8.095850, -51.673940,2026-08-27 04:34:00,NOAA-21,OURILÂNDIA DO NORTE,PARÁ,Brasil,1505437,15,33,,,,Amazônia,1.4
ea120f57-6cb4-337c-b2c0-550ebd4ce2e1,  -6.256880, -53.366570,2026-08-27 04:34:00,NOAA-21,ALTAMIRA,PARÁ,Brasil,1500602,15,33,,,,Amazônia,1.3
e15322b7-d6a1-3c90-a718-acd5ae4ee9b5,  -9.607640, -49.313630,2026-08-27 04:34:00,NOAA-21,ABREULÂNDIA,TOCANTINS,Brasil,1700251,17,33,,,,Cerrado,1.2
258fb3ad-e5c4-35bf-9441-d83ab004ff0e,  -6.767070, -55.695310,2026-08-27 04:34:00,NOAA-21,NOVO PROGRESSO,PARÁ,Brasil,1505031,15,33,,,,Amazônia,2.5
7b68edbf-a62b-3513-b990-aac3ebf86913, -11.806720, -47.679940,2026-08-27 04:34:00,NOAA-21,NATIVIDADE,TOCANTINS,Brasil,1714203,17,33,,,,Cerrado,2.4
81517613-1097-3927-92bf-fded22f11e87,  -8.798130, -50.045530,2026-08-27 04:34:00,NOAA-21,SANTA MARIA DAS BARREIRAS,PARÁ,Brasil,1506583,15,33,,,,Amazônia,4.1
77b6185b-8f69-37ee-8240-40abe8cf80a3,  -6.429530, -54.929220,2026-08-27 04:34:00,NOAA-21,ALTAMIRA,PARÁ,Brasil,1500602,15,33,,,,Amazônia,2.2
80716d74-38ba-3f1f-b06a-5c7d5b8241a9,  -8.779010, -50.035020,2026-08-27 04:34:00,NOAA-21,SANTA MARIA DAS BARREIRAS,PARÁ,Brasil,1506583,15,33,,,,Amazônia,1.6
c4071ca4-6485-36aa-b369-1a1e3c356f2b,  -7.060520, -44.901310,2026-08-27 04:34:00,NOAA-21,SÃO FÉLIX DE BALSAS,MARANHÃO,Brasil,2110807,21,33,,,,Cerrado,4.8
1316a75e-bde7-31db-9da2-377239c7beaa,  -7.343130, -44.436030,2026-08-27 04:34:00,NOAA-21,URUÇUÍ,PIAUÍ,Brasil,2211209,22,33,,,,Cerrado,6.0
571489d0-b97b-3306-8c30-aec4d8551f19, -10.366960, -45.064520,2026-08-27 04:34:00,NOAA-21,CORRENTE,PIAUÍ,Brasil,2202901,22,33,,,,Cerrado,17.1
01239ed5-c833-3239-a2b2-83e63664bad4,  -6.640560, -53.193810,2026-08-27 04:34:00,NOAA-21,SÃO FÉLIX DO XINGU,PARÁ,Brasil,1507300,15,33,,,,Amazônia,5.2
5a80e365-615c-3a1a-8c38-5a40eb8e5d1f, -11.271280, -46.875240,2026-08-27 04:34:00,NOAA-21,ALMAS,TOCANTINS,Brasil,1700400,17,33,,,,Cerrado,1.4
9f24e993-e5e3-3050-9323-43fd2936ef73,  -6.942780, -58.946430,2026-08-27 04:34:00,NOAA-21,APUÍ,AMAZONAS,Brasil,1300144,13,33,,,,Amazônia,4.2
b9f8347a-5b81-36e9-8c2f-ddf504b1111a,  -6.907020, -41.524600,2026-08-27 04:34:00,NOAA-21,SANTANA DO PIAUÍ,PIAUÍ,Brasil,2209351,22,33,,,,Caatinga,2.4
3c4cafde-1f4d-36e4-be05-87b2fc822110,  -6.817640, -59.718030,2026-08-27 04:34:00,NOAA-21,APUÍ,AMAZONAS,Brasil,1300144,13,33,,,,Amazônia,3.1
cfeacfb1-572b-3994-8a96-5a58d527e58e, -11.746730, -54.546730,2026-08-27 04:34:00,NOAA-21,UNIÃO DO SUL,MATO GROSSO,Brasil,5108303,51,33,,,,Amazônia,1.2
42b3cf9e-8704-34d7-8669-f4e2228538e1,  -6.275670, -53.381110,2026-08-27 04:34:00,NOAA-21,ALTAMIRA,PARÁ,Brasil,1500602,15,33,,,,Amazônia,3.3
25be3280-1a76-3ca1-84b5-d77a57cd2a1a,  -9.441370, -51.576400,2026-08-27 04:34:00,NOAA-21,SÃO FÉLIX DO XINGU,PARÁ,Brasil,1507300,15,33,,,,Amazônia,1.8
0ed5ac91-f71d-390c-8d50-1ce62ffadcaa,  -8.113520, -50.025560,2026-08-27 04:34:00,NOAA-21,REDENÇÃO,PARÁ,Brasil,1506138,15,33,,,,Amazônia,2.8
43ed30f3-107d-30bd-8884-ebd1d0be62f9, -10.859930, -50.529450,2026-08-27 04:34:00,NOAA-21,LAGOA DA CONFUSÃO,TOCANTINS,Brasil,1711902,17,33,,,,Cerrado,0.8
699a3d64-8e9f-3f15-831a-3e93c4c7a02c,  -8.820670, -49.621460,2026-08-27 04:34:00,NOAA-21,SANTA MARIA DAS BARREIRAS,PARÁ,Brasil,1506583,15,33,,,,Amazônia,1.2
3a9b5f9e-9e2c-3519-93cb-a782291cb236,  -9.229950, -51.559680,2026-08-27 04:34:00,NOAA-21,SÃO FÉLIX DO XINGU,PARÁ,Brasil,1507300,15,33,,,,Amazônia,1.2
ea4852be-ad9c-3a51-99ad-12f5ba8ceb81, -13.355840, -48.237150,2026-08-27 04:34:00,NOAA-21,MINAÇU,GOIÁS,Brasil,5213087,52,33,,,,Cerrado,2.2
0f93486b-ecab-3557-82b1-125a0733fb44, -11.814040, -47.677290,2026-08-27 04:34:00,NOAA-21,NATIVIDADE,TOCANTINS,Brasil,1714203,17,33,,,,Cerrado,1.2
77f63d17-a99b-35b2-a81f-ef7f830fe269,  -9.226260, -51.537880,2026-08-27 04:34:00,NOAA-21,SÃO FÉLIX DO XINGU,PARÁ,Brasil,1507300,15,33,,,,Amazônia,1.2
9d2f5957-da00-3636-be81-241bb46d6b34,  -8.105690, -47.452400,2026-08-27 04:34:00,NOAA-21,GOIATINS,TOCANTINS,Brasil,1709005,17,33,,,,Cerrado,3.5
60c4158a-8bef-388e-932b-04091f34d698,  -6.486350, -51.440720,2026-08-27 04:34:00,NOAA-21,SÃO FÉLIX DO XINGU,PARÁ,Brasil,1507300,15,33,,,,Amazônia,1.1
668bad06-f9dd-307e-bb09-21ebedf64cc3,  -8.819020, -49.610260,2026-08-27 04:34:00,NOAA-21,SANTA MARIA DAS BARREIRAS,PARÁ,Brasil,1506583,15,33,,,,Amazônia,1.9
c5bd0ea6-0185-3002-b6be-34aaa04b2bcd,  -7.071260, -59.222470,2026-08-27 04:34:00,NOAA-21,APUÍ,AMAZONAS,Brasil,1300144,13,33,,,,Amazônia,3.0
be29e2f2-16e4-3f62-b2ad-da7099ff0f80,  -7.295450, -49.940660,2026-08-27 04:34:00,NOAA-21,RIO MARIA,PARÁ,Brasil,1506161,15,33,,,,Amazônia,3.8
f1e65d1b-6d0b-39ba-bd6b-448255e07e48,  -6.820630, -59.726180,2026-08-27 04:34:00,NOAA-21,APUÍ,AMAZONAS,Brasil,1300144,13,33,,,,Amazônia,3.0
78c1092c-cdc1-3b66-a508-49261c6d40dd,  -9.483630, -51.765430,2026-08-27 04:34:00,NOAA-21,SÃO FÉLIX DO XINGU,PARÁ,Brasil,1507300,15,33,,,,Amazônia,1.5
ef6b7eac-9ad8-364f-916b-4eaa0971c4ff,  -8.113870, -51.655280,2026-08-27 04:34:00,NOAA-21,OURILÂNDIA DO NORTE,PARÁ,Brasil,1505437,15,33,,,,Amazônia,1.8
4d50e89f-3fe5-3aa6-a67a-2b8ecaf5eef9,  -7.274480, -45.354000,2026-08-27 04:34:00,NOAA-21,LORETO,MARANHÃO,Brasil,2106102,21,33,,,,Cerrado,9.8
7e386343-0622-3b1e-8764-05fb36a622aa, -13.330480, -48.199520,2026-08-27 04:34:00,NOAA-21,MINAÇU,GOIÁS,Brasil,5213087,52,33,,,,Cerrado,3.2
26ea69a1-1e8e-3d41-9823-bccdb2e70756, -10.065240, -48.671290,2026-08-27 04:34:00,NOAA-21,MIRACEMA DO TOCANTINS,TOCANTINS,Brasil,1713205,17,33,,,,Cerrado,1.7
4a3d5df0-3a0f-37ed-b122-1d931c0dfc4a, -12.901420, -45.858280,2026-08-27 04:34:00,NOAA-21,SÃO DESIDÉRIO,BAHIA,Brasil,2928901,29,33,,,,Cerrado,2.1
717960c2-4d8c-3378-8cf2-c2994a36bca8,  -8.770720, -50.000160,2026-08-27 04:34:00,NOAA-21,SANTA MARIA DAS BARREIRAS,PARÁ,Brasil,1506583,15,33,,,,Amazônia,2.7
e8645084-70fe-340e-b29b-d3e87687be61, -10.773370, -54.007710,2026-08-27 04:34:00,NOAA-21,MARCELÂNDIA,MATO GROSSO,Brasil,5105580,51,33,,,,Amazônia,2.4
b65d984b-1c24-32c1-abd1-7429e580bf7a, -12.208190, -50.604530,2026-08-27 04:34:00,NOAA-21,FORMOSO DO ARAGUAIA,TOCANTINS,Brasil,1708205,17,33,,,,Cerrado,15.8
e82a125e-6b1b-3115-88c8-53c6c8785d79,  -7.066480, -44.910940,2026-08-27 04:34:00,NOAA-21,SÃO FÉLIX DE BALSAS,MARANHÃO,Brasil,2110807,21,33,,,,Cerrado,3.6
7eb78aaa-8381-3286-bd2e-568bc247413a,  -8.770620, -50.022500,2026-08-27 04:34:00,NOAA-21,SANTA MARIA DAS BARREIRAS,PARÁ,Brasil,1506583,15,33,,,,Amazônia,2.3
9d16a8f1-73ae-3b1d-9393-e6153dd038c0,  -6.219810, -53.590210,2026-08-27 04:34:00,NOAA-21,ALTAMIRA,PARÁ,Brasil,1500602,15,33,,,,Amazônia,1.2
d321a2d5-93b8-33ea-afad-d9a59433f4d3,  -8.811980, -50.055030,2026-08-27 04:34:00,NOAA-21,SANTA MARIA DAS BARREIRAS,PARÁ,Brasil,1506583,15,33,,,,Amazônia,15.2
3b5809b0-ec70-3e2d-ae50-24c5248341c9,  -9.447970, -51.691310,2026-08-27 04:34:00,NOAA-21,SÃO FÉLIX DO XINGU,PARÁ,Brasil,1507300,15,33,,,,Amazônia,1.8
70640766-cf6d-363e-98f2-00ea24e2f0f8,  -6.992640, -59.311500,2026-08-27 04:34:00,NOAA-21,APUÍ,AMAZONAS,Brasil,1300144,13,33,,,,Amazônia,3.4
221331b2-17e1-34c0-abbf-4388367fad8c,  -7.459220, -43.104990,2026-08-27 04:34:00,NOAA-21,ITAUEIRA,PIAUÍ,Brasil,2205102,22,33,,,,Caatinga,0.7
3d0a8ecc-f5db-32f8-b10b-d1d8cca5ec5b,  -6.838290, -59.946500,2026-08-27 04:34:00,NOAA-21,NOVO ARIPUANÃ,AMAZONAS,Brasil,1303304,13,33,,,,Amazônia,2.7
b041d813-71aa-3548-b586-0b034eb90caf, -10.763790, -54.038840,2026-08-27 04:34:00,NOAA-21,MARCELÂNDIA,MATO GROSSO,Brasil,5105580,51,33,,,,Amazônia,3.2
fa5ac00b-5675-3f09-a55a-25d9a1869cbb, -11.202600, -53.997460,2026-08-27 04:34:00,NOAA-21,MARCELÂNDIA,MATO GROSSO,Brasil,5105580,51,33,,,,Amazônia,2.0
23596088-9dd0-37fe-a94b-f9bbf41aed4a,  -7.094460, -42.197220,2026-08-27 04:34:00,NOAA-21,OEIRAS,PIAUÍ,Brasil,2207009,22,33,,,,Caatinga,1.7
989eae87-b417-3431-81ee-144145769890, -10.768750, -54.010550,2026-08-27 04:34:00,NOAA-21,MARCELÂNDIA,MATO GROSSO,Brasil,5105580,51,33,,,,Amazônia,1.7
4cb59f24-ee9c-3feb-b78b-ffe71e0e29d0,  -7.339410, -44.435420,2026-08-27 04:34:00,NOAA-21,URUÇUÍ,PIAUÍ,Brasil,2211209,22,33,,,,Cerrado,6.0
f5aafe6f-ad44-32ef-828b-90bbcf9247f2,  -8.775150, -50.015770,2026-08-27 04:34:00,NOAA-21,SANTA MARIA DAS BARREIRAS,PARÁ,Brasil,1506583,15,33,,,,Amazônia,1.5
2fa2480a-1688-3ce5-986b-5bb660a208d0,  -8.818610, -50.078460,2026-08-27 04:34:00,NOAA-21,SANTA MARIA DAS BARREIRAS,PARÁ,Brasil,1506583,15,33,,,,Amazônia,2.3
4b83406e-6b64-3a44-9106-3465bd688f5f, -10.761070, -53.973130,2026-08-27 04:34:00,NOAA-21,MARCELÂNDIA,MATO GROSSO,Brasil,5105580,51,33,,,,Amazônia,1.6
3268b6cb-6e65-376c-bec3-de284a47edf0, -10.955120, -50.250240,2026-08-27 04:34:00,NOAA-21,LAGOA DA CONFUSÃO,TOCANTINS,Brasil,1711902,17,33,,,,Cerrado,1.7
b5216776-5551-3ad7-a8ee-17dfd7eac495, -13.327580, -48.207020,2026-08-27 04:34:00,NOAA-21,MINAÇU,GOIÁS,Brasil,5213087,52,33,,,,Cerrado,3.4
a48470d3-9fc5-3a57-ba53-c8f857fcf018,  -9.365180, -48.691640,2026-08-27 04:34:00,NOAA-21,MIRANORTE,TOCANTINS,Brasil,1713304,17,33,,,,Cerrado,1.9
e1f0bc38-299c-33c0-bb06-6df69bb0013a,  -9.450720, -60.532150,2026-08-27 04:34:00,NOAA-21,ARIPUANÃ,MATO GROSSO,Brasil,5101407,51,33,,,,Amazônia,3.2
db54700f-a031-3b5a-a1bf-2d16494192e2,  -7.381810, -55.150110,2026-08-27 04:34:00,NOAA-21,ALTAMIRA,PARÁ,Brasil,1500602,15,33,,,,Amazônia,4.7
66f33aec-36eb-3aa6-847b-cefbdd0a5249, -13.349130, -48.235980,2026-08-27 04:34:00,NOAA-21,MINAÇU,GOIÁS,Brasil,5213087,52,33,,,,Cerrado,1.8
c160a23c-1320-3caf-8fb6-fd7af6a2321a, -12.028980, -47.150760,2026-08-27 04:34:00,NOAA-21,CONCEIÇÃO DO TOCANTINS,TOCANTINS,Brasil,1705607,17,33,,,,Cerrado,1.2
00b6ced8-a95a-380f-99e0-f5e5f5b8de23,  -6.302450, -53.540310,2026-08-27 04:34:00,NOAA-21,ALTAMIRA,PARÁ,Brasil,1500602,15,33,,,,Amazônia,1.9
c6787739-504a-3129-b0e0-a3da7f93f1a9,  -7.276520, -46.808020,2026-08-27 04:34:00,NOAA-21,RIACHÃO,MARANHÃO,Brasil,2109502,21,33,,,,Cerrado,3.9
294dbd8b-b482-3e4a-9a46-533514b52d9f,  -6.626470, -58.505780,2026-08-27 04:34:00,NOAA-21,MAUÉS,AMAZONAS,Brasil,1302900,13,33,,,,Amazônia,2.6
2aab49b5-b567-33fb-8475-1acbf175a8fa,  -6.832850, -59.940620,2026-08-27 04:34:00,NOAA-21,NOVO ARIPUANÃ,AMAZONAS,Brasil,1303304,13,33,,,,Amazônia,4.1
c9605759-8dc4-369d-9c54-760c048c3034,  -9.630460, -50.814850,2026-08-27 04:34:00,NOAA-21,SANTANA DO ARAGUAIA,PARÁ,Brasil,1506708,15,33,,,,Amazônia,2.3
d3cf1af5-3665-30ff-83a3-89b87d7e3204,  -8.805230, -50.053940,2026-08-27 04:34:00,NOAA-21,SANTA MARIA DAS BARREIRAS,PARÁ,Brasil,1506583,15,33,,,,Amazônia,9.4
0698c130-2c80-34c7-aac0-33e461a1bf4d,  -8.530310, -55.300240,2026-08-27 04:34:00,NOAA-21,NOVO PROGRESSO,PARÁ,Brasil,1505031,15,33,,,,Amazônia,2.0
b49c121f-67a2-3b0f-94fd-1eb446e43269,  -6.798290, -58.745730,2026-08-27 04:34:00,NOAA-21,MAUÉS,AMAZONAS,Brasil,1302900,13,33,,,,Amazônia,1.5
e7804091-4224-301c-8bb4-6b179b6bbe2a,  -8.826230, -49.629650,2026-08-27 04:34:00,NOAA-21,SANTA MARIA DAS BARREIRAS,PARÁ,Brasil,1506583,15,33,,,,Amazônia,3.8
67073ebf-5ecc-364e-b344-21e5cfcafc8c,  -8.114110, -50.021910,2026-08-27 04:34:00,NOAA-21,REDENÇÃO,PARÁ,Brasil,1506138,15,33,,,,Amazônia,2.4
a45d3dbd-df01-3269-9b60-054a4f31346d, -12.772190, -46.446510,2026-08-27 04:34:00,NOAA-21,LAVANDEIRA,TOCANTINS,Brasil,1712157,17,33,,,,Cerrado,2.5
6b575906-8c70-333a-9a58-92ce0b547cc8,  -6.771870, -55.696050,2026-08-27 04:34:00,NOAA-21,NOVO PROGRESSO,PARÁ,Brasil,1505031,15,33,,,,Amazônia,2.5
1256a570-c779-3d59-b788-4043f6a2800a,  -7.204820, -42.761840,2026-08-27 04:34:00,NOAA-21,NAZARÉ DO PIAUÍ,PIAUÍ,Brasil,2206704,22,33,,,,Caatinga,1.1
625e263b-2015-36b0-9ba5-bab7a13e8576, -10.771500, -53.971360,2026-08-27 04:34:00,NOAA-21,MARCELÂNDIA,MATO GROSSO,Brasil,5105580,51,33,,,,Amazônia,2.5
9f94660b-7f93-3224-8758-3906fbe7c6de, -10.760100, -54.012780,2026-08-27 04:34:00,NOAA-21,MARCELÂNDIA,MATO GROSSO,Brasil,5105580,51,33,,,,Amazônia,1.2
acc4458d-5ac7-3289-9ad3-14993ee8a1cb,  -7.147470, -43.195640,2026-08-27 04:34:00,NOAA-21,FLORIANO,PIAUÍ,Brasil,2203909,22,33,,,,Caatinga,1.5
489dca7a-07c3-34fe-8dad-0696be56ebbc,  -9.224240, -51.550020,2026-08-27 04:34:00,NOAA-21,SÃO FÉLIX DO XINGU,PARÁ,Brasil,1507300,15,33,,,,Amazônia,5.6
437089f8-73d0-3cfa-b9f6-484201387384,  -7.287950, -49.938900,2026-08-27 04:34:00,NOAA-21,RIO MARIA,PARÁ,Brasil,1506161,15,33,,,,Amazônia,2.7
898c7f03-b23b-3cb4-a2e3-b1864812ef27,  -6.767670, -55.691860,2026-08-27 04:34:00,NOAA-21,NOVO PROGRESSO,PARÁ,Brasil,1505031,15,33,,,,Amazônia,2.7
ca3fc03d-dc20-3b9d-a5a7-9a96c2ab1033,  -6.498240, -46.965340,2026-08-27 04:34:00,NOAA-21,SÃO JOÃO DO PARAÍSO,MARANHÃO,Brasil,2111052,21,33,,,,Cerrado,0.9
f5830934-b4c7-3eac-a4eb-a5ba50f55f6c,  -6.987430, -59.305930,2026-08-27 04:34:00,NOAA-21,APUÍ,AMAZONAS,Brasil,1300144,13,33,,,,Amazônia,3.4
01614bd5-6f7a-3592-aa51-2b0bae5c67f2, -10.756380, -54.033970,2026-08-27 04:34:00,NOAA-21,MARCELÂNDIA,MATO GROSSO,Brasil,5105580,51,33,,,,Amazônia,15.3
44097e72-1c05-37fc-b098-5ae7b5384faf,  -9.384440, -48.676850,2026-08-27 04:34:00,NOAA-21,MIRANORTE,TOCANTINS,Brasil,1713304,17,33,,,,Cerrado,3.1
759ac79a-2c28-375a-8a22-c23f1c1bf23e,  -6.826740, -58.655450,2026-08-27 04:34:00,NOAA-21,MAUÉS,AMAZONAS,Brasil,1302900,13,33,,,,Amazônia,4.7
693ccecb-ee9b-392f-912f-720e6278b656,  -6.651820, -58.497470,2026-08-27 04:34:00,NOAA-21,MAUÉS,AMAZONAS,Brasil,1302900,13,33,,,,Amazônia,1.9
962776f8-430a-37d7-9b9c-be88e1542c89, -10.884760, -51.072260,2026-08-27 04:34:00,NOAA-21,LUCIARA,MATO GROSSO,Brasil,5105309,51,33,,,,Cerrado,0.7
629e8217-e42e-37c8-8424-ffa08975cf02, -13.384900, -48.204190,2026-08-27 04:34:00,NOAA-21,MINAÇU,GOIÁS,Brasil,5213087,52,33,,,,Cerrado,1.2
c2aaf07e-25c9-3559-8e72-77f9a40e6014,  -7.343790, -44.431590,2026-08-27 04:34:00,NOAA-21,URUÇUÍ,PIAUÍ,Brasil,2211209,22,33,,,,Cerrado,6.0
e005ff3e-dbb3-3324-9017-a156fa153071,  -8.807570, -50.039430,2026-08-27 04:34:00,NOAA-21,SANTA MARIA DAS BARREIRAS,PARÁ,Brasil,1506583,15,33,,,,Amazônia,3.4
8c5e933a-97fd-3c5b-b567-040760e10d57,  -9.455140, -51.692410,2026-08-27 04:34:00,NOAA-21,SÃO FÉLIX DO XINGU,PARÁ,Brasil,1507300,15,33,,,,Amazônia,1.4
f6cdde45-110d-30eb-ac06-cd9e23aefb71,  -7.138460, -43.201400,2026-08-27 04:34:00,NOAA-21,FLORIANO,PIAUÍ,Brasil,2203909,22,33,,,,Caatinga,1.2
2edc6b5d-d362-3fb8-adf5-46e3317319b4,  -7.509890, -61.372520,2026-08-27 04:34:00,NOAA-21,MANICORÉ,AMAZONAS,Brasil,1302702,13,33,,,,Amazônia,3.9
d4145b3b-804a-3934-a935-24e0fe38c766,  -6.617420, -58.488320,2026-08-27 04:34:00,NOAA-21,MAUÉS,AMAZONAS,Brasil,1302900,13,33,,,,Amazônia,2.5
584e12f7-98e5-3726-84c3-4b20fb8a4533,  -7.374070, -55.167960,2026-08-27 04:34:00,NOAA-21,ALTAMIRA,PARÁ,Brasil,1500602,15,33,,,,Amazônia,2.3
440ac5fe-9a5f-3ac6-8991-1ecc16df4a78,  -9.436480, -51.583840,2026-08-27 04:34:00,NOAA-21,SÃO FÉLIX DO XINGU,PARÁ,Brasil,1507300,15,33,,,,Amazônia,3.8
2453cbd7-32f6-3c1d-9bfc-78f99552e4c9, -12.206010, -50.596710,2026-08-27 04:34:00,NOAA-21,FORMOSO DO ARAGUAIA,TOCANTINS,Brasil,1708205,17,33,,,,Cerrado,5.6
e5afd417-5afe-3c1d-8bc7-f033172b7e03,  -8.572290, -54.822690,2026-08-27 04:34:00,NOAA-21,ALTAMIRA,PARÁ,Brasil,1500602,15,33,,,,Amazônia,2.4
5bd1509c-7061-38b0-abbe-028f2d90400d,  -8.797720, -50.004470,2026-08-27 04:34:00,NOAA-21,SANTA MARIA DAS BARREIRAS,PARÁ,Brasil,1506583,15,33,,,,Amazônia,2.0
ed2e56bb-83b5-3e1d-b3bd-1000d8523945,  -9.377870, -48.697210,2026-08-27 04:34:00,NOAA-21,MIRANORTE,TOCANTINS,Brasil,1713304,17,33,,,,Cerrado,1.8
599b88d6-b7db-38c9-b37f-aee57cff36f7,  -8.562240, -54.905930,2026-08-27 04:34:00,NOAA-21,ALTAMIRA,PARÁ,Brasil,1500602,15,33,,,,Amazônia,2.0
b9292b8d-450d-32a2-958f-33ef1f7d3812,  -9.386710, -48.705740,2026-08-27 04:34:00,NOAA-21,MIRANORTE,TOCANTINS,Brasil,1713304,17,33,,,,Cerrado,3.2
5622a89f-583e-33a6-b65a-909f2039de7c,  -7.104470, -42.797370,2026-08-27 04:34:00,NOAA-21,NAZARÉ DO PIAUÍ,PIAUÍ,Brasil,2206704,22,33,,,,Caatinga,2.4
fd467754-8412-33ee-885d-85cac1b21055,  -8.789810, -50.010650,2026-08-27 04:34:00,NOAA-21,SANTA MARIA DAS BARREIRAS,PARÁ,Brasil,1506583,15,33,,,,Amazônia,1.5
b9abb78d-75a8-32fa-aa7b-4734634e98b1,  -6.261000, -53.367260,2026-08-27 04:34:00,NOAA-21,ALTAMIRA,PARÁ,Brasil,1500602,15,33,,,,Amazônia,0.6
710c21c3-cf03-3640-a82d-cd3a078161a6,  -9.908710, -46.499500,2026-08-27 04:34:00,NOAA-21,SÃO FÉLIX DO TOCANTINS,TOCANTINS,Brasil,1720150,17,33,,,,Cerrado,2.2
583376f4-eceb-3276-8aa3-f833e41a0e3a,  -9.611070, -55.121120,2026-08-27 04:34:00,NOAA-21,NOVO MUNDO,MATO GROSSO,Brasil,5106265,51,33,,,,Amazônia,4.9
753d3866-e9d1-3f3d-aef0-b4e5fcb885c7,  -8.781230, -50.042830,2026-08-27 04:34:00,NOAA-21,SANTA MARIA DAS BARREIRAS,PARÁ,Brasil,1506583,15,33,,,,Amazônia,1.9
0cbf7311-d2ab-31f0-9f20-0ae439dcd6f8,  -6.622170, -58.496530,2026-08-27 04:34:00,NOAA-21,MAUÉS,AMAZONAS,Brasil,1302900,13,33,,,,Amazônia,2.9
8ebc9641-0bea-3e86-9382-17eb37e68992,  -8.506580, -55.329290,2026-08-27 04:34:00,NOAA-21,NOVO PROGRESSO,PARÁ,Brasil,1505031,15,33,,,,Amazônia,2.1
173c1a26-732d-375d-ac5b-74acff9f4bf0, -10.765970, -54.002850,2026-08-27 04:34:00,NOAA-21,MARCELÂNDIA,MATO GROSSO,Brasil,5105580,51,33,,,,Amazônia,2.0
34a9613b-1876-3b67-8f41-7204fbd01171,  -8.798290, -50.000850,2026-08-27 04:34:00,NOAA-21,SANTA MARIA DAS BARREIRAS,PARÁ,Brasil,1506583,15,33,,,,Amazônia,2.0
5b00a349-8ffb-3560-becc-52144b3ae7f1,  -8.783060, -50.009580,2026-08-27 04:34:00,NOAA-21,SANTA MARIA DAS BARREIRAS,PARÁ,Brasil,1506583,15,33,,,,Amazônia,3.1
451a79dc-4a0c-3b48-a8ac-038929bc190b, -10.394050, -48.282420,2026-08-27 04:34:00,NOAA-21,PALMAS,TOCANTINS,Brasil,1721000,17,33,,,,Cerrado,2.4
215ecea7-a294-3b40-a050-6fac592b685e, -10.762280, -53.976940,2026-08-27 04:34:00,NOAA-21,MARCELÂNDIA,MATO GROSSO,Brasil,5105580,51,33,,,,Amazônia,3.2
b50e2422-940d-3a02-a112-ac005c75a65c,  -8.801850, -50.053390,2026-08-27 04:34:00,NOAA-21,SANTA MARIA DAS BARREIRAS,PARÁ,Brasil,1506583,15,33,,,,Amazônia,1.6
a5f7ffa1-ede2-3326-b7bb-202da673ff37, -11.755010, -54.521420,2026-08-27 04:34:00,NOAA-21,UNIÃO DO SUL,MATO GROSSO,Brasil,5108303,51,33,,,,Amazônia,0.8
8aa80c04-e4c3-3fce-a670-1c7e547427df, -10.764410, -54.035320,2026-08-27 04:34:00,NOAA-21,MARCELÂNDIA,MATO GROSSO,Brasil,5105580,51,33,,,,Amazônia,1.3
b400579e-67b8-385b-84d4-b53b6ddd9764, -11.750940, -54.520700,2026-08-27 04:34:00,NOAA-21,UNIÃO DO SUL,MATO GROSSO,Brasil,5108303,51,33,,,,Amazônia,0.8
6645a804-5467-3b22-8065-c5990f0b6b0b,  -9.662450, -55.085650,2026-08-27 04:34:00,NOAA-21,NOVO MUNDO,MATO GROSSO,Brasil,5106265,51,33,,,,Amazônia,2.8
34f7f10e-c323-33e1-ba4b-347cd02eb8b0,  -8.801260, -50.057030,2026-08-27 04:34:00,NOAA-21,SANTA MARIA DAS BARREIRAS,PARÁ,Brasil,1506583,15,33,,,,Amazônia,1.6
43d65ad8-951b-335b-8289-2fd5a9f55c3f,  -9.183700, -58.315770,2026-08-27 04:34:00,NOAA-21,NOVA BANDEIRANTES,MATO GROSSO,Brasil,5106158,51,33,,,,Amazônia,2.3
53859a40-7bcd-3155-a7c8-fed7930814d8,  -8.811670, -50.014020,2026-08-27 04:34:00,NOAA-21,SANTA MARIA DAS BARREIRAS,PARÁ,Brasil,1506583,15,33,,,,Amazônia,2.7
8704554b-cf4f-32cd-9171-ee3f857252fb,  -8.080920, -45.937890,2026-08-27 04:34:00,NOAA-21,BALSAS,MARANHÃO,Brasil,2101400,21,33,,,,Cerrado,0.9
d834c8fb-1fa0-3997-924a-61aa1a63e843, -11.277070, -46.883910,2026-08-27 04:34:00,NOAA-21,ALMAS,TOCANTINS,Brasil,1700400,17,33,,,,Cerrado,0.9
d0d567fd-7c2f-36c9-985f-eb0164696476,  -8.806260, -50.069020,2026-08-27 04:34:00,NOAA-21,SANTA MARIA DAS BARREIRAS,PARÁ,Brasil,1506583,15,33,,,,Amazônia,1.4
fbf81f7d-23f8-31d2-b373-9975903b9312, -12.193970, -50.594370,2026-08-27 04:34:00,NOAA-21,FORMOSO DO ARAGUAIA,TOCANTINS,Brasil,1708205,17,33,,,,Cerrado,5.7
03eecda6-b7a1-3e0e-8e15-45f425257159,  -9.385570, -48.691300,2026-08-27 04:34:00,NOAA-21,MIRANORTE,TOCANTINS,Brasil,1713304,17,33,,,,Cerrado,1.2
38907c52-b0df-30f9-baef-47fc413db739, -10.925460, -50.249400,2026-08-27 04:34:00,NOAA-21,LAGOA DA CONFUSÃO,TOCANTINS,Brasil,1711902,17,33,,,,Cerrado,1.0
d1fd260a-ef5a-31f5-bf92-386847f707d2,  -6.998690, -59.312550,2026-08-27 04:34:00,NOAA-21,APUÍ,AMAZONAS,Brasil,1300144,13,33,,,,Amazônia,2.4
b7b01afc-acf9-3a9e-aadd-d12f9f1ceb89, -12.635910, -48.421370,2026-08-27 04:34:00,NOAA-21,SÃO SALVADOR DO TOCANTINS,TOCANTINS,Brasil,1720259,17,33,,,,Cerrado,3.3
5ccd924e-a789-387b-ab6c-9e1680d280a4,  -6.638810, -58.503510,2026-08-27 04:34:00,NOAA-21,MAUÉS,AMAZONAS,Brasil,1302900,13,33,,,,Amazônia,1.9
1371d4f8-b1a8-3347-9306-98f2d729a8b2,  -9.458710, -51.693010,2026-08-27 04:34:00,NOAA-21,SÃO FÉLIX DO XINGU,PARÁ,Brasil,1507300,15,33,,,,Amazônia,3.5
a5b73674-b896-36c0-b856-5cc69d731f14, -11.383150, -45.148600,2026-08-27 04:34:00,NOAA-21,FORMOSA DO RIO PRETO,BAHIA,Brasil,2911105,29,33,,,,Cerrado,1.9
fcd6e358-2096-3140-89db-ebf447a2ca29,  -7.772940, -46.148000,2026-08-27 04:34:00,NOAA-21,BALSAS,MARANHÃO,Brasil,2101400,21,33,,,,Cerrado,1.7
bf070d99-698c-3193-b33e-35bead238c67,  -8.830140, -49.626630,2026-08-27 04:34:00,NOAA-21,SANTA MARIA DAS BARREIRAS,PARÁ,Brasil,1506583,15,33,,,,Amazônia,1.1
fbc3e0ff-7d46-32cb-a73f-e9c94c43328f,  -7.747980, -44.732380,2026-08-27 04:34:00,NOAA-21,URUÇUÍ,PIAUÍ,Brasil,2211209,22,33,,,,Cerrado,6.2
0c85839e-3331-35f7-871a-4765cffb98d7,  -6.612880, -42.544460,2026-08-27 04:34:00,NOAA-21,ARRAIAL,PIAUÍ,Brasil,2201002,22,33,,,,Caatinga,2.3
609c87a9-8979-31e0-a105-5869edcb7522,  -6.357080, -47.373070,2026-08-27 04:34:00,NOAA-21,PORTO FRANCO,MARANHÃO,Brasil,2109007,21,33,,,,Cerrado,1.3
1b7ac5c1-dd6c-3882-b29b-b1171a692eda, -10.305090, -49.956890,2026-08-27 04:34:00,NOAA-21,PIUM,TOCANTINS,Brasil,1717503,17,33,,,,Cerrado,1.0
403a52fa-11d2-38cc-82fe-5d01f47055c3,  -8.772270, -50.495240,2026-08-27 04:34:00,NOAA-21,SANTA MARIA DAS BARREIRAS,PARÁ,Brasil,1506583,15,33,,,,Amazônia,2.2
64d77204-4206-3058-a62f-e514010c51f8,  -8.784710, -50.021020,2026-08-27 04:34:00,NOAA-21,SANTA MARIA DAS BARREIRAS,PARÁ,Brasil,1506583,15,33,,,,Amazônia,2.0
65314d60-a0b3-3d01-b9de-d5e1ba3b65d0,  -9.358560, -48.690590,2026-08-27 04:34:00,NOAA-21,MIRANORTE,TOCANTINS,Brasil,1713304,17,33,,,,Cerrado,2.1
cb2f3783-5567-3e01-8b92-3456048567ee,  -7.375240, -45.991820,2026-08-27 04:34:00,NOAA-21,BALSAS,MARANHÃO,Brasil,2101400,21,33,,,,Cerrado,2.8
26fd5fdf-b85d-3dcd-9cb2-384d32ba5dc6, -10.172770, -46.845050,2026-08-27 04:34:00,NOAA-21,SÃO FÉLIX DO TOCANTINS,TOCANTINS,Brasil,1720150,17,33,,,,Cerrado,1.4
3720a72f-f3c0-3a70-89c9-26a990a3fa66,  -8.779590, -50.031390,2026-08-27 04:34:00,NOAA-21,SANTA MARIA DAS BARREIRAS,PARÁ,Brasil,1506583,15,33,,,,Amazônia,2.1
09d3e98c-dc4e-3b8d-96e2-67ca55aac442,  -9.606860, -45.385260,2026-08-27 04:34:00,NOAA-21,GILBUÉS,PIAUÍ,Brasil,2204402,22,33,,,,Cerrado,1.9
3530fe04-31dc-32ef-b334-d631007daa10,  -9.136820, -57.564270,2026-08-27 04:34:00,NOAA-21,APIACÁS,MATO GROSSO,Brasil,5100805,51,33,,,,Amazônia,1.8
106ae7a9-537a-3865-8208-51310961cbf7,  -9.231350, -51.551290,2026-08-27 04:34:00,NOAA-21,SÃO FÉLIX DO XINGU,PARÁ,Brasil,1507300,15,33,,,,Amazônia,1.4
a60697a9-74d0-3401-ada3-418d813d9c5e, -10.132970, -45.705450,2026-08-27 04:34:00,NOAA-21,BARREIRAS DO PIAUÍ,PIAUÍ,Brasil,2201309,22,33,,,,Cerrado,4.1
227e8941-099f-32a7-89e4-07d289edd0f6,  -7.295500, -43.032070,2026-08-27 04:34:00,NOAA-21,FLORIANO,PIAUÍ,Brasil,2203909,22,33,,,,Caatinga,1.4
7a7ff194-ae74-3b47-8169-b7fd4b274c56,  -6.815270, -59.720440,2026-08-27 04:34:00,NOAA-21,APUÍ,AMAZONAS,Brasil,1300144,13,33,,,,Amazônia,2.8
803731af-de0b-3932-84c4-4774fba34e8d,  -6.424160, -54.933140,2026-08-27 04:34:00,NOAA-21,ALTAMIRA,PARÁ,Brasil,1500602,15,33,,,,Amazônia,2.2
e6f5d903-d997-3520-84e1-b4ad1b5370d6, -11.151200, -53.996190,2026-08-27 04:34:00,NOAA-21,MARCELÂNDIA,MATO GROSSO,Brasil,5105580,51,33,,,,Amazônia,0.5
b3d8ad2e-8f80-3d3b-a652-519ad14f1d09,  -8.112470, -51.663700,2026-08-27 04:34:00,NOAA-21,OURILÂNDIA DO NORTE,PARÁ,Brasil,1505437,15,33,,,,Amazônia,3.2
b2d4a68f-e0bb-34fe-bafb-c9677768bd0f,  -6.983600, -55.696880,2026-08-27 04:34:00,NOAA-21,NOVO PROGRESSO,PARÁ,Brasil,1505031,15,33,,,,Amazônia,1.3
5bcee48c-80ac-3cb5-ae11-f41e6ed09609,  -7.340490, -44.453800,2026-08-27 04:34:00,NOAA-21,URUÇUÍ,PIAUÍ,Brasil,2211209,22,33,,,,Cerrado,8.7
2d3d0d37-2ebd-3039-90bb-3b667139584b, -10.026380, -46.413630,2026-08-27 04:34:00,NOAA-21,ALTO PARNAÍBA,MARANHÃO,Brasil,2100501,21,33,,,,Cerrado,1.5
0e872449-9802-3cc0-8040-4971958d297c, -10.771210, -53.996520,2026-08-27 04:34:00,NOAA-21,MARCELÂNDIA,MATO GROSSO,Brasil,5105580,51,33,,,,Amazônia,1.9
346a0a88-8af0-3ff8-8837-b4ce804e0bd9,  -9.495050, -56.916700,2026-08-27 04:34:00,NOAA-21,PARANAÍTA,MATO GROSSO,Brasil,5106299,51,33,,,,Amazônia,5.2
6c83b0e4-7b33-3c75-ac73-dbefadfc7872,  -6.617860, -58.487440,2026-08-27 04:34:00,NOAA-21,MAUÉS,AMAZONAS,Brasil,1302900,13,33,,,,Amazônia,2.5
5e2ef92c-89a5-30d2-81ed-28519e62a491,  -7.741710, -44.749140,2026-08-27 04:34:00,NOAA-21,URUÇUÍ,PIAUÍ,Brasil,2211209,22,33,,,,Cerrado,4.7
23da4e90-c153-3783-9d53-37f75e50e9cc,  -6.797450, -59.712660,2026-08-27 04:34:00,NOAA-21,APUÍ,AMAZONAS,Brasil,1300144,13,33,,,,Amazônia,4.0
8958c12a-431a-3a60-b955-2b64c36fc43b,  -9.706800, -46.564000,2026-08-27 04:34:00,NOAA-21,ALTO PARNAÍBA,MARANHÃO,Brasil,2100501,21,33,,,,Cerrado,1.2
46b7930e-d4f2-38f8-859b-09e6028d189a,  -9.352110, -48.229120,2026-08-27 04:34:00,NOAA-21,TOCANTÍNIA,TOCANTINS,Brasil,1721109,17,33,,,,Cerrado,2.7
4a8e977b-d757-3c0d-8bf0-4875a9feef05, -12.793030, -46.453840,2026-08-27 04:34:00,NOAA-21,LAVANDEIRA,TOCANTINS,Brasil,1712157,17,33,,,,Cerrado,2.2
9071b434-4e5e-3592-959c-d1056d826424,  -6.309850, -53.572830,2026-08-27 04:34:00,NOAA-21,ALTAMIRA,PARÁ,Brasil,1500602,15,33,,,,Amazônia,1.5
2bdbe0fb-44ba-384d-a26e-6d41fc24f3f8,  -8.081980, -47.495570,2026-08-27 04:34:00,NOAA-21,GOIATINS,TOCANTINS,Brasil,1709005,17,33,,,,Cerrado,1.3
f3e3975f-3e50-3c69-814a-a920f1fca231,  -9.362420, -48.687640,2026-08-27 04:34:00,NOAA-21,MIRANORTE,TOCANTINS,Brasil,1713304,17,33,,,,Cerrado,1.9
d75e2164-7383-304a-824a-36aa7c111257, -11.800510, -47.675220,2026-08-27 04:34:00,NOAA-21,NATIVIDADE,TOCANTINS,Brasil,1714203,17,33,,,,Cerrado,1.6
e3e00add-d8e1-3ce3-a4db-521413ac15fd, -10.770890, -54.021860,2026-08-27 04:34:00,NOAA-21,MARCELÂNDIA,MATO GROSSO,Brasil,5105580,51,33,,,,Amazônia,1.2
bfa28c8e-4fd6-3d62-be15-830253286fb6, -11.746450, -54.523900,2026-08-27 04:34:00,NOAA-21,UNIÃO DO SUL,MATO GROSSO,Brasil,5108303,51,33,,,,Amazônia,1.8
ceb57891-69fb-3a2d-942c-56d8e626f6ab, -12.771010, -46.454740,2026-08-27 04:34:00,NOAA-21,LAVANDEIRA,TOCANTINS,Brasil,1712157,17,33,,,,Cerrado,3.2
57cb8602-7201-3d5e-81df-e2dc388f8f5a,  -9.666840, -55.086300,2026-08-27 04:34:00,NOAA-21,NOVO MUNDO,MATO GROSSO,Brasil,5106265,51,33,,,,Amazônia,2.8
9c4d4f26-8869-3892-baa3-5eb9918116dd,  -8.795320, -50.041360,2026-08-27 04:34:00,NOAA-21,SANTA MARIA DAS BARREIRAS,PARÁ,Brasil,1506583,15,33,,,,Amazônia,3.6
1566f9e9-e052-331d-b59a-eed14e0745a0,  -8.788080, -50.021550,2026-08-27 04:34:00,NOAA-21,SANTA MARIA DAS BARREIRAS,PARÁ,Brasil,1506583,15,33,,,,Amazônia,2.0
1b16d116-d9c1-3aa5-8e4a-c6aabfd062ad,  -6.405270, -60.041390,2026-08-27 04:34:00,NOAA-21,NOVO ARIPUANÃ,AMAZONAS,Brasil,1303304,13,33,,,,Amazônia,1.9
9e363465-a6a2-35e0-8bd1-bb92de577c92, -10.781990, -54.005600,2026-08-27 04:34:00,NOAA-21,MARCELÂNDIA,MATO GROSSO,Brasil,5105580,51,33,,,,Amazônia,1.4
4562f93f-0a46-3d46-9d4f-f8abb42b22a7, -10.957310, -49.575940,2026-08-27 04:34:00,NOAA-21,SANTA RITA DO TOCANTINS,TOCANTINS,Brasil,1718899,17,33,,,,Cerrado,0.9
3dd38756-ab52-36d6-9a94-ae2ff2bcb101,  -7.125550, -42.796810,2026-08-27 04:34:00,NOAA-21,NAZARÉ DO PIAUÍ,PIAUÍ,Brasil,2206704,22,33,,,,Caatinga,1.4
37d2c301-f88a-32c2-ba37-013b56324462,  -8.625500, -54.697260,2026-08-27 04:34:00,NOAA-21,ALTAMIRA,PARÁ,Brasil,1500602,15,33,,,,Amazônia,1.6
343d50a8-37df-31eb-92f0-337102552530,  -6.263190, -55.421920,2026-08-27 04:34:00,NOAA-21,ITAITUBA,PARÁ,Brasil,1503606,15,33,,,,Amazônia,3.5
b46fb814-4b65-39a9-8c06-5f4c671eb753, -10.372900, -48.243200,2026-08-27 04:34:00,NOAA-21,PALMAS,TOCANTINS,Brasil,1721000,17,33,,,,Cerrado,5.3
974307ec-b6d8-3941-9584-278493cc77fc,  -7.070730, -44.907310,2026-08-27 04:34:00,NOAA-21,SÃO FÉLIX DE BALSAS,MARANHÃO,Brasil,2110807,21,33,,,,Cerrado,3.6
e57b499f-5422-3513-a67d-cdd5f656adaf,  -6.273370, -53.369320,2026-08-27 04:34:00,NOAA-21,ALTAMIRA,PARÁ,Brasil,1500602,15,33,,,,Amazônia,1.6
d27503d5-0943-38c1-b6c9-095d6da30f69, -13.354220, -48.247870,2026-08-27 04:34:00,NOAA-21,MINAÇU,GOIÁS,Brasil,5213087,52,33,,,,Cerrado,1.1
dac438e4-17b9-3d47-9fa0-e3b0f364bb41, -11.002020, -49.659020,2026-08-27 04:34:00,NOAA-21,SANTA RITA DO TOCANTINS,TOCANTINS,Brasil,1718899,17,33,,,,Cerrado,1.5
3ad5d56c-89e1-330e-a23d-bf66e15f66bf,  -8.787410, -50.047550,2026-08-27 04:34:00,NOAA-21,SANTA MARIA DAS BARREIRAS,PARÁ,Brasil,1506583,15,33,,,,Amazônia,1.3
25573ef0-1764-3602-b628-b0d2d0cbb049,  -8.814190, -50.062840,2026-08-27 04:34:00,NOAA-21,SANTA MARIA DAS BARREIRAS,PARÁ,Brasil,1506583,15,33,,,,Amazônia,1.3
75642d0c-b9bc-3f8f-84ec-4314fa66713c, -12.212730, -50.597820,2026-08-27 04:34:00,NOAA-21,FORMOSO DO ARAGUAIA,TOCANTINS,Brasil,1708205,17,33,,,,Cerrado,6.9
d57ae04c-4be5-368f-a36c-c7bf527b448b, -12.767440, -46.454170,2026-08-27 04:34:00,NOAA-21,LAVANDEIRA,TOCANTINS,Brasil,1712157,17,33,,,,Cerrado,3.2
94465d78-8c63-3b86-ac39-aa8aeb3f812d, -11.255760, -47.075580,2026-08-27 04:34:00,NOAA-21,ALMAS,TOCANTINS,Brasil,1700400,17,33,,,,Cerrado,3.1
b7aba0f2-4520-30d3-a861-d43d92600751,  -7.735640, -44.739380,2026-08-27 04:34:00,NOAA-21,URUÇUÍ,PIAUÍ,Brasil,2211209,22,33,,,,Cerrado,7.8
29898b06-16d6-3655-bfee-8d8ff2c3f9af, -11.739200, -54.541600,2026-08-27 04:34:00,NOAA-21,UNIÃO DO SUL,MATO GROSSO,Brasil,5108303,51,33,,,,Amazônia,2.4
021695bc-8edf-3512-812e-10451771e5cb,  -7.300580, -43.025540,2026-08-27 04:34:00,NOAA-21,FLORIANO,PIAUÍ,Brasil,2203909,22,33,,,,Caatinga,2.8
a960cf05-0d47-3700-8f06-67660dc061ce,  -9.459730, -50.305400,2026-08-27 04:34:00,NOAA-21,SANTANA DO ARAGUAIA,PARÁ,Brasil,1506708,15,33,,,,Amazônia,1.6
cf437f05-bd2b-3d93-971d-0fa027769ede, -10.752740, -54.022460,2026-08-27 04:34:00,NOAA-21,MARCELÂNDIA,MATO GROSSO,Brasil,5105580,51,33,,,,Amazônia,1.7
ce1dbe44-f9d7-3b98-a902-fbeff01fa0a5,  -7.099310, -42.804160,2026-08-27 04:34:00,NOAA-21,NAZARÉ DO PIAUÍ,PIAUÍ,Brasil,2206704,22,33,,,,Caatinga,2.0
1722461b-5793-3917-ac69-2763f1d7216c,  -6.812510, -59.735260,2026-08-27 04:34:00,NOAA-21,APUÍ,AMAZONAS,Brasil,1300144,13,33,,,,Amazônia,2.2
1d323d61-4741-3791-b981-3fb119ff4c55,  -9.663180, -55.081410,2026-08-27 04:34:00,NOAA-21,NOVO MUNDO,MATO GROSSO,Brasil,5106265,51,33,,,,Amazônia,2.8
2f61cd84-6adc-321f-a222-39bd8803aa61, -11.263190, -47.072810,2026-08-27 04:34:00,NOAA-21,ALMAS,TOCANTINS,Brasil,1700400,17,33,,,,Cerrado,7.4
9cb24796-f30b-3242-80d7-d82c20612c99,  -6.885260, -59.411610,2026-08-27 04:34:00,NOAA-21,APUÍ,AMAZONAS,Brasil,1300144,13,33,,,,Amazônia,3.8
9a6fa77a-4015-3a33-93f4-f337b1a298d5, -10.366310, -45.069060,2026-08-27 04:34:00,NOAA-21,CORRENTE,PIAUÍ,Brasil,2202901,22,33,,,,Cerrado,16.4
a389a2ce-2219-30e9-86d0-b6dd0efbddbd, -10.785370, -54.009830,2026-08-27 04:34:00,NOAA-21,MARCELÂNDIA,MATO GROSSO,Brasil,5105580,51,33,,,,Amazônia,2.6
4c035a2e-ad73-3242-9463-d96e16e06765, -13.362020, -48.241800,2026-08-27 04:34:00,NOAA-21,MINAÇU,GOIÁS,Brasil,5213087,52,33,,,,Cerrado,2.3
fec6ace0-aed1-3aa5-8f21-dc8abc9a115e,  -9.382260, -48.690770,2026-08-27 04:34:00,NOAA-21,MIRANORTE,TOCANTINS,Brasil,1713304,17,33,,,,Cerrado,1.2
c44bf8d4-6cdc-32ea-8cd3-3915dbcf6c59, -11.759080, -54.522150,2026-08-27 04:34:00,NOAA-21,UNIÃO DO SUL,MATO GROSSO,Brasil,5108303,51,33,,,,Amazônia,1.7
2e729ffb-c1ed-306a-97ef-cf0127ae34e8, -10.754230, -54.022680,2026-08-27 04:34:00,NOAA-21,MARCELÂNDIA,MATO GROSSO,Brasil,5105580,51,33,,,,Amazônia,1.5
70bf27d4-0041-3270-8a9f-155ec7098025,  -9.380090, -48.704690,2026-08-27 04:34:00,NOAA-21,MIRANORTE,TOCANTINS,Brasil,1713304,17,33,,,,Cerrado,4.7
96adb704-d5e4-3a53-94f0-9624f46c8b47,  -6.228300, -55.620050,2026-08-27 04:34:00,NOAA-21,ITAITUBA,PARÁ,Brasil,1503606,15,33,,,,Amazônia,6.5
e2834498-7d0c-3014-b5ad-62ca4e093235,  -8.802880, -50.068480,2026-08-27 04:34:00,NOAA-21,SANTA MARIA DAS BARREIRAS,PARÁ,Brasil,1506583,15,33,,,,Amazônia,1.4
aa0fd878-5cc2-3eec-960e-4692a79baa59,  -6.428730, -54.933930,2026-08-27 04:34:00,NOAA-21,ALTAMIRA,PARÁ,Brasil,1500602,15,33,,,,Amazônia,2.2
ad2f1cac-c655-370e-9786-e7a63f5d94a0, -11.804440, -47.672050,2026-08-27 04:34:00,NOAA-21,NATIVIDADE,TOCANTINS,Brasil,1714203,17,33,,,,Cerrado,1.3
b2cb30f5-e85f-341d-8a4d-fba52f78664a, -12.639250, -48.421890,2026-08-27 04:34:00,NOAA-21,SÃO SALVADOR DO TOCANTINS,TOCANTINS,Brasil,1720259,17,33,,,,Cerrado,1.7
38d68829-8b11-3e67-83ea-acbd2f64c77b, -10.779810, -53.994450,2026-08-27 04:34:00,NOAA-21,MARCELÂNDIA,MATO GROSSO,Brasil,5105580,51,33,,,,Amazônia,1.4
6b85d3d4-ef61-3791-a0f6-4a284703fbcc,  -6.163060, -57.804520,2026-08-27 04:34:00,NOAA-21,JACAREACANGA,PARÁ,Brasil,1503754,15,33,,,,Amazônia,4.9
b704cb71-ae5f-39ed-afd6-429914e0b3b8,  -6.778250, -55.687790,2026-08-27 04:34:00,NOAA-21,NOVO PROGRESSO,PARÁ,Brasil,1505031,15,33,,,,Amazônia,4.5
be24ee60-3449-31e8-aee5-07f579443048,  -8.188100, -54.953350,2026-08-27 04:34:00,NOAA-21,ALTAMIRA,PARÁ,Brasil,1500602,15,33,,,,Amazônia,3.9
333fef99-8675-36a0-a5d7-6365d0e6c039,  -7.360470, -55.164970,2026-08-27 04:34:00,NOAA-21,ALTAMIRA,PARÁ,Brasil,1500602,15,33,,,,Amazônia,3.4
0761d54e-f651-3c4d-ae10-9c5e7ddb46f9,  -8.808020, -50.058120,2026-08-27 04:34:00,NOAA-21,SANTA MARIA DAS BARREIRAS,PARÁ,Brasil,1506583,15,33,,,,Amazônia,9.4
1c163dda-cc9c-3646-a390-ea12f7a2ac6f,  -7.130190, -42.793700,2026-08-27 04:34:00,NOAA-21,NAZARÉ DO PIAUÍ,PIAUÍ,Brasil,2206704,22,33,,,,Caatinga,0.7
3fc873be-d8eb-31e2-b676-639747fc77e3,  -7.649380, -47.124020,2026-08-27 04:34:00,NOAA-21,RIACHÃO,MARANHÃO,Brasil,2109502,21,33,,,,Cerrado,0.9
8220d18c-a907-32f2-afe3-6ef1058de114,  -6.257850, -55.418910,2026-08-27 04:34:00,NOAA-21,ITAITUBA,PARÁ,Brasil,1503606,15,33,,,,Amazônia,4.7
4106d939-a705-3dc6-b3c7-5e5eb8a4710c, -11.742370, -54.523190,2026-08-27 04:34:00,NOAA-21,UNIÃO DO SUL,MATO GROSSO,Brasil,5108303,51,33,,,,Amazônia,1.8
dfc56e5b-4d0d-3b99-98b7-a3616bf8ae0b,  -7.205880, -42.754380,2026-08-27 04:34:00,NOAA-21,NAZARÉ DO PIAUÍ,PIAUÍ,Brasil,2206704,22,33,,,,Caatinga,1.0
268b0a87-9472-323f-95bb-7e1a9c38e650,  -8.133770, -47.467260,2026-08-27 04:34:00,NOAA-21,GOIATINS,TOCANTINS,Brasil,1709005,17,33,,,,Cerrado,0.6
1d2bfec9-752a-3afe-bc26-0475a0c85948,  -9.387750, -48.677370,2026-08-27 04:34:00,NOAA-21,MIRANORTE,TOCANTINS,Brasil,1713304,17,33,,,,Cerrado,3.1
ca2f1e60-4f5c-32ef-b232-b2a02ad503fb,  -8.597190, -54.757350,2026-08-27 04:34:00,NOAA-21,ALTAMIRA,PARÁ,Brasil,1500602,15,33,,,,Amazônia,1.8
1c8c08d1-6156-3a88-8184-2b9de4267e3e, -10.362580, -45.068490,2026-08-27 04:34:00,NOAA-21,CORRENTE,PIAUÍ,Brasil,2202901,22,33,,,,Cerrado,1.6
58b7946a-fd35-31bb-9330-e2cdbbe0791b,  -7.485480, -55.286190,2026-08-27 04:34:00,NOAA-21,NOVO PROGRESSO,PARÁ,Brasil,1505031,15,33,,,,Amazônia,2.2
0b49f258-a622-3a73-b1bd-76b8294120e4,  -6.282860, -53.363150,2026-08-27 04:34:00,NOAA-21,ALTAMIRA,PARÁ,Brasil,1500602,15,33,,,,Amazônia,1.7
1a4f40ba-0a62-3829-8cba-a0e973c5df55,  -7.094160, -42.810870,2026-08-27 04:34:00,NOAA-21,NAZARÉ DO PIAUÍ,PIAUÍ,Brasil,2206704,22,33,,,,Caatinga,3.5
f0f13176-a89f-39c3-99db-20bbd8bff8f2, -10.770280, -53.978290,2026-08-27 04:34:00,NOAA-21,MARCELÂNDIA,MATO GROSSO,Brasil,5105580,51,33,,,,Amazônia,3.8
92899bba-6802-303b-aec5-0e9d36cb67a4,  -9.493630, -56.920600,2026-08-27 04:34:00,NOAA-21,PARANAÍTA,MATO GROSSO,Brasil,5106299,51,33,,,,Amazônia,3.8
4cf68eb3-22fd-3220-921d-38ec0548f838, -11.745180, -54.531290,2026-08-27 04:34:00,NOAA-21,UNIÃO DO SUL,MATO GROSSO,Brasil,5108303,51,33,,,,Amazônia,1.0
1b7b0fb5-d3c4-3f47-aad9-d7cf35090f2b,  -7.304650, -43.026120,2026-08-27 04:34:00,NOAA-21,FLORIANO,PIAUÍ,Brasil,2203909,22,33,,,,Caatinga,1.9
dd58c6f7-4422-312c-bcd8-97198ac3bc43, -12.757390, -46.473320,2026-08-27 04:34:00,NOAA-21,LAVANDEIRA,TOCANTINS,Brasil,1712157,17,33,,,,Cerrado,1.5
56ad420d-7839-3f7f-a9c0-101c5e8c8bc8, -10.301750, -49.956350,2026-08-27 04:34:00,NOAA-21,PIUM,TOCANTINS,Brasil,1717503,17,33,,,,Cerrado,1.5
be48bc7d-1254-39f3-b79d-cb2526c4b521,  -7.857240, -46.306840,2026-08-27 04:34:00,NOAA-21,BALSAS,MARANHÃO,Brasil,2101400,21,33,,,,Cerrado,2.7
3f4572d3-373b-3979-8c06-1c3362701870,  -7.305760, -42.960290,2026-08-27 04:34:00,NOAA-21,FLORIANO,PIAUÍ,Brasil,2203909,22,33,,,,Caatinga,2.8
532b77f4-8bb0-3fd2-bc92-eb4d617cd6dd,  -8.026210, -51.820870,2026-08-27 04:34:00,NOAA-21,OURILÂNDIA DO NORTE,PARÁ,Brasil,1505437,15,33,,,,Amazônia,1.6
b6137d84-60b9-39d0-9e88-ed22e57a7b3c, -11.746990, -54.542770,2026-08-27 04:34:00,NOAA-21,UNIÃO DO SUL,MATO GROSSO,Brasil,5108303,51,33,,,,Amazônia,1.3
f111a197-2ed1-3e35-b817-ad040c169d59,  -7.095040, -42.193190,2026-08-27 04:34:00,NOAA-21,OEIRAS,PIAUÍ,Brasil,2207009,22,33,,,,Caatinga,1.7
36eaf2ab-b4fe-3462-a017-8d716ae42e1f,  -6.908380, -44.667630,2026-08-27 04:34:00,NOAA-21,SÃO DOMINGOS DO AZEITÃO,MARANHÃO,Brasil,2110658,21,33,,,,Cerrado,2.5
c832da71-9cc1-3076-92ca-5ecffad76b97,  -6.145060, -59.920740,2026-08-27 04:34:00,NOAA-21,NOVO ARIPUANÃ,AMAZONAS,Brasil,1303304,13,33,,,,Amazônia,2.6
6a7931ee-8893-3935-a012-98e9ffad28b9,  -6.408890, -60.057870,2026-08-27 04:34:00,NOAA-21,NOVO ARIPUANÃ,AMAZONAS,Brasil,1303304,13,33,,,,Amazônia,2.3
6c5701f4-d2ef-3704-b1fb-7b09b65edd9a, -11.163730, -53.994790,2026-08-27 04:34:00,NOAA-21,MARCELÂNDIA,MATO GROSSO,Brasil,5105580,51,33,,,,Amazônia,1.4
2edf1605-0a32-3a04-bf94-ef6b7e8b16ec, -11.730420, -54.543790,2026-08-27 04:34:00,NOAA-21,UNIÃO DO SUL,MATO GROSSO,Brasil,5108303,51,33,,,,Amazônia,3.0
a240aec2-cd50-3b4a-b691-4a07dec97207, -10.535990, -50.775870,2026-08-27 04:34:00,NOAA-21,SANTA TEREZINHA,MATO GROSSO,Brasil,5107776,51,33,,,,Cerrado,2.1
e554c01c-4b75-3843-ba2e-82a5f3d9c333,  -6.992090, -59.306620,2026-08-27 04:34:00,NOAA-21,APUÍ,AMAZONAS,Brasil,1300144,13,33,,,,Amazônia,2.2
9167bbe6-dd30-3fb9-8bcd-a69dc8248c53,  -7.374910, -55.163030,2026-08-27 04:34:00,NOAA-21,ALTAMIRA,PARÁ,Brasil,1500602,15,33,,,,Amazônia,3.7
727ebfe4-1af4-32ee-9d25-785b55cdc5bd,  -8.796970, -50.052800,2026-08-27 04:34:00,NOAA-21,SANTA MARIA DAS BARREIRAS,PARÁ,Brasil,1506583,15,33,,,,Amazônia,10.9
1e20ab4b-a06f-3fcd-993b-540c769aaebf, -13.329940, -48.203210,2026-08-27 04:34:00,NOAA-21,MINAÇU,GOIÁS,Brasil,5213087,52,33,,,,Cerrado,2.9
5c5be3de-447a-3fa7-8ef0-42d2fc7d2fdf, -11.732320, -54.532750,2026-08-27 04:34:00,NOAA-21,UNIÃO DO SUL,MATO GROSSO,Brasil,5108303,51,33,,,,Amazônia,7.7
8038b33e-75a0-381f-9db1-58036ec3f6ce,  -9.409100, -51.638170,2026-08-27 04:34:00,NOAA-21,SÃO FÉLIX DO XINGU,PARÁ,Brasil,1507300,15,33,,,,Amazônia,2.0
f1ea47c4-32fa-3321-aeec-42819b49cdc3, -11.801610, -47.667870,2026-08-27 04:34:00,NOAA-21,NATIVIDADE,TOCANTINS,Brasil,1714203,17,33,,,,Cerrado,1.3
bf1cb262-ad59-31ef-853b-501a1baebc60,  -6.164990, -57.793440,2026-08-27 04:34:00,NOAA-21,JACAREACANGA,PARÁ,Brasil,1503754,15,33,,,,Amazônia,2.2
4fb72b45-093b-388f-ad23-113880968df8,  -6.839820, -42.846550,2026-08-27 04:34:00,NOAA-21,FLORIANO,PIAUÍ,Brasil,2203909,22,33,,,,Caatinga,3.4
2c48fa92-be8f-3af2-96f2-ad14cf5ad2a4, -10.771510, -54.018310,2026-08-27 04:34:00,NOAA-21,MARCELÂNDIA,MATO GROSSO,Brasil,5105580,51,33,,,,Amazônia,1.2
c8e67bce-bf8e-3206-84d7-510ca82d601f, -12.748410, -46.459750,2026-08-27 04:34:00,NOAA-21,AURORA DO TOCANTINS,TOCANTINS,Brasil,1702703,17,33,,,,Cerrado,7.0
d9561ed2-71c6-3e29-a03e-1116373cbf3c, -11.159870, -51.214790,2026-08-27 04:34:00,NOAA-21,LUCIARA,MATO GROSSO,Brasil,5105309,51,33,,,,Cerrado,1.0
1c5f924a-edcf-33d7-bd73-941a47aa4023,  -8.159430, -47.500150,2026-08-27 04:34:00,NOAA-21,GOIATINS,TOCANTINS,Brasil,1709005,17,33,,,,Cerrado,0.5
e747cf79-cf2c-3aaf-ae67-a2ee40ddc7fc, -12.765710, -46.466190,2026-08-27 04:34:00,NOAA-21,LAVANDEIRA,TOCANTINS,Brasil,1712157,17,33,,,,Cerrado,3.7
a520a0ad-f952-3a25-8678-ce544de260db,  -7.736290, -44.735020,2026-08-27 04:34:00,NOAA-21,URUÇUÍ,PIAUÍ,Brasil,2211209,22,33,,,,Cerrado,7.8
8327af24-2c6e-3817-aab0-9149ac4d126e, -10.853170, -50.528340,2026-08-27 04:34:00,NOAA-21,LAGOA DA CONFUSÃO,TOCANTINS,Brasil,1711902,17,33,,,,Cerrado,0.8
93852b45-07bf-39a0-b95e-4cef2fd2302e,  -6.232340, -55.483130,2026-08-27 04:34:00,NOAA-21,ITAITUBA,PARÁ,Brasil,1503606,15,33,,,,Amazônia,6.3
e6ba0642-0f03-39fc-b64e-8da3848797f8,  -8.816980, -50.067010,2026-08-27 04:34:00,NOAA-21,SANTA MARIA DAS BARREIRAS,PARÁ,Brasil,1506583,15,33,,,,Amazônia,1.6
57aa9fb2-2325-33a4-a036-eee48159fda8, -10.768420, -54.036010,2026-08-27 04:34:00,NOAA-21,MARCELÂNDIA,MATO GROSSO,Brasil,5105580,51,33,,,,Amazônia,1.3
274c7c70-eaa6-3fc3-b46e-5f7035b936d9, -10.776140, -54.015460,2026-08-27 04:34:00,NOAA-21,MARCELÂNDIA,MATO GROSSO,Brasil,5105580,51,33,,,,Amazônia,1.3
56f769da-ffc9-3873-bd80-e70d57460349,  -7.412920, -49.749690,2026-08-27 04:34:00,NOAA-21,FLORESTA DO ARAGUAIA,PARÁ,Brasil,1503044,15,33,,,,Amazônia,1.5
a4a1cd79-2f97-3739-a218-b0833f796247,  -7.634880, -44.787860,2026-08-27 04:34:00,NOAA-21,URUÇUÍ,PIAUÍ,Brasil,2211209,22,33,,,,Cerrado,0.6
ce3d2ecb-d48d-312c-83b8-a19fa30fe708, -11.767860, -54.520000,2026-08-27 04:34:00,NOAA-21,UNIÃO DO SUL,MATO GROSSO,Brasil,5108303,51,33,,,,Amazônia,1.8
413e3d07-41c0-3ca1-87d3-c2200e7c99d2, -11.167710, -53.995470,2026-08-27 04:34:00,NOAA-21,MARCELÂNDIA,MATO GROSSO,Brasil,5105580,51,33,,,,Amazônia,1.4
f59490d4-98d1-3c9c-8320-7d99e73a439a,  -8.617690, -50.016710,2026-08-27 04:34:00,NOAA-21,SANTA MARIA DAS BARREIRAS,PARÁ,Brasil,1506583,15,33,,,,Amazônia,1.5
1660e8f8-3bf9-3fd8-9660-a970eda42cc0,  -6.195250, -55.414140,2026-08-27 04:34:00,NOAA-21,ITAITUBA,PARÁ,Brasil,1503606,15,33,,,,Amazônia,2.1
9ee9c220-dfd4-3943-898d-919bce7fd9e7,  -7.074340, -44.907900,2026-08-27 04:34:00,NOAA-21,SÃO FÉLIX DE BALSAS,MARANHÃO,Brasil,2110807,21,33,,,,Cerrado,2.9
6e963557-709b-3eee-9173-21c16133fecd,  -7.272610, -46.811100,2026-08-27 04:34:00,NOAA-21,CAROLINA,MARANHÃO,Brasil,2102804,21,33,,,,Cerrado,3.9
7d71f1a1-b4a7-3ffd-bfec-5a85485e7918, -10.768130, -54.014080,2026-08-27 04:34:00,NOAA-21,MARCELÂNDIA,MATO GROSSO,Brasil,5105580,51,33,,,,Amazônia,1.7
266eaab7-6e04-3a12-96fb-87adff506056,  -6.199200, -45.915110,2026-08-27 04:34:00,NOAA-21,GRAJAÚ,MARANHÃO,Brasil,2104800,21,33,,,,Cerrado,0.8
721e554c-c4d9-36c2-a753-bd9c4e71ab66,  -7.324060, -42.977860,2026-08-27 04:34:00,NOAA-21,FLORIANO,PIAUÍ,Brasil,2203909,22,33,,,,Caatinga,4.7
02cd4ea5-ae56-3307-a6c8-2628951fc39a, -12.634820, -48.428450,2026-08-27 04:34:00,NOAA-21,SÃO SALVADOR DO TOCANTINS,TOCANTINS,Brasil,1720259,17,33,,,,Cerrado,0.7
3ab30401-2af3-367a-ad39-46de9a6378f1,  -6.888210, -41.748770,2026-08-27 04:34:00,NOAA-21,IPIRANGA DO PIAUÍ,PIAUÍ,Brasil,2204808,22,33,,,,Caatinga,1.9
f8b2568b-8056-308d-acc0-1d2f84b65928,  -7.093640, -42.814540,2026-08-27 04:34:00,NOAA-21,NAZARÉ DO PIAUÍ,PIAUÍ,Brasil,2206704,22,33,,,,Caatinga,3.1
e4d08df5-8c69-38b1-9172-b122a2faaf29,  -8.115810, -45.485160,2026-08-27 04:34:00,NOAA-21,RIBEIRO GONÇALVES,PIAUÍ,Brasil,2208908,22,33,,,,Cerrado,1.1
cb4cbc54-03cc-3bd9-880d-8f7cd2cf1d9b,  -8.114680, -51.672790,2026-08-27 04:34:00,NOAA-21,OURILÂNDIA DO NORTE,PARÁ,Brasil,1505437,15,33,,,,Amazônia,2.5
25b04c07-046c-3b48-b841-aac554497c8c,  -9.453760, -51.700730,2026-08-27 04:34:00,NOAA-21,SÃO FÉLIX DO XINGU,PARÁ,Brasil,1507300,15,33,,,,Amazônia,1.4
7e4276e9-4bd7-33ce-8e9e-651e803be5c0,  -9.350270, -48.678590,2026-08-27 04:34:00,NOAA-21,MIRANORTE,TOCANTINS,Brasil,1713304,17,33,,,,Cerrado,1.7
49f9c7d1-5e46-3537-af68-818416301fb7, -10.767510, -54.017630,2026-08-27 04:34:00,NOAA-21,MARCELÂNDIA,MATO GROSSO,Brasil,5105580,51,33,,,,Amazônia,1.2
4609454e-dc0c-3046-a031-0c9ac14133c4, -11.621870, -46.752090,2026-08-27 04:34:00,NOAA-21,DIANÓPOLIS,TOCANTINS,Brasil,1707009,17,33,,,,Cerrado,1.8
7639851e-be7a-3a15-ae0d-65f7a8f57890,  -7.407660, -55.163990,2026-08-27 04:34:00,NOAA-21,ALTAMIRA,PARÁ,Brasil,1500602,15,33,,,,Amazônia,3.7
53d4a021-cdde-37b3-9b0b-b3466d481d5a,  -9.342570, -48.684500,2026-08-27 04:34:00,NOAA-21,MIRANORTE,TOCANTINS,Brasil,1713304,17,33,,,,Cerrado,1.5
b932a874-9ce9-3f23-8093-febfd70ab11d,  -6.990590, -59.526600,2026-08-27 04:34:00,NOAA-21,APUÍ,AMAZONAS,Brasil,1300144,13,33,,,,Amazônia,2.7
3ef82bd4-c202-3ad5-9b53-1a7801bd0aa0, -11.746330, -54.546430,2026-08-27 04:34:00,NOAA-21,UNIÃO DO SUL,MATO GROSSO,Brasil,5108303,51,33,,,,Amazônia,1.3
1c57f930-4a57-32dd-b217-2baf7f4fa05c,  -6.237090, -55.484040,2026-08-27 04:34:00,NOAA-21,ITAITUBA,PARÁ,Brasil,1503606,15,33,,,,Amazônia,6.3
9849b65a-5632-3f65-87b2-daa3a5654154,  -6.487040, -51.436420,2026-08-27 04:34:00,NOAA-21,SÃO FÉLIX DO XINGU,PARÁ,Brasil,1507300,15,33,,,,Amazônia,1.1
4e10d499-ae4a-3bd2-9c1b-a1cb54ee7465,  -6.144130, -59.926010,2026-08-27 04:34:00,NOAA-21,NOVO ARIPUANÃ,AMAZONAS,Brasil,1303304,13,33,,,,Amazônia,2.3
a326bdd9-261b-3a05-9237-b6e9250c469b,  -8.798470, -50.052860,2026-08-27 04:34:00,NOAA-21,SANTA MARIA DAS BARREIRAS,PARÁ,Brasil,1506583,15,33,,,,Amazônia,1.6
83f4c5e9-1022-3929-971c-6e80f7d8b844,  -6.324870, -54.742180,2026-08-27 04:34:00,NOAA-21,ALTAMIRA,PARÁ,Brasil,1500602,15,33,,,,Amazônia,4.2
06b15253-cf71-3fb7-ad6e-294b3eab0981,  -6.619010, -58.383340,2026-08-27 04:34:00,NOAA-21,JACAREACANGA,PARÁ,Brasil,1503754,15,33,,,,Amazônia,1.9
a0dde01a-8266-3250-9571-dbc058989c27,  -7.125400, -43.177980,2026-08-27 04:34:00,NOAA-21,FLORIANO,PIAUÍ,Brasil,2203909,22,33,,,,Caatinga,0.8
80f6dd32-d827-32df-a1bb-fe19de2ccc1e,  -9.612620, -55.112400,2026-08-27 04:34:00,NOAA-21,NOVO MUNDO,MATO GROSSO,Brasil,5106265,51,33,,,,Amazônia,4.6
3fc1fae6-e43c-3030-aac6-63d1075fab50, -10.773050, -53.986010,2026-08-27 04:34:00,NOAA-21,MARCELÂNDIA,MATO GROSSO,Brasil,5105580,51,33,,,,Amazônia,2.8
a618e3bb-4f14-399a-9c0b-de2ef82411f4,  -6.538250, -56.257610,2026-08-27 04:34:00,NOAA-21,ITAITUBA,PARÁ,Brasil,1503606,15,33,,,,Amazônia,0.9
10c80bd8-0e89-3164-840d-414c188aca65, -12.631490, -48.427930,2026-08-27 04:34:00,NOAA-21,SÃO SALVADOR DO TOCANTINS,TOCANTINS,Brasil,1720259,17,33,,,,Cerrado,0.7
350bfb04-7c17-3cce-8977-9649d0e5428e,  -9.178240, -58.314740,2026-08-27 04:34:00,NOAA-21,NOVA BANDEIRANTES,MATO GROSSO,Brasil,5106158,51,33,,,,Amazônia,1.2
69169a8d-a0b4-3c7d-8d97-da3c64a2fb85, -11.597820, -50.444540,2026-08-27 04:34:00,NOAA-21,FORMOSO DO ARAGUAIA,TOCANTINS,Brasil,1708205,17,33,,,,Cerrado,1.2
2e968390-87f6-3c77-b829-61eabe800d35,  -9.217120, -51.548880,2026-08-27 04:34:00,NOAA-21,SÃO FÉLIX DO XINGU,PARÁ,Brasil,1507300,15,33,,,,Amazônia,5.1
c11e4477-8a49-35b9-8908-ec031415d617,  -8.110720, -50.021370,2026-08-27 04:34:00,NOAA-21,REDENÇÃO,PARÁ,Brasil,1506138,15,33,,,,Amazônia,2.4
3a502d9a-9320-314a-8368-b19b0b3512af,  -5.922640, -51.762660,2026-08-27 04:34:00,NOAA-21,SÃO FÉLIX DO XINGU,PARÁ,Brasil,1507300,15,33,,,,Amazônia,0.8
b388f2bc-1b0d-394f-95b6-6ff3e16de2da,  -6.768610, -55.686550,2026-08-27 04:34:00,NOAA-21,NOVO PROGRESSO,PARÁ,Brasil,1505031,15,33,,,,Amazônia,2.7
9f2f104c-8afe-34a8-b1ee-ed42b2a20f8a, -10.923250, -50.241640,2026-08-27 04:34:00,NOAA-21,LAGOA DA CONFUSÃO,TOCANTINS,Brasil,1711902,17,33,,,,Cerrado,1.1
f08e2957-3b07-3c45-850c-c400933c8774,  -8.534040, -55.305590,2026-08-27 04:34:00,NOAA-21,NOVO PROGRESSO,PARÁ,Brasil,1505031,15,33,,,,Amazônia,2.0
62cdf5b9-51f6-3252-a25f-9e0d4228bbff,  -8.993060, -52.393440,2026-08-27 04:34:00,NOAA-21,SÃO FÉLIX DO XINGU,PARÁ,Brasil,1507300,15,33,,,,Amazônia,2.2
02d7aeff-37a7-39e7-81c2-ed7cde99dc4d,  -9.370710, -48.699650,2026-08-27 04:34:00,NOAA-21,MIRANORTE,TOCANTINS,Brasil,1713304,17,33,,,,Cerrado,1.5
330c6b98-5e64-380b-b96f-2a9b44528a44,  -6.637690, -53.185950,2026-08-27 04:34:00,NOAA-21,SÃO FÉLIX DO XINGU,PARÁ,Brasil,1507300,15,33,,,,Amazônia,8.7
e6b3f272-e068-3e18-b8a4-80fe8767af37, -10.386410, -61.203300,2026-08-27 04:34:00,NOAA-21,RONDOLÂNDIA,MATO GROSSO,Brasil,5107578,51,33,,,,Amazônia,4.2
7287bc69-de65-3b3a-9def-bcd552cc3580,  -7.147930, -43.163590,2026-08-27 04:34:00,NOAA-21,FLORIANO,PIAUÍ,Brasil,2203909,22,33,,,,Caatinga,1.6
60d67167-e02f-3a04-9cea-f61c1b5726b3,  -6.816470, -59.611070,2026-08-27 04:34:00,NOAA-21,APUÍ,AMAZONAS,Brasil,1300144,13,33,,,,Amazônia,2.6
404c4dfd-46d6-3bf4-ac71-8ec9d6cf9d87,  -6.194380, -55.419170,2026-08-27 04:34:00,NOAA-21,ITAITUBA,PARÁ,Brasil,1503606,15,33,,,,Amazônia,2.1
66ce5699-cdf8-30ce-b75d-8f3ba7cd1d74,  -6.774140, -44.895980,2026-08-27 04:34:00,NOAA-21,SÃO FÉLIX DE BALSAS,MARANHÃO,Brasil,2110807,21,33,,,,Cerrado,2.3
3728776f-ea20-3bd7-b428-e59c9b5c339e,  -7.379440, -55.164080,2026-08-27 04:34:00,NOAA-21,ALTAMIRA,PARÁ,Brasil,1500602,15,33,,,,Amazônia,2.3
a8b227e2-0e5a-3ed6-abd4-efde66f01f9d, -11.754590, -54.525340,2026-08-27 04:34:00,NOAA-21,UNIÃO DO SUL,MATO GROSSO,Brasil,5108303,51,33,,,,Amazônia,0.9
5dc3a5c5-dcde-3071-8734-801ff315a2cf,  -8.507380, -55.324750,2026-08-27 04:34:00,NOAA-21,NOVO PROGRESSO,PARÁ,Brasil,1505031,15,33,,,,Amazônia,2.1
45a7400e-a44f-3e29-9066-4633bc09160b,  -6.616710, -58.492420,2026-08-27 04:34:00,NOAA-21,MAUÉS,AMAZONAS,Brasil,1302900,13,33,,,,Amazônia,2.5
1dfa752d-642b-3262-bbfe-ad4082b54fe7,  -6.991270, -59.311210,2026-08-27 04:34:00,NOAA-21,APUÍ,AMAZONAS,Brasil,1300144,13,33,,,,Amazônia,2.2
c95cf61d-3b12-33d9-b6f7-ab2bf499eae9,  -9.641500, -48.335820,2026-08-27 04:34:00,NOAA-21,TOCANTÍNIA,TOCANTINS,Brasil,1721109,17,33,,,,Cerrado,2.5
0abd4feb-bb0f-3e6f-84b9-4ebef743b8eb, -12.756220, -46.481400,2026-08-27 04:34:00,NOAA-21,LAVANDEIRA,TOCANTINS,Brasil,1712157,17,33,,,,Cerrado,5.3
bdc9ff4d-e24b-352d-a39f-115598dd76c7,  -7.137470, -43.208360,2026-08-27 04:34:00,NOAA-21,FLORIANO,PIAUÍ,Brasil,2203909,22,33,,,,Caatinga,0.9
53abd310-0d4d-3444-aaf5-5048ff2bcbed,  -5.870230, -51.723420,2026-08-27 04:34:00,NOAA-21,SÃO FÉLIX DO XINGU,PARÁ,Brasil,1507300,15,33,,,,Amazônia,2.3
289d3212-44c6-3d8f-a37b-d63f49e52e12, -11.696870, -54.591420,2026-08-27 04:34:00,NOAA-21,SANTA CARMEM,MATO GROSSO,Brasil,5107248,51,33,,,,Amazônia,1.2
689afb06-43af-3608-b2b5-61d3b5d1ec8b,  -9.662920, -48.307050,2026-08-27 04:34:00,NOAA-21,TOCANTÍNIA,TOCANTINS,Brasil,1721109,17,33,,,,Cerrado,3.5
b0ea5c25-2113-3ac6-a6cc-3ad4e3f4f6db, -13.368090, -48.224450,2026-08-27 04:34:00,NOAA-21,MINAÇU,GOIÁS,Brasil,5213087,52,33,,,,Cerrado,1.8
a2f4a1a1-4ec9-36aa-8bb7-4b8133127226, -10.767500, -53.970660,2026-08-27 04:34:00,NOAA-21,MARCELÂNDIA,MATO GROSSO,Brasil,5105580,51,33,,,,Amazônia,2.5
cb9a61e7-243f-3693-af62-5b8a488d128b,  -8.815810, -50.074280,2026-08-27 04:34:00,NOAA-21,SANTA MARIA DAS BARREIRAS,PARÁ,Brasil,1506583,15,33,,,,Amazônia,1.6
10bb40c2-51f3-3161-a694-62df3953a59e,  -7.152970, -43.185770,2026-08-27 04:34:00,NOAA-21,FLORIANO,PIAUÍ,Brasil,2203909,22,33,,,,Caatinga,4.3
e5f3c56d-988b-3d53-b1d7-717c05ea9de3,  -8.242340, -55.003390,2026-08-27 04:34:00,NOAA-21,ALTAMIRA,PARÁ,Brasil,1500602,15,33,,,,Amazônia,3.4
e9d02b5d-9cbc-3fe9-8a89-ac57d4800c24,  -9.438790, -51.702380,2026-08-27 04:34:00,NOAA-21,SÃO FÉLIX DO XINGU,PARÁ,Brasil,1507300,15,33,,,,Amazônia,2.6
edb9bc45-a2ba-3852-9308-48874ae89785,  -9.409790, -51.634060,2026-08-27 04:34:00,NOAA-21,SÃO FÉLIX DO XINGU,PARÁ,Brasil,1507300,15,33,,,,Amazônia,2.8
830dc5e1-41a1-3a73-973c-2aa49e69bea3,  -9.452220, -51.687820,2026-08-27 04:34:00,NOAA-21,SÃO FÉLIX DO XINGU,PARÁ,Brasil,1507300,15,33,,,,Amazônia,1.4
98ec9bc4-309b-363e-8b08-6253a963881d,  -7.067110, -44.906740,2026-08-27 04:34:00,NOAA-21,SÃO FÉLIX DE BALSAS,MARANHÃO,Brasil,2110807,21,33,,,,Cerrado,3.6
30f1b040-ac5f-3320-ac2b-09460ecd0573, -12.622010, -48.422800,2026-08-27 04:34:00,NOAA-21,SÃO SALVADOR DO TOCANTINS,TOCANTINS,Brasil,1720259,17,33,,,,Cerrado,2.2
1ec83a8e-33bb-3f98-b635-b76d862c96ea, -11.744540, -54.534980,2026-08-27 04:34:00,NOAA-21,UNIÃO DO SUL,MATO GROSSO,Brasil,5108303,51,33,,,,Amazônia,2.1
faefa564-c9fc-30d9-81e2-5a5f1d57f449,  -5.842010, -57.759510,2026-08-27 04:34:00,NOAA-21,JACAREACANGA,PARÁ,Brasil,1503754,15,33,,,,Amazônia,1.5
be132ead-e5ad-3e00-b0f1-d86d1d0b7c51, -10.388090, -61.199950,2026-08-27 04:34:00,NOAA-21,RONDOLÂNDIA,MATO GROSSO,Brasil,5107578,51,33,,,,Amazônia,4.9
64f86696-5981-3028-bb69-7f2d7d2bacfb,  -9.185460, -50.000010,2026-08-27 04:34:00,NOAA-21,SANTANA DO ARAGUAIA,PARÁ,Brasil,1506708,15,33,,,,Amazônia,1.5
368afaf2-8d61-301e-a5d5-1d5167bb79dd,  -6.305670, -53.572150,2026-08-27 04:34:00,NOAA-21,ALTAMIRA,PARÁ,Brasil,1500602,15,33,,,,Amazônia,1.8
8ec11682-633c-30e7-9822-81f976eaa71c,  -6.627220, -58.501640,2026-08-27 04:34:00,NOAA-21,MAUÉS,AMAZONAS,Brasil,1302900,13,33,,,,Amazônia,2.9
bc393171-aefe-3df4-852e-673cac001600, -10.313420, -49.969240,2026-08-27 04:34:00,NOAA-21,PIUM,TOCANTINS,Brasil,1717503,17,33,,,,Cerrado,2.4
e717b823-1c74-32f7-b198-1e3394477ee8,  -8.247590, -54.999590,2026-08-27 04:34:00,NOAA-21,ALTAMIRA,PARÁ,Brasil,1500602,15,33,,,,Amazônia,2.7
42e983d6-6096-3f29-bee2-93cc05749a4b,  -8.248370, -54.995080,2026-08-27 04:34:00,NOAA-21,ALTAMIRA,PARÁ,Brasil,1500602,15,33,,,,Amazônia,2.7
8e8410b7-aa4c-3de3-a1b7-5bd2ddfb7aee,  -7.125010, -42.800520,2026-08-27 04:34:00,NOAA-21,NAZARÉ DO PIAUÍ,PIAUÍ,Brasil,2206704,22,33,,,,Caatinga,1.4
03a2edf4-007b-313f-9992-703e504208f5, -11.602130, -46.740890,2026-08-27 04:34:00,NOAA-21,DIANÓPOLIS,TOCANTINS,Brasil,1707009,17,33,,,,Cerrado,2.9
a6568de0-1840-3a19-9c24-1d58bb098189, -10.753600, -54.026240,2026-08-27 04:34:00,NOAA-21,MARCELÂNDIA,MATO GROSSO,Brasil,5105580,51,33,,,,Amazônia,1.5
15986c5d-4df6-346a-9945-662f3e1a4142,  -7.160960, -42.813170,2026-08-27 04:34:00,NOAA-21,NAZARÉ DO PIAUÍ,PIAUÍ,Brasil,2206704,22,33,,,,Caatinga,1.9
88529998-4d97-3bfa-8052-b5efa3c96ea4,  -8.079190, -47.491530,2026-08-27 04:34:00,NOAA-21,GOIATINS,TOCANTINS,Brasil,1709005,17,33,,,,Cerrado,1.3
4bb71323-0731-33e5-a802-5c23da41788e,  -7.745390, -44.749690,2026-08-27 04:34:00,NOAA-21,URUÇUÍ,PIAUÍ,Brasil,2211209,22,33,,,,Cerrado,4.7
e5c5f909-c7a4-3d96-8cb9-c57a7a2f7ccc, -12.758560, -46.465190,2026-08-27 04:34:00,NOAA-21,LAVANDEIRA,TOCANTINS,Brasil,1712157,17,33,,,,Cerrado,2.1
35f3e99b-27ad-327a-826a-eb42119a85f2,  -6.145550, -59.928580,2026-08-27 04:34:00,NOAA-21,NOVO ARIPUANÃ,AMAZONAS,Brasil,1303304,13,33,,,,Amazônia,1.4
59f6c726-6080-3437-a334-9a8dfea19ca5, -12.757970, -46.469260,2026-08-27 04:34:00,NOAA-21,LAVANDEIRA,TOCANTINS,Brasil,1712157,17,33,,,,Cerrado,1.5
2d3bdd5a-5812-33bf-96c1-d7f6641da506,  -7.098270, -42.811520,2026-08-27 04:34:00,NOAA-21,NAZARÉ DO PIAUÍ,PIAUÍ,Brasil,2206704,22,33,,,,Caatinga,3.5
a4e16525-71c5-3bd9-8a36-3ee8d90ae77a,  -6.644610, -53.194520,2026-08-27 04:34:00,NOAA-21,SÃO FÉLIX DO XINGU,PARÁ,Brasil,1507300,15,33,,,,Amazônia,5.2
08a33b31-513c-32c1-9364-a56dfd06aa13, -11.628860, -46.753040,2026-08-27 04:34:00,NOAA-21,DIANÓPOLIS,TOCANTINS,Brasil,1707009,17,33,,,,Cerrado,2.5
21cdd1d4-75db-31c5-90ea-aa3db52784ff,  -6.163710, -57.800790,2026-08-27 04:34:00,NOAA-21,JACAREACANGA,PARÁ,Brasil,1503754,15,33,,,,Amazônia,3.6
0afe59d2-a31c-3565-8aee-e281dae00574,  -7.129660, -42.797420,2026-08-27 04:34:00,NOAA-21,NAZARÉ DO PIAUÍ,PIAUÍ,Brasil,2206704,22,33,,,,Caatinga,1.0
e54dbb53-f906-3b22-a6fb-2bfc35655b93, -11.803340, -47.679420,2026-08-27 04:34:00,NOAA-21,NATIVIDADE,TOCANTINS,Brasil,1714203,17,33,,,,Cerrado,1.6
4589084c-660c-318d-b4f4-df11f70f25c2, -13.371450, -48.224970,2026-08-27 04:34:00,NOAA-21,MINAÇU,GOIÁS,Brasil,5213087,52,33,,,,Cerrado,1.8
ab4c2730-f56c-3c51-b377-e9c79c9fb2b9, -11.741740, -54.526880,2026-08-27 04:34:00,NOAA-21,UNIÃO DO SUL,MATO GROSSO,Brasil,5108303,51,33,,,,Amazônia,1.0
cfbd915a-e5f3-3225-96fc-a031c334b085, -11.712820, -54.548230,2026-08-27 04:34:00,NOAA-21,UNIÃO DO SUL,MATO GROSSO,Brasil,5108303,51,33,,,,Amazônia,0.8
17fbe2d3-cf24-3151-a1b2-439d03e57de3,  -6.639550, -58.499420,2026-08-27 04:34:00,NOAA-21,MAUÉS,AMAZONAS,Brasil,1302900,13,33,,,,Amazônia,1.9
999cd792-d3cd-3239-9e53-966c9e5bf596, -10.767180, -54.043090,2026-08-27 04:34:00,NOAA-21,MARCELÂNDIA,MATO GROSSO,Brasil,5105580,51,33,,,,Amazônia,3.2
01c34ee9-fc02-3315-b9f9-4f13ead080e6,  -7.394760, -55.156890,2026-08-27 04:34:00,NOAA-21,ALTAMIRA,PARÁ,Brasil,1500602,15,33,,,,Amazônia,4.8
5ba803c7-fabc-3e72-a439-ae9d4736bce2, -10.777370, -54.008420,2026-08-27 04:34:00,NOAA-21,MARCELÂNDIA,MATO GROSSO,Brasil,5105580,51,33,,,,Amazônia,1.4
fe272c53-9598-370f-b56a-fe319bd4dd7a, -11.798780, -47.663680,2026-08-27 04:34:00,NOAA-21,NATIVIDADE,TOCANTINS,Brasil,1714203,17,33,,,,Cerrado,1.9
d70f1a93-a721-3db9-8ebc-584f41a5044c, -10.743700, -54.002780,2026-08-27 04:34:00,NOAA-21,MARCELÂNDIA,MATO GROSSO,Brasil,5105580,51,33,,,,Amazônia,1.5
6a830063-69a4-396e-bacd-40252912bab4, -11.491300, -45.095750,2026-08-27 04:34:00,NOAA-21,RIACHÃO DAS NEVES,BAHIA,Brasil,2926202,29,33,,,,Cerrado,3.3
7e02699a-0a82-396a-999e-dfc29bff8cbf,  -6.759950, -55.679780,2026-08-27 04:34:00,NOAA-21,NOVO PROGRESSO,PARÁ,Brasil,1505031,15,33,,,,Amazônia,0.7
d6ba02e1-f516-3175-a2bc-1156be5572c0,  -6.766730, -55.697160,2026-08-27 04:34:00,NOAA-21,NOVO PROGRESSO,PARÁ,Brasil,1505031,15,33,,,,Amazônia,1.9
525afa07-b7e9-3dc8-a756-795f5fe80c78,  -7.373890, -55.196730,2026-08-27 04:34:00,NOAA-21,NOVO PROGRESSO,PARÁ,Brasil,1505031,15,33,,,,Amazônia,2.7
08b9775e-ddab-3609-ad43-caaeb5a0f99d,  -6.518510, -55.230790,2026-08-27 04:34:00,NOAA-21,ITAITUBA,PARÁ,Brasil,1503606,15,33,,,,Amazônia,3.8
486246b6-560c-3cc7-bbd8-c25da1b8d0bc,  -8.800230, -50.041970,2026-08-27 04:34:00,NOAA-21,SANTA MARIA DAS BARREIRAS,PARÁ,Brasil,1506583,15,33,,,,Amazônia,2.7
a95d5257-235a-3972-b964-8b844e11c586,  -7.292070, -49.939980,2026-08-27 04:34:00,NOAA-21,RIO MARIA,PARÁ,Brasil,1506161,15,33,,,,Amazônia,3.8
2c993386-e525-3323-bb22-64d65e9e6576,  -6.622920, -58.492440,2026-08-27 04:34:00,NOAA-21,MAUÉS,AMAZONAS,Brasil,1302900,13,33,,,,Amazônia,1.7
a25e139c-5aee-3b6b-8b3c-d5a48ad23d6b,  -8.191100, -47.515900,2026-08-27 04:34:00,NOAA-21,GOIATINS,TOCANTINS,Brasil,1709005,17,33,,,,Cerrado,6.5
048ce19f-c86e-3680-8a7a-3247098a2db0,  -8.827920, -49.618970,2026-08-27 04:34:00,NOAA-21,SANTA MARIA DAS BARREIRAS,PARÁ,Brasil,1506583,15,33,,,,Amazônia,1.2
f0f785f4-3593-36c3-9954-9855cbf45e70, -12.629770, -48.416810,2026-08-27 04:34:00,NOAA-21,SÃO SALVADOR DO TOCANTINS,TOCANTINS,Brasil,1720259,17,33,,,,Cerrado,3.6
edf06acc-d0bc-3b02-94ef-5660635ab0bf,  -7.522300, -61.381110,2026-08-27 04:34:00,NOAA-21,MANICORÉ,AMAZONAS,Brasil,1302702,13,33,,,,Amazônia,2.1
c75fcece-fe5b-37e5-8c69-bd24f49c27b4,  -8.809190, -50.050850,2026-08-27 04:34:00,NOAA-21,SANTA MARIA DAS BARREIRAS,PARÁ,Brasil,1506583,15,33,,,,Amazônia,6.6
11cd2687-4e28-33ee-bae6-805a4ccc428c,  -6.651110, -58.501460,2026-08-27 04:34:00,NOAA-21,MAUÉS,AMAZONAS,Brasil,1302900,13,33,,,,Amazônia,2.3
83727a7e-8891-321a-b704-be13d732be9b, -11.622450, -46.748180,2026-08-27 04:34:00,NOAA-21,DIANÓPOLIS,TOCANTINS,Brasil,1707009,17,33,,,,Cerrado,3.3
5d572b6e-c649-3aba-b31f-24c7f0346521,  -6.675630, -43.413030,2026-08-27 04:34:00,NOAA-21,BARÃO DE GRAJAÚ,MARANHÃO,Brasil,2101509,21,33,,,,Cerrado,1.9
4d35143b-ef85-3827-a870-787bfaf1821b,  -6.946480, -52.796680,2026-08-27 04:34:00,NOAA-21,SÃO FÉLIX DO XINGU,PARÁ,Brasil,1507300,15,33,,,,Amazônia,1.8
edd9cdc4-1a6b-3720-8873-574b4faef5b8,  -6.632470, -53.192380,2026-08-27 04:34:00,NOAA-21,SÃO FÉLIX DO XINGU,PARÁ,Brasil,1507300,15,33,,,,Amazônia,2.9
acdfdd85-e261-36e7-a14b-c402c369c67d,  -6.638060, -58.507650,2026-08-27 04:34:00,NOAA-21,MAUÉS,AMAZONAS,Brasil,1302900,13,33,,,,Amazônia,1.9
761d1771-8555-3d7d-9c7e-5d00f94d373c, -11.602710, -46.736920,2026-08-27 04:34:00,NOAA-21,DIANÓPOLIS,TOCANTINS,Brasil,1707009,17,33,,,,Cerrado,1.1
285a9e87-86ad-36ae-8802-9937a9aa4fc3,  -7.097920, -42.172840,2026-08-27 04:34:00,NOAA-21,OEIRAS,PIAUÍ,Brasil,2207009,22,33,,,,Caatinga,1.4
8f724250-7107-358a-82bc-a2d9d63a439c,  -6.263450, -55.414590,2026-08-27 04:34:00,NOAA-21,ITAITUBA,PARÁ,Brasil,1503606,15,33,,,,Amazônia,2.8
379bcd37-1864-3916-9be5-bd13ecc6d391,  -6.968430, -42.108700,2026-08-27 04:34:00,NOAA-21,OEIRAS,PIAUÍ,Brasil,2207009,22,33,,,,Caatinga,1.6
acf0f7f4-025d-35b4-a5b8-46bacbb036f0, -10.995940, -49.654420,2026-08-27 04:34:00,NOAA-21,SANTA RITA DO TOCANTINS,TOCANTINS,Brasil,1718899,17,33,,,,Cerrado,1.6
38aa53d5-9bb9-364a-bd00-bad3494641ef,  -8.957370, -50.784540,2026-08-27 04:34:00,NOAA-21,SANTA MARIA DAS BARREIRAS,PARÁ,Brasil,1506583,15,33,,,,Amazônia,2.6
7f1039a3-fb13-3501-beef-d8ad1adf75dc,  -7.069430, -42.926530,2026-08-27 04:34:00,NOAA-21,FLORIANO,PIAUÍ,Brasil,2203909,22,33,,,,Caatinga,1.1
5d06b903-0b8f-3230-b870-955b8dfc81a4, -10.775520, -54.019020,2026-08-27 04:34:00,NOAA-21,MARCELÂNDIA,MATO GROSSO,Brasil,5105580,51,33,,,,Amazônia,1.9
104621df-6c8a-3ed4-8e8a-d877c2dbc0ba,  -8.531100, -55.295670,2026-08-27 04:34:00,NOAA-21,NOVO PROGRESSO,PARÁ,Brasil,1505031,15,33,,,,Amazônia,3.5
170ff619-e35b-3139-80bf-7db0d8600470,  -6.363920, -54.786540,2026-08-27 04:34:00,NOAA-21,ALTAMIRA,PARÁ,Brasil,1500602,15,33,,,,Amazônia,3.3
002a544b-a624-3776-a88e-1fe308d02d94,  -6.998140, -59.307680,2026-08-27 04:34:00,NOAA-21,APUÍ,AMAZONAS,Brasil,1300144,13,33,,,,Amazônia,2.2
c6418189-8ae9-326c-a304-de55f83f3edd,  -8.953920, -50.783950,2026-08-27 04:34:00,NOAA-21,SANTA MARIA DAS BARREIRAS,PARÁ,Brasil,1506583,15,33,,,,Amazônia,2.6
4e9d5875-4f0e-38e2-8470-0947a81c1dc9,  -9.740500, -45.969930,2026-08-27 04:34:00,NOAA-21,ALTO PARNAÍBA,MARANHÃO,Brasil,2100501,21,33,,,,Cerrado,1.3
abff96ae-9d7e-3470-b0dc-51b72788f157,  -8.080350, -45.894030,2026-08-27 04:34:00,NOAA-21,BALSAS,MARANHÃO,Brasil,2101400,21,33,,,,Cerrado,0.5
65e09a63-1c54-3c84-8b88-773910dc9dbc, -10.758870, -54.019810,2026-08-27 04:34:00,NOAA-21,MARCELÂNDIA,MATO GROSSO,Brasil,5105580,51,33,,,,Amazônia,1.2
cb2864e3-2649-307e-8c6a-87f7d5054e19,  -8.143620, -43.738750,2026-08-27 04:34:00,NOAA-21,COLÔNIA DO GURGUÉIA,PIAUÍ,Brasil,2202752,22,33,,,,Caatinga,5.2
c6037991-24f6-341e-8cb4-9be1485e4777,  -6.151860, -59.929990,2026-08-27 04:34:00,NOAA-21,NOVO ARIPUANÃ,AMAZONAS,Brasil,1303304,13,33,,,,Amazônia,1.4
614905dc-9d96-3cd9-bd1a-192aafe50816,  -6.264910, -55.412110,2026-08-27 04:34:00,NOAA-21,ITAITUBA,PARÁ,Brasil,1503606,15,33,,,,Amazônia,2.0
432e2f2f-618e-39c4-aa9f-478733a1f97a,  -7.101850, -42.815800,2026-08-27 04:34:00,NOAA-21,NAZARÉ DO PIAUÍ,PIAUÍ,Brasil,2206704,22,33,,,,Caatinga,1.9
75b97e05-4a1f-3d81-be8b-4b37cfe202db,  -9.397400, -55.981080,2026-08-27 04:34:00,NOAA-21,NOVO PROGRESSO,PARÁ,Brasil,1505031,15,33,,,,Amazônia,1.6
4c524e19-314b-3873-a3e2-974c3c40c48b,  -7.517140, -44.954190,2026-08-27 04:34:00,NOAA-21,URUÇUÍ,PIAUÍ,Brasil,2211209,22,33,,,,Cerrado,2.1
7acf7b9f-bb2d-36fd-871e-fc04b39fdbef,  -7.746030, -44.745410,2026-08-27 04:34:00,NOAA-21,URUÇUÍ,PIAUÍ,Brasil,2211209,22,33,,,,Cerrado,4.7
c2e78d1c-d522-3e02-ba4c-192c7a89fc21,  -9.475780, -51.768410,2026-08-27 04:34:00,NOAA-21,SÃO FÉLIX DO XINGU,PARÁ,Brasil,1507300,15,33,,,,Amazônia,2.9
eb0abb89-be0d-32d9-8a45-e5aaf959e43d,  -9.383350, -48.683810,2026-08-27 04:34:00,NOAA-21,MIRANORTE,TOCANTINS,Brasil,1713304,17,33,,,,Cerrado,1.2
2b54fe8f-0a1d-3b3c-99af-f185484969b0, -11.490770, -52.921190,2026-08-27 04:34:00,NOAA-21,SÃO FÉLIX DO ARAGUAIA,MATO GROSSO,Brasil,5107859,51,33,,,,Amazônia,0.5
435c41c0-9516-3288-9106-76879a2ad369,  -7.339830, -44.458220,2026-08-27 04:34:00,NOAA-21,URUÇUÍ,PIAUÍ,Brasil,2211209,22,33,,,,Cerrado,3.0
d3998af3-ff9a-37fc-b571-37b9a6d3c04c, -10.765360, -54.006370,2026-08-27 04:34:00,NOAA-21,MARCELÂNDIA,MATO GROSSO,Brasil,5105580,51,33,,,,Amazônia,2.0
d53c50eb-a6ea-32f1-922e-044aefd694d7,  -7.263450, -49.852030,2026-08-27 04:34:00,NOAA-21,RIO MARIA,PARÁ,Brasil,1506161,15,33,,,,Amazônia,5.5
b83e9009-7d9a-397a-8c2f-124cde1411fd,  -9.004990, -57.545580,2026-08-27 04:34:00,NOAA-21,APIACÁS,MATO GROSSO,Brasil,5100805,51,33,,,,Amazônia,2.7
4c9f6f26-1c23-35e7-83b8-352bc54103e2,  -8.766760, -50.003270,2026-08-27 04:34:00,NOAA-21,SANTA MARIA DAS BARREIRAS,PARÁ,Brasil,1506583,15,33,,,,Amazônia,2.0
d03fc993-b82b-3692-937a-8dd52c6206b2,  -8.805670, -50.072660,2026-08-27 04:34:00,NOAA-21,SANTA MARIA DAS BARREIRAS,PARÁ,Brasil,1506583,15,33,,,,Amazônia,1.4
e0059020-1545-37bf-a474-9dcdc22729db,  -8.233020, -54.977880,2026-08-27 04:34:00,NOAA-21,ALTAMIRA,PARÁ,Brasil,1500602,15,33,,,,Amazônia,2.6
3f579d29-4dc0-385d-be43-4a2150d7257a, -10.764440, -53.988110,2026-08-27 04:34:00,NOAA-21,MARCELÂNDIA,MATO GROSSO,Brasil,5105580,51,33,,,,Amazônia,2.5
ec9cc9dd-5587-3418-8ca0-665d3bec598d,  -7.361300, -55.160110,2026-08-27 04:34:00,NOAA-21,ALTAMIRA,PARÁ,Brasil,1500602,15,33,,,,Amazônia,8.4
dace1523-0321-3f42-b493-84573dcdf81a,  -6.875680, -41.742250,2026-08-27 04:34:00,NOAA-21,IPIRANGA DO PIAUÍ,PIAUÍ,Brasil,2204808,22,33,,,,Caatinga,1.9
e4f67358-c359-3cfb-8597-f8c19a266bf0,  -7.395150, -55.155980,2026-08-27 04:34:00,NOAA-21,ALTAMIRA,PARÁ,Brasil,1500602,15,33,,,,Amazônia,3.8
5f1d5149-cad3-31ff-8c8a-b49859b73a71,  -7.336110, -44.457670,2026-08-27 04:34:00,NOAA-21,URUÇUÍ,PIAUÍ,Brasil,2211209,22,33,,,,Cerrado,3.0
7f95bd70-2377-3c4e-b1e3-de6ad836c856,  -6.807860, -59.736830,2026-08-27 04:34:00,NOAA-21,APUÍ,AMAZONAS,Brasil,1300144,13,33,,,,Amazônia,2.1
62e90bc3-66d7-3e57-a53a-0ba571857ff9, -10.760120, -53.965840,2026-08-27 04:34:00,NOAA-21,MARCELÂNDIA,MATO GROSSO,Brasil,5105580,51,33,,,,Amazônia,1.3
539f85bb-e137-3364-a0a7-760c9d91c0cf,  -6.659100, -43.905460,2026-08-27 04:34:00,NOAA-21,NOVA IORQUE,MARANHÃO,Brasil,2107308,21,33,,,,Cerrado,4.4
ceb30f4c-d45c-3be8-9e8e-ef1658c7fceb,  -6.303420, -53.560040,2026-08-27 04:34:00,NOAA-21,ALTAMIRA,PARÁ,Brasil,1500602,15,33,,,,Amazônia,2.5
54de068c-6498-3734-a32b-af7a2434d3c1,  -9.010190, -57.546660,2026-08-27 04:34:00,NOAA-21,APIACÁS,MATO GROSSO,Brasil,5100805,51,33,,,,Amazônia,2.4
e5b75605-3b00-3723-8a49-4531e4f72493, -10.306730, -49.968150,2026-08-27 04:34:00,NOAA-21,PIUM,TOCANTINS,Brasil,1717503,17,33,,,,Cerrado,1.1
b7ecb728-dc2c-3ba4-8c77-338ede7d2441, -10.538780, -50.780170,2026-08-27 04:34:00,NOAA-21,SANTA TEREZINHA,MATO GROSSO,Brasil,5107776,51,33,,,,Cerrado,1.3
32a199ec-cbc5-3600-93e2-b727538b9032, -11.693420, -54.587020,2026-08-27 04:34:00,NOAA-21,SANTA CARMEM,MATO GROSSO,Brasil,5107248,51,33,,,,Amazônia,2.7
b39d4ec0-761b-353a-871a-c53dd5e2a0d4,  -7.063490, -44.906170,2026-08-27 04:34:00,NOAA-21,SÃO FÉLIX DE BALSAS,MARANHÃO,Brasil,2110807,21,33,,,,Cerrado,3.4
f56329cf-81cf-38f6-b319-183d9583bf3b,  -7.065240, -59.221470,2026-08-27 04:34:00,NOAA-21,APUÍ,AMAZONAS,Brasil,1300144,13,33,,,,Amazônia,3.0
6a9de9b4-f82a-3f75-a049-0a0eac00dc42,  -9.641780, -50.832320,2026-08-27 04:34:00,NOAA-21,SANTANA DO ARAGUAIA,PARÁ,Brasil,1506708,15,33,,,,Amazônia,1.7
647def34-8f8c-3ac4-bef6-cfcb7a2de8f2,  -8.768400, -50.014690,2026-08-27 04:34:00,NOAA-21,SANTA MARIA DAS BARREIRAS,PARÁ,Brasil,1506583,15,33,,,,Amazônia,1.0
5f44253d-3793-361c-8768-8b919485f835,  -5.958810, -53.594370,2026-08-27 04:34:00,NOAA-21,ALTAMIRA,PARÁ,Brasil,1500602,15,33,,,,Amazônia,2.4
b1dee80a-8b90-341b-b085-9615c5260d94, -13.332750, -48.207460,2026-08-27 04:34:00,NOAA-21,MINAÇU,GOIÁS,Brasil,5213087,52,33,,,,Cerrado,2.9
806b1f59-ccea-359c-88a3-ea9c42d90c86, -11.775980, -54.521550,2026-08-27 04:34:00,NOAA-21,UNIÃO DO SUL,MATO GROSSO,Brasil,5108303,51,33,,,,Amazônia,0.9
623dacca-4cc5-3bca-bff2-f79e1b6013fd,  -9.702780, -46.567270,2026-08-27 04:34:00,NOAA-21,ALTO PARNAÍBA,MARANHÃO,Brasil,2100501,21,33,,,,Cerrado,1.7
4f4a5f75-d02d-3bad-bc71-270b5c78f26b, -12.619220, -48.418720,2026-08-27 04:34:00,NOAA-21,SÃO SALVADOR DO TOCANTINS,TOCANTINS,Brasil,1720259,17,33,,,,Cerrado,2.2
5883f2e0-2b10-3631-a696-80050b855183,  -6.500970, -51.443140,2026-08-27 04:34:00,NOAA-21,SÃO FÉLIX DO XINGU,PARÁ,Brasil,1507300,15,33,,,,Amazônia,1.9
20459264-35ad-369f-92ff-0cb8426af173,  -9.228500, -51.546400,2026-08-27 04:34:00,NOAA-21,SÃO FÉLIX DO XINGU,PARÁ,Brasil,1507300,15,33,,,,Amazônia,1.2
3070cd17-e9bd-3722-9848-71a73e531682,  -6.321150, -54.736730,2026-08-27 04:34:00,NOAA-21,ALTAMIRA,PARÁ,Brasil,1500602,15,33,,,,Amazônia,2.8
621a51e3-105b-30e1-aa93-18aa477ae39b,  -7.393160, -55.166380,2026-08-27 04:34:00,NOAA-21,ALTAMIRA,PARÁ,Brasil,1500602,15,33,,,,Amazônia,2.3
0e3dd5a1-99df-34dc-a50e-edca039b93c5, -10.307870, -49.961000,2026-08-27 04:34:00,NOAA-21,PIUM,TOCANTINS,Brasil,1717503,17,33,,,,Cerrado,1.0
7cd51eb7-b8fc-3faf-be66-9643b90641a4,  -9.450880, -51.695940,2026-08-27 04:34:00,NOAA-21,SÃO FÉLIX DO XINGU,PARÁ,Brasil,1507300,15,33,,,,Amazônia,1.4
e9a8eec8-1c45-37f2-9d27-e371fd25ba01, -13.329390, -48.206850,2026-08-27 04:34:00,NOAA-21,MINAÇU,GOIÁS,Brasil,5213087,52,33,,,,Cerrado,2.9
5dcd7a2e-bb47-3e49-a212-2138b8099405,  -7.431750, -59.770780,2026-08-27 04:34:00,NOAA-21,APUÍ,AMAZONAS,Brasil,1300144,13,33,,,,Amazônia,2.6
50b212ba-8119-39ba-9c88-6f2a8d6edc88, -10.918750, -50.248310,2026-08-27 04:34:00,NOAA-21,LAGOA DA CONFUSÃO,TOCANTINS,Brasil,1711902,17,33,,,,Cerrado,0.6
8f2fc80e-fd8a-36d0-a844-363581e25554, -11.171030, -45.064450,2026-08-27 04:34:00,NOAA-21,FORMOSA DO RIO PRETO,BAHIA,Brasil,2911105,29,33,,,,Cerrado,1.5
88ea10f2-3584-3672-92a4-e6eba595f415,  -7.322510, -42.988580,2026-08-27 04:34:00,NOAA-21,FLORIANO,PIAUÍ,Brasil,2203909,22,33,,,,Caatinga,2.9
7a8333fb-cb89-30aa-a5e3-26fdcae3f325,  -7.375720, -55.158260,2026-08-27 04:34:00,NOAA-21,ALTAMIRA,PARÁ,Brasil,1500602,15,33,,,,Amazônia,3.7
986bba8c-f068-3864-b9cb-c3bff1cdf090, -10.755130, -54.008330,2026-08-27 04:34:00,NOAA-21,MARCELÂNDIA,MATO GROSSO,Brasil,5105580,51,33,,,,Amazônia,1.4
40828d62-3f63-365e-87ca-74708ff75014,  -8.788570, -50.040280,2026-08-27 04:34:00,NOAA-21,SANTA MARIA DAS BARREIRAS,PARÁ,Brasil,1506583,15,33,,,,Amazônia,1.6
5656b072-51b1-3fb5-9061-6d50d0516c7b,  -6.831950, -59.945530,2026-08-27 04:34:00,NOAA-21,NOVO ARIPUANÃ,AMAZONAS,Brasil,1303304,13,33,,,,Amazônia,4.1
71312415-8931-3dac-8a69-89845e446b3a, -12.638700, -48.425440,2026-08-27 04:34:00,NOAA-21,SÃO SALVADOR DO TOCANTINS,TOCANTINS,Brasil,1720259,17,33,,,,Cerrado,1.7
7db7fb7d-aceb-3e6d-ba45-ddc3150bf8d6,  -7.372700, -55.148410,2026-08-27 04:34:00,NOAA-21,ALTAMIRA,PARÁ,Brasil,1500602,15,33,,,,Amazônia,5.3
8f5d6f8a-a9e6-3a10-b512-3a96c1e0efc2, -13.365380, -48.242360,2026-08-27 04:34:00,NOAA-21,MINAÇU,GOIÁS,Brasil,5213087,52,33,,,,Cerrado,6.6
d5ccaab5-b815-3d8c-b6a0-985bc6467e69, -10.772140, -54.014760,2026-08-27 04:34:00,NOAA-21,MARCELÂNDIA,MATO GROSSO,Brasil,5105580,51,33,,,,Amazônia,1.7
df408f50-e160-36e8-9d34-a00a22701ef0,  -9.222680, -51.537400,2026-08-27 04:34:00,NOAA-21,SÃO FÉLIX DO XINGU,PARÁ,Brasil,1507300,15,33,,,,Amazônia,1.2
8571b546-de8e-39cb-af15-5ef707de3874,  -7.270340, -45.357480,2026-08-27 04:34:00,NOAA-21,LORETO,MARANHÃO,Brasil,2106102,21,33,,,,Cerrado,4.9
70f24bd1-bc5f-3261-ae85-61eac7293aa4,  -6.641740, -53.186630,2026-08-27 04:34:00,NOAA-21,SÃO FÉLIX DO XINGU,PARÁ,Brasil,1507300,15,33,,,,Amazônia,9.7
8e3d8b14-612e-389d-b36b-616561433aea, -10.777980, -54.004920,2026-08-27 04:34:00,NOAA-21,MARCELÂNDIA,MATO GROSSO,Brasil,5105580,51,33,,,,Amazônia,1.4
d060d2ef-3bb4-3028-8ad0-d61d90d66cf6,  -9.232700, -51.543130,2026-08-27 04:34:00,NOAA-21,SÃO FÉLIX DO XINGU,PARÁ,Brasil,1507300,15,33,,,,Amazônia,1.2
cc2a2ec5-cc21-370b-8398-045960ae348d,  -7.365850, -55.161020,2026-08-27 04:34:00,NOAA-21,ALTAMIRA,PARÁ,Brasil,1500602,15,33,,,,Amazônia,8.4
41dbdab3-400c-3add-8c85-b891a21522de,  -6.621420, -58.500680,2026-08-27 04:34:00,NOAA-21,MAUÉS,AMAZONAS,Brasil,1302900,13,33,,,,Amazônia,2.9
b5385c92-2943-3a3e-aab1-8a9cb9c7a9c6,  -6.886440, -43.753680,2026-08-27 04:34:00,NOAA-21,GUADALUPE,PIAUÍ,Brasil,2204501,22,33,,,,Cerrado,2.3
330a75bd-53f1-3a00-b13b-337695e480e6,  -6.242710, -55.479770,2026-08-27 04:34:00,NOAA-21,ITAITUBA,PARÁ,Brasil,1503606,15,33,,,,Amazônia,3.3
5931e499-bcef-3871-a334-31fa1ad082f7,  -6.228450, -55.477200,2026-08-27 04:34:00,NOAA-21,ITAITUBA,PARÁ,Brasil,1503606,15,33,,,,Amazônia,3.3
b5ba1fa5-2426-346f-ae0d-a1fec99f3f03, -10.771800, -54.040270,2026-08-27 04:34:00,NOAA-21,MARCELÂNDIA,MATO GROSSO,Brasil,5105580,51,33,,,,Amazônia,2.8
4ee41b9b-c1b1-3b4a-8683-4aced19e1754, -12.284140, -43.134050,2026-08-27 04:34:00,NOAA-21,IBOTIRAMA,BAHIA,Brasil,2913200,29,33,,,,Caatinga,2.2
88a3f824-fff8-3b29-8251-a7263c2f6f66,  -7.458160, -43.112170,2026-08-27 04:34:00,NOAA-21,ITAUEIRA,PIAUÍ,Brasil,2205102,22,33,,,,Caatinga,1.5
aa191a68-655f-304b-8692-112c07c7f923, -10.303960, -49.964040,2026-08-27 04:34:00,NOAA-21,PIUM,TOCANTINS,Brasil,1717503,17,33,,,,Cerrado,1.1
fc46d3dc-8d49-3508-9ba6-97fc04c0ab10,  -8.624780, -54.701460,2026-08-27 04:34:00,NOAA-21,ALTAMIRA,PARÁ,Brasil,1500602,15,33,,,,Amazônia,2.5
aee4cb5a-032d-3b19-897b-4aa9b955ef9f, -11.495080, -45.096280,2026-08-27 04:34:00,NOAA-21,RIACHÃO DAS NEVES,BAHIA,Brasil,2926202,29,33,,,,Cerrado,3.3
6b90454a-3419-33e1-a8b4-bc448e9675f0, -10.297840, -49.959390,2026-08-27 04:34:00,NOAA-21,PIUM,TOCANTINS,Brasil,1717503,17,33,,,,Cerrado,1.5
b5f1b11f-3c1f-31d1-b3da-fc11e16a06c9,  -8.152120, -46.210840,2026-08-27 04:34:00,NOAA-21,BALSAS,MARANHÃO,Brasil,2101400,21,33,,,,Cerrado,4.9
e7399e33-c693-36e1-b978-51b630c35f62,  -9.372340, -48.689210,2026-08-27 04:34:00,NOAA-21,MIRANORTE,TOCANTINS,Brasil,1713304,17,33,,,,Cerrado,2.7
5178bb80-f91c-3e5a-b9ae-56734bd95c99,  -6.767880, -45.234500,2026-08-27 04:34:00,NOAA-21,MIRADOR,MARANHÃO,Brasil,2106706,21,33,,,,Cerrado,14.7
763bffc7-287f-3eaf-a06d-89e18aa5cdd5, -10.765050, -53.984600,2026-08-27 04:34:00,NOAA-21,MARCELÂNDIA,MATO GROSSO,Brasil,5105580,51,33,,,,Amazônia,3.6
cbd6f438-7acf-3551-ad41-aba098544d4d,  -8.327030, -47.580570,2026-08-27 04:34:00,NOAA-21,GOIATINS,TOCANTINS,Brasil,1709005,17,33,,,,Cerrado,1.0
c1135935-0760-39f6-97ed-87775d67d7f5,  -6.304690, -53.552450,2026-08-27 04:34:00,NOAA-21,ALTAMIRA,PARÁ,Brasil,1500602,15,33,,,,Amazônia,2.7
14aa8029-b518-36cb-a8e2-a46fd373287d,  -6.260300, -53.119020,2026-08-27 04:34:00,NOAA-21,SÃO FÉLIX DO XINGU,PARÁ,Brasil,1507300,15,33,,,,Amazônia,2.5
e6aeb7a7-2f3e-380a-b769-33c3b5dc3dd0,  -7.292660, -49.936370,2026-08-27 04:34:00,NOAA-21,RIO MARIA,PARÁ,Brasil,1506161,15,33,,,,Amazônia,2.6
c56caa82-9702-3868-ad72-3cec6e200f5e, -13.381520, -48.203730,2026-08-27 04:34:00,NOAA-21,MINAÇU,GOIÁS,Brasil,5213087,52,33,,,,Cerrado,4.8
8f24669f-15e7-3a7b-8265-2260eb350ef4, -13.354770, -48.244270,2026-08-27 04:34:00,NOAA-21,MINAÇU,GOIÁS,Brasil,5213087,52,33,,,,Cerrado,1.1
86e4b6e4-8c06-3154-bad1-e840c4b4c551, -13.351400, -48.243720,2026-08-27 04:34:00,NOAA-21,MINAÇU,GOIÁS,Brasil,5213087,52,33,,,,Cerrado,1.1
a943c003-8d0b-304c-9b21-1c7a267446c6, -12.209370, -50.597270,2026-08-27 04:34:00,NOAA-21,FORMOSO DO ARAGUAIA,TOCANTINS,Brasil,1708205,17,33,,,,Cerrado,6.9
55db6b7a-cfbd-3c68-8912-a1b1bbf27586,  -6.238820, -55.473800,2026-08-27 04:34:00,NOAA-21,ITAITUBA,PARÁ,Brasil,1503606,15,33,,,,Amazônia,3.4
a8995c26-733d-3133-8196-983e0801f04a,  -6.462120, -51.520930,2026-08-27 04:34:00,NOAA-21,SÃO FÉLIX DO XINGU,PARÁ,Brasil,1507300,15,33,,,,Amazônia,0.7
d7ea5afc-c2be-3640-b5c4-fd6a6a0b4638, -10.022900, -46.413110,2026-08-27 04:34:00,NOAA-21,ALTO PARNAÍBA,MARANHÃO,Brasil,2100501,21,33,,,,Cerrado,1.0
79360101-7db9-3095-ac8b-5b47e03554ae,  -6.946770, -42.683540,2026-08-27 04:34:00,NOAA-21,NAZARÉ DO PIAUÍ,PIAUÍ,Brasil,2206704,22,33,,,,Caatinga,1.2
616590bb-055a-3942-851c-0df628001425,  -6.779300, -42.976470,2026-08-27 04:34:00,NOAA-21,FLORIANO,PIAUÍ,Brasil,2203909,22,33,,,,Caatinga,0.9
ce939263-156c-38cd-afda-12e13da81fc7,  -6.516780, -55.240660,2026-08-27 04:34:00,NOAA-21,ITAITUBA,PARÁ,Brasil,1503606,15,33,,,,Amazônia,3.4
cd6d77f6-729e-3662-9587-e5a0e32316ca,  -6.773150, -59.437000,2026-08-27 04:34:00,NOAA-21,APUÍ,AMAZONAS,Brasil,1300144,13,33,,,,Amazônia,1.9
05d9491d-01fb-3481-b8aa-5d27399a3b6b,  -8.029870, -51.821470,2026-08-27 04:34:00,NOAA-21,OURILÂNDIA DO NORTE,PARÁ,Brasil,1505437,15,33,,,,Amazônia,1.6
df6f0e78-d804-3d32-a5c6-ed52132263ab,  -9.881130, -49.712370,2026-08-27 04:34:00,NOAA-21,MARIANÓPOLIS DO TOCANTINS,TOCANTINS,Brasil,1712504,17,33,,,,Cerrado,1.3
e7e7ecef-d27e-3866-ab93-da059ff4c8b1,  -7.751660, -44.732940,2026-08-27 04:34:00,NOAA-21,URUÇUÍ,PIAUÍ,Brasil,2211209,22,33,,,,Cerrado,4.4
7da766b5-8f09-3d5b-9988-b9395c4ad715,  -7.309320, -42.964570,2026-08-27 04:34:00,NOAA-21,FLORIANO,PIAUÍ,Brasil,2203909,22,33,,,,Caatinga,2.4
37dc8c67-7617-3607-8a88-3c0c9c603f42, -10.774900, -54.022580,2026-08-27 04:34:00,NOAA-21,MARCELÂNDIA,MATO GROSSO,Brasil,5105580,51,33,,,,Amazônia,1.9
2e6bea28-1f1b-37a4-b0b1-af4dfefd27c0, -11.708750, -54.547500,2026-08-27 04:34:00,NOAA-21,UNIÃO DO SUL,MATO GROSSO,Brasil,5108303,51,33,,,,Amazônia,1.5
7458bd87-0136-3d4e-90b0-9ef58aef269a,  -8.787990, -50.043910,2026-08-27 04:34:00,NOAA-21,SANTA MARIA DAS BARREIRAS,PARÁ,Brasil,1506583,15,33,,,,Amazônia,1.3
f24a1ed7-ef3f-3b4c-8214-6007950178d0,  -6.307260, -53.537170,2026-08-27 04:34:00,NOAA-21,ALTAMIRA,PARÁ,Brasil,1500602,15,33,,,,Amazônia,2.0
643f746f-6af9-337d-80f6-e892f2fe801b, -11.200830, -55.089670,2026-08-27 04:34:00,NOAA-21,ITAÚBA,MATO GROSSO,Brasil,5104559,51,33,,,,Amazônia,1.8
6fffb3a5-0350-3a59-9faa-988c7e3dc65b, -10.765020, -54.031810,2026-08-27 04:34:00,NOAA-21,MARCELÂNDIA,MATO GROSSO,Brasil,5105580,51,33,,,,Amazônia,1.3
f57f8b7b-41eb-3463-ab90-59ec4e405235,  -6.964670, -42.085510,2026-08-27 04:34:00,NOAA-21,OEIRAS,PIAUÍ,Brasil,2207009,22,33,,,,Caatinga,1.6
4d9eba03-5254-3b0f-b3b9-bdc2af0667e5,  -6.659800, -43.900720,2026-08-27 04:34:00,NOAA-21,NOVA IORQUE,MARANHÃO,Brasil,2107308,21,33,,,,Cerrado,6.0
3ee13a3a-d5be-38cb-a4f6-9449c8549806,  -6.759280, -55.683140,2026-08-27 04:34:00,NOAA-21,NOVO PROGRESSO,PARÁ,Brasil,1505031,15,33,,,,Amazônia,1.4
0ae456d2-fe82-33df-9e8b-61b1578d6128,  -9.672690, -55.078540,2026-08-27 04:34:00,NOAA-21,NOVO MUNDO,MATO GROSSO,Brasil,5106265,51,33,,,,Amazônia,3.0
82c194dc-fda7-35a5-9ff2-bae06a486539,  -6.262620, -55.419510,2026-08-27 04:34:00,NOAA-21,ITAITUBA,PARÁ,Brasil,1503606,15,33,,,,Amazônia,2.8
87995673-b3ff-3a98-b452-f2264082b031,  -8.946390, -45.738180,2026-08-27 04:34:00,NOAA-21,SANTA FILOMENA,PIAUÍ,Brasil,2209203,22,33,,,,Cerrado,1.3
d64c9a94-8615-3481-bd9f-a77737454ced,  -7.137970, -43.204890,2026-08-27 04:34:00,NOAA-21,FLORIANO,PIAUÍ,Brasil,2203909,22,33,,,,Caatinga,1.2
0d7c9221-55d5-3aaa-a16e-cf722f6a60d7,  -6.276280, -53.377400,2026-08-27 04:34:00,NOAA-21,ALTAMIRA,PARÁ,Brasil,1500602,15,33,,,,Amazônia,1.3
5d3fb67d-a4be-3a42-8a5c-c30291754e76,  -6.772470, -55.692570,2026-08-27 04:34:00,NOAA-21,NOVO PROGRESSO,PARÁ,Brasil,1505031,15,33,,,,Amazônia,2.7
d98edad1-ab5b-3a22-b2ad-b11e7b1607b2,  -7.114160, -42.817650,2026-08-27 04:34:00,NOAA-21,NAZARÉ DO PIAUÍ,PIAUÍ,Brasil,2206704,22,33,,,,Caatinga,1.4
462f87ed-6c78-30e3-ba81-82e60f819576,  -8.633790, -50.351190,2026-08-27 04:34:00,NOAA-21,SANTA MARIA DAS BARREIRAS,PARÁ,Brasil,1506583,15,33,,,,Amazônia,1.0
1fd88ebb-b737-3bba-99b0-08abfd42e4dc,  -6.649670, -58.509480,2026-08-27 04:34:00,NOAA-21,MAUÉS,AMAZONAS,Brasil,1302900,13,33,,,,Amazônia,1.6
68ea5e97-e21d-3314-a8d9-6b6e27033e63,  -8.613730, -50.019800,2026-08-27 04:34:00,NOAA-21,SANTA MARIA DAS BARREIRAS,PARÁ,Brasil,1506583,15,33,,,,Amazônia,1.5
0129f92e-e6f0-37fb-9f6f-89166eb2f4c0,  -8.099030, -47.451360,2026-08-27 04:34:00,NOAA-21,GOIATINS,TOCANTINS,Brasil,1709005,17,33,,,,Cerrado,3.5
ce1e0471-a379-3df3-83e8-4f902409d330,  -8.774280, -49.956130,2026-08-27 04:34:00,NOAA-21,SANTA MARIA DAS BARREIRAS,PARÁ,Brasil,1506583,15,33,,,,Amazônia,2.4
4c91b524-19a7-3325-a439-586d81b3e59a, -10.772420, -54.036730,2026-08-27 04:34:00,NOAA-21,MARCELÂNDIA,MATO GROSSO,Brasil,5105580,51,33,,,,Amazônia,3.8
25a91e79-3be0-3481-a759-e669d02986e3,  -9.220680, -51.549460,2026-08-27 04:34:00,NOAA-21,SÃO FÉLIX DO XINGU,PARÁ,Brasil,1507300,15,33,,,,Amazônia,5.6
2cc1b5b4-9241-3274-96c9-3bd5591201ed,  -8.826840, -49.604220,2026-08-27 04:34:00,NOAA-21,SANTA MARIA DAS BARREIRAS,PARÁ,Brasil,1506583,15,33,,,,Amazônia,1.4
9e82111d-6f73-390f-b247-8f985940c5b4, -12.790650, -46.445110,2026-08-27 04:34:00,NOAA-21,LAVANDEIRA,TOCANTINS,Brasil,1712157,17,33,,,,Cerrado,1.9
264bc9d6-4ff9-3c21-9160-fc46c8caa9cc,  -6.941980, -58.950900,2026-08-27 04:34:00,NOAA-21,APUÍ,AMAZONAS,Brasil,1300144,13,33,,,,Amazônia,3.9
fd59654a-56d0-39d0-af33-cb80b07a1aee,  -8.095130, -51.678220,2026-08-27 04:34:00,NOAA-21,OURILÂNDIA DO NORTE,PARÁ,Brasil,1505437,15,33,,,,Amazônia,1.4
60578754-1b5a-3c67-b752-8b9430afc4b6, -10.552570, -50.453000,2026-08-27 04:34:00,NOAA-21,PIUM,TOCANTINS,Brasil,1717503,17,33,,,,Cerrado,1.7
211ade59-75dd-3015-867e-601c82d57c2d,  -8.808610, -50.054490,2026-08-27 04:34:00,NOAA-21,SANTA MARIA DAS BARREIRAS,PARÁ,Brasil,1506583,15,33,,,,Amazônia,9.4
ce6aed47-0a8f-3e33-b474-509f0f77302f,  -6.773420, -55.687210,2026-08-27 04:34:00,NOAA-21,NOVO PROGRESSO,PARÁ,Brasil,1505031,15,33,,,,Amazônia,2.7
b1004fc7-8791-3091-814a-1a49cf676bc1,  -8.311360, -37.270470,2026-08-27 04:34:00,NOAA-21,SERTÂNIA,PERNAMBUCO,Brasil,2614105,26,33,,,,Caatinga,1.8
0f1b97c0-2720-32d5-b3dc-583d7c451b7d, -10.950180, -51.035980,2026-08-27 04:34:00,NOAA-21,LUCIARA,MATO GROSSO,Brasil,5105309,51,33,,,,Cerrado,7.2
e0b7ebe8-047a-3eb9-8660-50675c59d1a0,  -8.575210, -54.831800,2026-08-27 04:34:00,NOAA-21,ALTAMIRA,PARÁ,Brasil,1500602,15,33,,,,Amazônia,3.5
fd288093-fab0-3c94-beb8-d564784bddaf,  -9.380590, -48.679810,2026-08-27 04:34:00,NOAA-21,MIRANORTE,TOCANTINS,Brasil,1713304,17,33,,,,Cerrado,1.5
67a9f939-8f4c-3e2e-931d-04d44ffd947e,  -9.387250, -48.702260,2026-08-27 04:34:00,NOAA-21,MIRANORTE,TOCANTINS,Brasil,1713304,17,33,,,,Cerrado,4.8
50743035-0c78-300d-ad67-c39e401efd5f,  -9.343650, -48.677540,2026-08-27 04:34:00,NOAA-21,MIRANORTE,TOCANTINS,Brasil,1713304,17,33,,,,Cerrado,1.9
9c3b2b3f-c0b1-335a-bcf9-251e4bddeb2e, -10.748730, -54.021770,2026-08-27 04:34:00,NOAA-21,MARCELÂNDIA,MATO GROSSO,Brasil,5105580,51,33,,,,Amazônia,1.7
8aa9bcab-e2ed-30f0-ab4f-22628f115392,  -6.631500, -58.510930,2026-08-27 04:34:00,NOAA-21,MAUÉS,AMAZONAS,Brasil,1302900,13,33,,,,Amazônia,1.9
7c51ec3a-21a2-33f2-9ee5-72a490403b1a,  -6.282240, -53.366920,2026-08-27 04:34:00,NOAA-21,ALTAMIRA,PARÁ,Brasil,1500602,15,33,,,,Amazônia,1.5
91e31269-9388-37fc-a881-47aa4411e647, -11.612580, -46.742570,2026-08-27 04:34:00,NOAA-21,DIANÓPOLIS,TOCANTINS,Brasil,1707009,17,33,,,,Cerrado,4.3
92829da4-2f33-32bc-9d89-7a752f718dc5,  -9.352490, -48.686070,2026-08-27 04:34:00,NOAA-21,MIRANORTE,TOCANTINS,Brasil,1713304,17,33,,,,Cerrado,1.3
dfff867a-6dac-3315-a829-5b306df4843c,  -9.219980, -51.553650,2026-08-27 04:34:00,NOAA-21,SÃO FÉLIX DO XINGU,PARÁ,Brasil,1507300,15,33,,,,Amazônia,5.6
e87e8c87-e646-366b-b310-e23d62dfbb20,  -7.033180, -45.731290,2026-08-27 04:34:00,NOAA-21,SÃO RAIMUNDO DAS MANGABEIRAS,MARANHÃO,Brasil,2111607,21,33,,,,Cerrado,1.4
cdb9a8f1-1a0f-33c4-99cc-b9a3fed83394, -11.489300, -45.109650,2026-08-27 04:34:00,NOAA-21,RIACHÃO DAS NEVES,BAHIA,Brasil,2926202,29,33,,,,Cerrado,2.7
a9300c0a-e736-30c4-8aa6-34f7d137d178,  -6.656190, -58.506370,2026-08-27 04:34:00,NOAA-21,MAUÉS,AMAZONAS,Brasil,1302900,13,33,,,,Amazônia,2.6
87f14ee9-6ba6-33e1-bb87-9a636c3b0ff1,  -6.230520, -53.474160,2026-08-27 04:34:00,NOAA-21,ALTAMIRA,PARÁ,Brasil,1500602,15,33,,,,Amazônia,1.5
4e87ba9d-dcf7-3043-8f50-6f56125d0b3e, -11.191540, -53.999760,2026-08-27 04:34:00,NOAA-21,MARCELÂNDIA,MATO GROSSO,Brasil,5105580,51,33,,,,Amazônia,1.9
e135bf3d-7ab8-39d9-b3ff-5fe6111a39de,  -8.800590, -49.986350,2026-08-27 04:34:00,NOAA-21,SANTA MARIA DAS BARREIRAS,PARÁ,Brasil,1506583,15,33,,,,Amazônia,1.7
4f3c7515-c8c4-3503-8fd2-9eea67308ad9, -13.333800, -46.960930,2026-08-27 04:34:00,NOAA-21,MONTE ALEGRE DE GOIÁS,GOIÁS,Brasil,5213509,52,33,,,,Cerrado,1.3
6568d82d-b6fc-31a0-ac5f-9b174e51922b,  -9.010790, -57.543350,2026-08-27 04:34:00,NOAA-21,APIACÁS,MATO GROSSO,Brasil,5100805,51,33,,,,Amazônia,2.2
1da8b79c-0672-3e52-948a-c78e9cdf13b9,  -8.814460, -50.018180,2026-08-27 04:34:00,NOAA-21,SANTA MARIA DAS BARREIRAS,PARÁ,Brasil,1506583,15,33,,,,Amazônia,3.2
1aabd405-4b28-31aa-be8e-d96c6ca285a6,  -7.951920, -52.436440,2026-08-27 04:34:00,NOAA-21,SÃO FÉLIX DO XINGU,PARÁ,Brasil,1507300,15,33,,,,Amazônia,2.9
d06b04f8-8e77-314f-bfd6-5c0b78419ffb, -12.793620, -46.449790,2026-08-27 04:34:00,NOAA-21,LAVANDEIRA,TOCANTINS,Brasil,1712157,17,33,,,,Cerrado,2.2
450b0d80-821e-3a6e-a568-d049700746a5,  -6.839190, -59.941540,2026-08-27 04:34:00,NOAA-21,APUÍ,AMAZONAS,Brasil,1300144,13,33,,,,Amazônia,2.2
434174df-1c00-35b4-889f-737fe8562077,  -6.521430, -55.241480,2026-08-27 04:34:00,NOAA-21,ITAITUBA,PARÁ,Brasil,1503606,15,33,,,,Amazônia,6.4
a02fbfa1-cb2e-320a-9cd4-0550f7b20c42,  -6.189620, -55.418460,2026-08-27 04:34:00,NOAA-21,ITAITUBA,PARÁ,Brasil,1503606,15,33,,,,Amazônia,3.7
75d911af-edf9-3426-9e0e-9066d162745f, -13.348590, -48.239570,2026-08-27 04:34:00,NOAA-21,MINAÇU,GOIÁS,Brasil,5213087,52,33,,,,Cerrado,1.8
fc2932ff-9b92-3c5e-8504-dbdc485bc9c8,  -7.291330, -49.939570,2026-08-27 04:34:00,NOAA-21,RIO MARIA,PARÁ,Brasil,1506161,15,33,,,,Amazônia,2.7
9507c276-ff0b-34f3-bdca-72f2a4c4d39a,  -7.446590, -50.926250,2026-08-27 04:34:00,NOAA-21,BANNACH,PARÁ,Brasil,1501253,15,33,,,,Amazônia,3.2
be0ebd00-6ba9-3d13-ac7b-e4ba5aeabd77,  -6.309210, -53.576660,2026-08-27 04:34:00,NOAA-21,ALTAMIRA,PARÁ,Brasil,1500602,15,33,,,,Amazônia,1.5
c9242bce-c936-3de9-a971-9b61e3182eaf,  -6.919230, -46.412820,2026-08-27 04:34:00,NOAA-21,SÃO PEDRO DOS CRENTES,MARANHÃO,Brasil,2111573,21,33,,,,Cerrado,3.1
d745b760-db8b-3324-9892-0176677e9a6a, -13.355300, -48.240720,2026-08-27 04:34:00,NOAA-21,MINAÇU,GOIÁS,Brasil,5213087,52,33,,,,Cerrado,2.2
0d26b405-1f55-3d7b-a150-86ff1d2e6b3b,  -7.287960, -44.076010,2026-08-27 04:34:00,NOAA-21,LANDRI SALES,PIAUÍ,Brasil,2205607,22,33,,,,Cerrado,0.5
8abbd390-54c4-3682-99ce-74a498db613d,  -9.447290, -51.695430,2026-08-27 04:34:00,NOAA-21,SÃO FÉLIX DO XINGU,PARÁ,Brasil,1507300,15,33,,,,Amazônia,1.9
b7778043-bd11-311f-88f8-5b98e8c38809,  -7.155090, -46.541480,2026-08-27 04:34:00,NOAA-21,RIACHÃO,MARANHÃO,Brasil,2109502,21,33,,,,Cerrado,2.0
53fac746-ffdc-3ebf-8fa5-4300c5293365,  -5.259470, -56.382760,2026-08-27 04:34:00,NOAA-21,TRAIRÃO,PARÁ,Brasil,1508050,15,33,,,,Amazônia,0.7
028f1865-48e7-329b-904e-4533f4911cfb, -10.062470, -48.667280,2026-08-27 04:34:00,NOAA-21,MIRACEMA DO TOCANTINS,TOCANTINS,Brasil,1713205,17,33,,,,Cerrado,1.2
f8085793-4e39-391a-98ae-a9447cc59869, -10.320110, -49.970320,2026-08-27 04:34:00,NOAA-21,PIUM,TOCANTINS,Brasil,1717503,17,33,,,,Cerrado,1.0
7ad95c52-ba19-39b7-9eb4-b922c6c2a63b, -13.339050, -48.234300,2026-08-27 04:34:00,NOAA-21,MINAÇU,GOIÁS,Brasil,5213087,52,33,,,,Cerrado,0.7
433fb8c8-133d-3962-9791-f80bcbf6386b,  -8.511660, -55.353780,2026-08-27 04:34:00,NOAA-21,NOVO PROGRESSO,PARÁ,Brasil,1505031,15,33,,,,Amazônia,2.1
3fdff1a0-d4e5-37e3-b2b3-414068c68823, -11.775330, -54.525180,2026-08-27 04:34:00,NOAA-21,UNIÃO DO SUL,MATO GROSSO,Brasil,5108303,51,33,,,,Amazônia,1.1
dded1d78-8fc3-3580-b8c9-233ebbaccf75,  -7.064130, -44.901940,2026-08-27 04:34:00,NOAA-21,SÃO FÉLIX DE BALSAS,MARANHÃO,Brasil,2110807,21,33,,,,Cerrado,4.8
61e5927a-50b9-3b0e-9b1f-795d32959a72, -12.622560, -48.419250,2026-08-27 04:34:00,NOAA-21,SÃO SALVADOR DO TOCANTINS,TOCANTINS,Brasil,1720259,17,33,,,,Cerrado,2.2
a906f564-dc91-3ea0-b26d-d3a4e55ce76e, -13.333850, -48.200090,2026-08-27 04:34:00,NOAA-21,MINAÇU,GOIÁS,Brasil,5213087,52,33,,,,Cerrado,3.2
52ac30ba-cebe-3d5e-8495-93fccc220fab, -13.366460, -48.235250,2026-08-27 04:34:00,NOAA-21,MINAÇU,GOIÁS,Brasil,5213087,52,33,,,,Cerrado,3.2
f1960b36-f315-39e3-a14c-5c44d98d6f94,  -8.177540, -54.934790,2026-08-27 04:34:00,NOAA-21,ALTAMIRA,PARÁ,Brasil,1500602,15,33,,,,Amazônia,1.3
d3613fe5-01ab-380c-a5a3-79e255a35438, -11.162350, -54.026860,2026-08-27 04:34:00,NOAA-21,MARCELÂNDIA,MATO GROSSO,Brasil,5105580,51,33,,,,Amazônia,1.2
19ee1ffe-62df-39e4-beed-a7887090205b, -13.378720, -48.199470,2026-08-27 04:34:00,NOAA-21,MINAÇU,GOIÁS,Brasil,5213087,52,33,,,,Cerrado,0.9
433d1af5-5e74-3404-8e4f-9cfe44b88767,  -8.771490, -49.951970,2026-08-27 04:34:00,NOAA-21,SANTA MARIA DAS BARREIRAS,PARÁ,Brasil,1506583,15,33,,,,Amazônia,1.7
ec7a2763-c45d-34d6-9e0c-3dd4d701e7b9, -11.735760, -54.537170,2026-08-27 04:34:00,NOAA-21,UNIÃO DO SUL,MATO GROSSO,Brasil,5108303,51,33,,,,Amazônia,7.7
3bb214aa-9f9f-33a7-aea6-f0cf1b0ba0f0,  -8.084420, -45.890710,2026-08-27 04:34:00,NOAA-21,BALSAS,MARANHÃO,Brasil,2101400,21,33,,,,Cerrado,1.8
d945ee33-dc2e-3628-98d7-f51779eac952,  -6.613990, -58.378410,2026-08-27 04:34:00,NOAA-21,JACAREACANGA,PARÁ,Brasil,1503754,15,33,,,,Amazônia,1.6
275a72ff-91e5-3efa-a093-52b7409d2b72,  -7.093120, -42.818210,2026-08-27 04:34:00,NOAA-21,NAZARÉ DO PIAUÍ,PIAUÍ,Brasil,2206704,22,33,,,,Caatinga,3.1
5a3f043c-b6af-30b2-95b6-edd19adb3f4a, -10.369040, -48.246190,2026-08-27 04:34:00,NOAA-21,PALMAS,TOCANTINS,Brasil,1721000,17,33,,,,Cerrado,1.1
a488f2bd-c295-375c-a642-74f542c76d38,  -9.229830, -51.538410,2026-08-27 04:34:00,NOAA-21,SÃO FÉLIX DO XINGU,PARÁ,Brasil,1507300,15,33,,,,Amazônia,1.4
69b7fb07-ed40-3895-8db4-c42248326490, -12.761550, -46.469730,2026-08-27 04:34:00,NOAA-21,LAVANDEIRA,TOCANTINS,Brasil,1712157,17,33,,,,Cerrado,1.5
93c8b3a0-8325-35d9-a182-b6e2626bf6f3,  -7.369540, -55.166960,2026-08-27 04:34:00,NOAA-21,ALTAMIRA,PARÁ,Brasil,1500602,15,33,,,,Amazônia,2.3
3b7f3f74-9851-3a7b-93ef-69963796a05e,  -6.926590, -41.633800,2026-08-27 04:34:00,NOAA-21,DOM EXPEDITO LOPES,PIAUÍ,Brasil,2203404,22,33,,,,Caatinga,6.1
c8e4186d-be84-3c90-adc3-4d659814efaf,  -8.797550, -50.049160,2026-08-27 04:34:00,NOAA-21,SANTA MARIA DAS BARREIRAS,PARÁ,Brasil,1506583,15,33,,,,Amazônia,4.1
0ec519e7-0889-31bc-b3fb-d2db35332fdc,  -8.922470, -48.368260,2026-08-27 04:34:00,NOAA-21,GUARAÍ,TOCANTINS,Brasil,1709302,17,33,,,,Cerrado,9.9
7afc5dfe-11c7-3f8f-9573-89911b894157,  -6.993500, -59.306900,2026-08-27 04:34:00,NOAA-21,APUÍ,AMAZONAS,Brasil,1300144,13,33,,,,Amazônia,3.4
7292661e-fa5e-3586-9abd-abf56d9e00a7,  -8.767240, -50.021960,2026-08-27 04:34:00,NOAA-21,SANTA MARIA DAS BARREIRAS,PARÁ,Brasil,1506583,15,33,,,,Amazônia,17.1
e288df9b-87ae-3e0f-abdd-4ae61cb4ae12,  -9.414100, -51.636140,2026-08-27 04:34:00,NOAA-21,SÃO FÉLIX DO XINGU,PARÁ,Brasil,1507300,15,33,,,,Amazônia,2.7
ba031517-fc3a-3fd7-9a27-c646a2524c5c,  -9.408410, -51.642310,2026-08-27 04:34:00,NOAA-21,SÃO FÉLIX DO XINGU,PARÁ,Brasil,1507300,15,33,,,,Amazônia,2.0
ed3d37f9-0d97-3b2a-911f-d547d5ab564d,  -6.637100, -53.189530,2026-08-27 04:34:00,NOAA-21,SÃO FÉLIX DO XINGU,PARÁ,Brasil,1507300,15,33,,,,Amazônia,8.7
0788d66d-d311-3706-a80e-aacb78bc8ae2,  -8.015740, -51.793130,2026-08-27 04:34:00,NOAA-21,OURILÂNDIA DO NORTE,PARÁ,Brasil,1505437,15,33,,,,Amazônia,1.4
ce0e339d-32bd-36fc-a7b6-3bac22e25267, -10.764120, -54.013430,2026-08-27 04:34:00,NOAA-21,MARCELÂNDIA,MATO GROSSO,Brasil,5105580,51,33,,,,Amazônia,1.2
526576d8-6882-3d31-be16-ce14e3c21925,  -6.632260, -58.506730,2026-08-27 04:34:00,NOAA-21,MAUÉS,AMAZONAS,Brasil,1302900,13,33,,,,Amazônia,1.9
5dceadb3-6706-3c75-a83b-9d9ef7f8d108,  -8.016880, -48.025490,2026-08-27 04:34:00,NOAA-21,PALMEIRANTE,TOCANTINS,Brasil,1715705,17,33,,,,Cerrado,1.0
ada905b1-8648-3128-94da-ed8a6e77ffee, -11.497550, -45.108150,2026-08-27 04:34:00,NOAA-21,RIACHÃO DAS NEVES,BAHIA,Brasil,2926202,29,33,,,,Cerrado,1.6
2a51a1cf-aa40-3320-a742-30aaf58902c1,  -5.254330, -56.381820,2026-08-27 04:34:00,NOAA-21,TRAIRÃO,PARÁ,Brasil,1508050,15,33,,,,Amazônia,0.9
25526009-7b31-38b8-8dca-b0a66da21e1a, -10.775200, -53.997230,2026-08-27 04:34:00,NOAA-21,MARCELÂNDIA,MATO GROSSO,Brasil,5105580,51,33,,,,Amazônia,1.9
bccc4328-ee8f-31d5-8c72-08aa58ec11e5,  -9.370660, -60.299730,2026-08-27 04:34:00,NOAA-21,ARIPUANÃ,MATO GROSSO,Brasil,5101407,51,33,,,,Amazônia,2.1
34790c4e-f5f9-345c-9143-71531b1ebf64, -12.208780, -50.600890,2026-08-27 04:34:00,NOAA-21,FORMOSO DO ARAGUAIA,TOCANTINS,Brasil,1708205,17,33,,,,Cerrado,15.8
4e730267-cbf7-3dda-b730-8294cdcb0727, -11.741100, -54.530570,2026-08-27 04:34:00,NOAA-21,UNIÃO DO SUL,MATO GROSSO,Brasil,5108303,51,33,,,,Amazônia,1.0
620b58d3-0f81-31d7-8f97-4153d408dbaa, -10.944920, -50.270780,2026-08-27 04:34:00,NOAA-21,LAGOA DA CONFUSÃO,TOCANTINS,Brasil,1711902,17,33,,,,Cerrado,1.7
373965f3-0fda-369e-871a-c6201e861ef3,  -9.490120, -56.915660,2026-08-27 04:34:00,NOAA-21,PARANAÍTA,MATO GROSSO,Brasil,5106299,51,33,,,,Amazônia,3.9
f39c9fe9-7366-3f3c-ac8a-e62f93ad47b6,  -7.380260, -55.159270,2026-08-27 04:34:00,NOAA-21,ALTAMIRA,PARÁ,Brasil,1500602,15,33,,,,Amazônia,2.3
77962a93-d636-3563-af17-3c2764e06bb2, -10.927090, -50.260770,2026-08-27 04:34:00,NOAA-21,LAGOA DA CONFUSÃO,TOCANTINS,Brasil,1711902,17,33,,,,Cerrado,1.0
f69f99e5-ab0d-311c-9d95-a754d407765c,  -6.986030, -59.305640,2026-08-27 04:34:00,NOAA-21,APUÍ,AMAZONAS,Brasil,1300144,13,33,,,,Amazônia,6.1
a72c864a-b29d-3282-b4b3-5ea13312447d,  -7.270930, -45.353460,2026-08-27 04:34:00,NOAA-21,LORETO,MARANHÃO,Brasil,2106102,21,33,,,,Cerrado,4.9
71064a1a-31e2-3e2f-b20e-8cc3a0d9fb52, -11.736390, -54.533510,2026-08-27 04:34:00,NOAA-21,UNIÃO DO SUL,MATO GROSSO,Brasil,5108303,51,33,,,,Amazônia,7.7
42e5481f-6f2d-3448-8ad7-e33fe27ce9a3,  -7.019080, -47.970870,2026-08-27 04:34:00,NOAA-21,WANDERLÂNDIA,TOCANTINS,Brasil,1722081,17,33,,,,Cerrado,1.0
7c456b87-ffe6-3735-b7d0-e9775c9de05a,  -7.371960, -55.152780,2026-08-27 04:34:00,NOAA-21,ALTAMIRA,PARÁ,Brasil,1500602,15,33,,,,Amazônia,5.3
e05be547-d6ff-3ba1-bf17-07ed08531c18,  -6.908180, -44.669530,2026-08-27 04:34:00,NOAA-21,SÃO DOMINGOS DO AZEITÃO,MARANHÃO,Brasil,2110658,21,33,,,,Cerrado,2.6
4529b466-e223-39f5-8b4a-1cb18ad1a541,  -6.589550, -47.452270,2026-08-27 04:34:00,NOAA-21,ESTREITO,MARANHÃO,Brasil,2104057,21,33,,,,Cerrado,2.8
039fd91b-4398-3c2d-aff1-809432182e68,  -8.809050, -50.073200,2026-08-27 04:34:00,NOAA-21,SANTA MARIA DAS BARREIRAS,PARÁ,Brasil,1506583,15,33,,,,Amazônia,2.9
04b694a6-205b-3c39-a3ff-d85eb96a7118,  -9.667570, -55.082110,2026-08-27 04:34:00,NOAA-21,NOVO MUNDO,MATO GROSSO,Brasil,5106265,51,33,,,,Amazônia,2.8
0a679249-9dcc-3416-85d3-aaaca632bdfb,  -7.167250, -42.798930,2026-08-27 04:34:00,NOAA-21,NAZARÉ DO PIAUÍ,PIAUÍ,Brasil,2206704,22,33,,,,Caatinga,1.1
e00f930c-096a-3eca-a71a-63e726a06b52,  -6.757390, -59.453870,2026-08-27 04:34:00,NOAA-21,APUÍ,AMAZONAS,Brasil,1300144,13,33,,,,Amazônia,2.5
a34c1baa-8ab3-311c-9e72-996754de38a2,  -9.189170, -58.316780,2026-08-27 04:34:00,NOAA-21,NOVA BANDEIRANTES,MATO GROSSO,Brasil,5106158,51,33,,,,Amazônia,2.3
d93e0adf-077c-3676-bb20-0022336cabbe,  -8.541480, -47.447400,2026-08-27 04:34:00,NOAA-21,ITACAJÁ,TOCANTINS,Brasil,1710508,17,33,,,,Cerrado,1.3
e7b3bc50-ab0f-3a11-ad74-7bdb890d7274, -11.758420, -54.525820,2026-08-27 04:34:00,NOAA-21,UNIÃO DO SUL,MATO GROSSO,Brasil,5108303,51,33,,,,Amazônia,1.7
580d354f-68c9-3f5b-96ca-d020549a98ed,  -8.573140, -55.277450,2026-08-27 04:34:00,NOAA-21,NOVO PROGRESSO,PARÁ,Brasil,1505031,15,33,,,,Amazônia,2.5
fe4aed3d-4145-3e41-a37c-e1bae667cf67,  -7.458690, -43.108590,2026-08-27 04:34:00,NOAA-21,ITAUEIRA,PIAUÍ,Brasil,2205102,22,33,,,,Caatinga,0.7
6273072c-e7c7-318a-a34a-206ff2fa9725,  -9.221370, -51.545310,2026-08-27 04:34:00,NOAA-21,SÃO FÉLIX DO XINGU,PARÁ,Brasil,1507300,15,33,,,,Amazônia,1.8
7b135d9b-fffd-36ec-90ef-041ad5913350,  -6.166020, -47.311550,2026-08-27 04:34:00,NOAA-21,CAMPESTRE DO MARANHÃO,MARANHÃO,Brasil,2102556,21,33,,,,Cerrado,1.4
3bdb65c1-1094-312e-97fe-b04a5df283d1, -11.803890, -47.675740,2026-08-27 04:34:00,NOAA-21,NATIVIDADE,TOCANTINS,Brasil,1714203,17,33,,,,Cerrado,1.6
8e909764-22e0-3a29-bb73-2c1193b09ab5,  -6.652530, -58.493510,2026-08-27 04:34:00,NOAA-21,MAUÉS,AMAZONAS,Brasil,1302900,13,33,,,,Amazônia,1.9
1273962a-4708-3a32-85a4-52269f1f7499, -11.731690, -54.536420,2026-08-27 04:34:00,NOAA-21,UNIÃO DO SUL,MATO GROSSO,Brasil,5108303,51,33,,,,Amazônia,7.7
3734c750-f8d2-3300-8f15-c4620aaa4365,  -7.738030, -44.748580,2026-08-27 04:34:00,NOAA-21,URUÇUÍ,PIAUÍ,Brasil,2211209,22,33,,,,Cerrado,3.0
df5b40de-5e0f-39df-9a09-5a3265473e47,  -8.804640, -50.057570,2026-08-27 04:34:00,NOAA-21,SANTA MARIA DAS BARREIRAS,PARÁ,Brasil,1506583,15,33,,,,Amazônia,9.4
2d6b9a60-8384-32ea-8aa5-9a383a64436c,  -6.803710, -59.713520,2026-08-27 04:34:00,NOAA-21,APUÍ,AMAZONAS,Brasil,1300144,13,33,,,,Amazônia,3.7
4f0f5679-10f4-333b-bc91-aaaa858a32b7, -10.770600, -54.000010,2026-08-27 04:34:00,NOAA-21,MARCELÂNDIA,MATO GROSSO,Brasil,5105580,51,33,,,,Amazônia,1.9
3311010b-c2e3-36f1-a04b-3f0ef1db3f18,  -9.376780, -48.704170,2026-08-27 04:34:00,NOAA-21,MIRANORTE,TOCANTINS,Brasil,1713304,17,33,,,,Cerrado,2.3
c5da021f-95ac-35bd-94a0-760eda0a7fbe,  -7.101340, -42.819420,2026-08-27 04:34:00,NOAA-21,NAZARÉ DO PIAUÍ,PIAUÍ,Brasil,2206704,22,33,,,,Caatinga,1.9
f455a936-c5b4-31b7-99a0-1c88d8fa2c9f, -11.938890, -47.752790,2026-08-27 04:34:00,NOAA-21,NATIVIDADE,TOCANTINS,Brasil,1714203,17,33,,,,Cerrado,2.4
d509826f-e240-3342-9815-3796b74c719d, -15.580450, -56.390580,2026-08-27 04:36:00,NOAA-21,VÁRZEA GRANDE,MATO GROSSO,Brasil,5108402,51,33,,,,Cerrado,5.5
5fe72b49-9e22-3417-a82d-886ab9e64998, -14.577740, -52.053800,2026-08-27 04:36:00,NOAA-21,NOVA NAZARÉ,MATO GROSSO,Brasil,5106174,51,33,,,,Cerrado,3.4
381a3c62-fd76-34ba-99bf-704d2983a13d, -13.347990, -51.477630,2026-08-27 04:36:00,NOAA-21,RIBEIRÃO CASCALHEIRA,MATO GROSSO,Brasil,5107180,51,33,,,,Cerrado,18.1
220d3f61-ecfb-3c8b-aec6-b41e4b1671d4, -13.350960, -51.416090,2026-08-27 04:36:00,NOAA-21,RIBEIRÃO CASCALHEIRA,MATO GROSSO,Brasil,5107180,51,33,,,,Cerrado,81.4
d3182244-892d-343a-9e97-5e1f1bddd7b5, -13.350180, -51.485770,2026-08-27 04:36:00,NOAA-21,RIBEIRÃO CASCALHEIRA,MATO GROSSO,Brasil,5107180,51,33,,,,Cerrado,1.7
5cb8c4ce-0c8e-3b43-a9aa-032e534c1fec, -13.386950, -51.476560,2026-08-27 04:36:00,NOAA-21,RIBEIRÃO CASCALHEIRA,MATO GROSSO,Brasil,5107180,51,33,,,,Cerrado,1.4
9c4e7152-72df-3e7e-bead-6cba850a66ed, -15.465480, -53.976260,2026-08-27 04:36:00,NOAA-21,POXORÉU,MATO GROSSO,Brasil,5107008,51,33,,,,Cerrado,15.7
bd735a6a-6a31-3a4a-9121-6b8a42687a33, -14.495810, -53.546480,2026-08-27 04:36:00,NOAA-21,SANTO ANTÔNIO DO LESTE,MATO GROSSO,Brasil,5107792,51,33,,,,Cerrado,1.8
3ca9cece-249b-3e4f-a1a1-eebde39469b2, -13.586860, -51.843160,2026-08-27 04:36:00,NOAA-21,CANARANA,MATO GROSSO,Brasil,5102702,51,33,,,,Cerrado,3.8
5d5b85c3-6376-3484-9a1d-b76c10ff06b2, -13.363380, -51.425930,2026-08-27 04:36:00,NOAA-21,RIBEIRÃO CASCALHEIRA,MATO GROSSO,Brasil,5107180,51,33,,,,Cerrado,15.1
54acb1b0-56fe-3be7-b80e-52af2b8f7578, -13.396260, -51.462620,2026-08-27 04:36:00,NOAA-21,RIBEIRÃO CASCALHEIRA,MATO GROSSO,Brasil,5107180,51,33,,,,Cerrado,7.1
2b7b10e2-11c1-3ca8-8ad8-57bdf4846b3c, -14.802930, -48.796330,2026-08-27 04:36:00,NOAA-21,BARRO ALTO,GOIÁS,Brasil,5203203,52,33,,,,Cerrado,2.3
66be5060-8893-3559-8498-910f260b2418, -13.323700, -51.411460,2026-08-27 04:36:00,NOAA-21,RIBEIRÃO CASCALHEIRA,MATO GROSSO,Brasil,5107180,51,33,,,,Cerrado,58.7
771956f9-da9c-3772-8578-f586e3c6bc9f, -13.372700, -51.435370,2026-08-27 04:36:00,NOAA-21,RIBEIRÃO CASCALHEIRA,MATO GROSSO,Brasil,5107180,51,33,,,,Cerrado,19.4
54a615e6-7431-33ba-acba-b4a0845c6b5c, -13.875230, -54.100780,2026-08-27 04:36:00,NOAA-21,PARANATINGA,MATO GROSSO,Brasil,5106307,51,33,,,,Cerrado,1.4
e90ae751-1541-3bf1-84a7-9fb57d850caa, -14.911220, -43.411030,2026-08-27 04:36:00,NOAA-21,GAMELEIRAS,MINAS GERAIS,Brasil,3127339,31,33,,,,Caatinga,1.4
13610616-721b-38c5-95c5-ca43ee2ca56a, -13.773520, -52.010860,2026-08-27 04:36:00,NOAA-21,CANARANA,MATO GROSSO,Brasil,5102702,51,33,,,,Cerrado,1.0
f1252d69-0739-3e0e-90da-6227e46806f6, -13.393470, -51.458270,2026-08-27 04:36:00,NOAA-21,RIBEIRÃO CASCALHEIRA,MATO GROSSO,Brasil,5107180,51,33,,,,Cerrado,3.1
34bd88b7-d905-3f53-a32c-a995073cac88, -15.596860, -56.398210,2026-08-27 04:36:00,NOAA-21,NOSSA SENHORA DO LIVRAMENTO,MATO GROSSO,Brasil,5106109,51,33,,,,Cerrado,5.3
2b69eef7-e846-390e-bd14-86bd26ad250c, -14.466670, -52.150920,2026-08-27 04:36:00,NOAA-21,NOVA NAZARÉ,MATO GROSSO,Brasil,5106174,51,33,,,,Cerrado,0.7
6bd69499-8ef0-3bf4-9ffd-c4e30c734d19, -14.767170, -48.760620,2026-08-27 04:36:00,NOAA-21,BARRO ALTO,GOIÁS,Brasil,5203203,52,33,,,,Cerrado,2.0
7952e873-192d-39d1-bec5-8bb0ef28cbb6, -13.400910, -51.455640,2026-08-27 04:36:00,NOAA-21,RIBEIRÃO CASCALHEIRA,MATO GROSSO,Brasil,5107180,51,33,,,,Cerrado,109.6
cacdd597-be94-3de0-a00a-b4800a8f58c2, -14.744290, -48.760550,2026-08-27 04:36:00,NOAA-21,BARRO ALTO,GOIÁS,Brasil,5203203,52,33,,,,Cerrado,1.2
96c9aac2-865a-305e-93de-19fdd3bd7e41, -13.361190, -51.417820,2026-08-27 04:36:00,NOAA-21,RIBEIRÃO CASCALHEIRA,MATO GROSSO,Brasil,5107180,51,33,,,,Cerrado,67.3
59999f67-c3b9-3d17-b437-11bc7d925776, -13.355430, -51.475010,2026-08-27 04:36:00,NOAA-21,RIBEIRÃO CASCALHEIRA,MATO GROSSO,Brasil,5107180,51,33,,,,Cerrado,26.5
5bf41575-ba4b-3e08-b144-6de530ed1024, -13.384460, -51.491680,2026-08-27 04:36:00,NOAA-21,RIBEIRÃO CASCALHEIRA,MATO GROSSO,Brasil,5107180,51,33,,,,Cerrado,2.5
696faa32-bf16-34db-8292-ac089f767502, -14.740390, -48.763680,2026-08-27 04:36:00,NOAA-21,BARRO ALTO,GOIÁS,Brasil,5203203,52,33,,,,Cerrado,1.2
de399414-f1ec-3cd0-a782-fa77b9e11320, -15.776740, -47.803950,2026-08-27 04:36:00,NOAA-21,BRASÍLIA,DISTRITO FEDERAL,Brasil,5300108,53,33,,,,Cerrado,1.0
df98d95c-b586-3ac7-ab84-d4fccf01fb43, -14.306300, -51.720260,2026-08-27 04:36:00,NOAA-21,NOVA NAZARÉ,MATO GROSSO,Brasil,5106174,51,33,,,,Cerrado,2.0
7b3bcc6c-f1af-3577-a476-a7feb4d27c5d, -13.373320, -51.431590,2026-08-27 04:36:00,NOAA-21,RIBEIRÃO CASCALHEIRA,MATO GROSSO,Brasil,5107180,51,33,,,,Cerrado,19.4
f90c025d-c06b-3da1-8614-fc7f00c0a8c2, -14.940120, -52.619040,2026-08-27 04:36:00,NOAA-21,BARRA DO GARÇAS,MATO GROSSO,Brasil,5101803,51,33,,,,Cerrado,0.9
69f5bb2c-83cd-37ab-9162-9e61a5a64975, -14.391030, -51.824270,2026-08-27 04:36:00,NOAA-21,NOVA NAZARÉ,MATO GROSSO,Brasil,5106174,51,33,,,,Cerrado,1.6
988e1a11-86d5-3d5b-b354-865c6aae88a4, -13.376110, -51.435940,2026-08-27 04:36:00,NOAA-21,RIBEIRÃO CASCALHEIRA,MATO GROSSO,Brasil,5107180,51,33,,,,Cerrado,19.4
f48775ff-b953-38f7-ba4f-074cf108a361, -14.413950, -51.749840,2026-08-27 04:36:00,NOAA-21,NOVA NAZARÉ,MATO GROSSO,Brasil,5106174,51,33,,,,Cerrado,1.4
5e3c289c-a53f-3b27-ba73-f062f1deacd0, -14.554990, -51.982270,2026-08-27 04:36:00,NOAA-21,NOVA NAZARÉ,MATO GROSSO,Brasil,5106174,51,33,,,,Cerrado,0.6
30bb5053-378f-38c0-9bed-200bf84ad292, -15.600380, -56.403270,2026-08-27 04:36:00,NOAA-21,NOSSA SENHORA DO LIVRAMENTO,MATO GROSSO,Brasil,5106109,51,33,,,,Cerrado,1.0
df9acfd0-9438-3bbe-8c38-74cb0a38e9f6, -13.370210, -51.450440,2026-08-27 04:36:00,NOAA-21,RIBEIRÃO CASCALHEIRA,MATO GROSSO,Brasil,5107180,51,33,,,,Cerrado,3.6
6e090375-6b2b-3db5-8984-207c6c865780, -14.604680, -47.988400,2026-08-27 04:36:00,NOAA-21,NIQUELÂNDIA,GOIÁS,Brasil,5214606,52,33,,,,Cerrado,1.2
35a24e70-111e-3273-bd8c-04147089cf20, -13.388500, -51.445790,2026-08-27 04:36:00,NOAA-21,RIBEIRÃO CASCALHEIRA,MATO GROSSO,Brasil,5107180,51,33,,,,Cerrado,18.7
d9e880e9-a0f6-312c-804d-8e50d1540423, -13.353150, -51.424200,2026-08-27 04:36:00,NOAA-21,RIBEIRÃO CASCALHEIRA,MATO GROSSO,Brasil,5107180,51,33,,,,Cerrado,6.6
628051d4-08cb-331d-af08-e7944ed91ca2, -13.308840, -51.416680,2026-08-27 04:36:00,NOAA-21,RIBEIRÃO CASCALHEIRA,MATO GROSSO,Brasil,5107180,51,33,,,,Cerrado,6.7
5a2870df-89da-3a4f-a358-44737b387ca3, -14.799590, -48.795780,2026-08-27 04:36:00,NOAA-21,BARRO ALTO,GOIÁS,Brasil,5203203,52,33,,,,Cerrado,1.1
be885313-6eaf-3434-800b-0c4f4ccbd051, -13.387880, -51.449570,2026-08-27 04:36:00,NOAA-21,RIBEIRÃO CASCALHEIRA,MATO GROSSO,Brasil,5107180,51,33,,,,Cerrado,10.1
edee77a5-4366-36f1-88f2-467610542125, -13.352540, -51.427970,2026-08-27 04:36:00,NOAA-21,RIBEIRÃO CASCALHEIRA,MATO GROSSO,Brasil,5107180,51,33,,,,Cerrado,6.6
c37e32a7-9325-3d9a-8493-aeddf9fe33df, -13.320670, -51.472990,2026-08-27 04:36:00,NOAA-21,RIBEIRÃO CASCALHEIRA,MATO GROSSO,Brasil,5107180,51,33,,,,Cerrado,5.5
899280cd-9c4a-3cda-b20a-111aef60bef7, -15.325780, -52.788070,2026-08-27 04:36:00,NOAA-21,BARRA DO GARÇAS,MATO GROSSO,Brasil,5101803,51,33,,,,Cerrado,1.8
7bda9af0-e5df-310b-ab1c-0bb79a8104d3, -17.582420, -49.883110,2026-08-27 04:36:00,NOAA-21,EDEALINA,GOIÁS,Brasil,5207352,52,33,,,,Cerrado,0.8
e1c957ed-4486-386a-b9f6-d22850948fb4, -14.420780, -51.751010,2026-08-27 04:36:00,NOAA-21,NOVA NAZARÉ,MATO GROSSO,Brasil,5106174,51,33,,,,Cerrado,3.2
d128e364-4fcc-32df-ae32-92d17a87e42a, -13.860280, -52.996250,2026-08-27 04:36:00,NOAA-21,ÁGUA BOA,MATO GROSSO,Brasil,5100201,51,33,,,,Cerrado,1.8
a57d7d37-bb69-3857-8562-d9fc50ef00e5, -14.492310, -53.412460,2026-08-27 04:36:00,NOAA-21,SANTO ANTÔNIO DO LESTE,MATO GROSSO,Brasil,5107792,51,33,,,,Cerrado,1.3
323bb9b8-4486-3022-96dc-36e0bc0c6240, -13.348610, -51.473850,2026-08-27 04:36:00,NOAA-21,RIBEIRÃO CASCALHEIRA,MATO GROSSO,Brasil,5107180,51,33,,,,Cerrado,18.1
120acb03-39e4-3423-a8bb-bb07e3a7d8c7, -14.944340, -52.615490,2026-08-27 04:36:00,NOAA-21,BARRA DO GARÇAS,MATO GROSSO,Brasil,5101803,51,33,,,,Cerrado,0.9
1f863bac-5ebd-3060-bc30-1cde5ba84312, -13.319680, -51.414650,2026-08-27 04:36:00,NOAA-21,RIBEIRÃO CASCALHEIRA,MATO GROSSO,Brasil,5107180,51,33,,,,Cerrado,19.7
c1efa5e7-eefb-382f-81fd-1f3c9b162f62, -14.588290, -52.011850,2026-08-27 04:36:00,NOAA-21,NOVA NAZARÉ,MATO GROSSO,Brasil,5106174,51,33,,,,Cerrado,1.2
932b1477-cceb-35d6-b4c8-546ef8f77647, -14.581830, -52.050520,2026-08-27 04:36:00,NOAA-21,NOVA NAZARÉ,MATO GROSSO,Brasil,5106174,51,33,,,,Cerrado,3.4
32c2a082-82fb-3e4f-bdc7-61367ef65390, -16.212360, -57.749210,2026-08-27 04:36:00,NOAA-21,CÁCERES,MATO GROSSO,Brasil,5102504,51,33,,,,Pantanal,3.8
fa14bdd2-8154-339f-a2f8-5ef3f22265b8, -13.358390, -51.413480,2026-08-27 04:36:00,NOAA-21,RIBEIRÃO CASCALHEIRA,MATO GROSSO,Brasil,5107180,51,33,,,,Cerrado,67.3
f8c6988e-1fcd-3e60-8c38-f5ebc84ded3d, -13.467660, -57.043180,2026-08-27 04:36:00,NOAA-21,NOVA MARINGÁ,MATO GROSSO,Brasil,5108907,51,33,,,,Cerrado,5.3
a54602d6-6291-35c9-ba12-85af853a4920, -14.309860, -47.231890,2026-08-27 04:36:00,NOAA-21,SÃO JOÃO D'ALIANÇA,GOIÁS,Brasil,5220009,52,33,,,,Cerrado,1.3
7e6511aa-c47e-3974-83a8-73c15a6e1e2f, -13.358390, -51.479490,2026-08-27 04:36:00,NOAA-21,RIBEIRÃO CASCALHEIRA,MATO GROSSO,Brasil,5107180,51,33,,,,Cerrado,7.3
f8261748-7b61-3014-8576-95a00fce023a, -13.916120, -49.812800,2026-08-27 04:36:00,NOAA-21,MARA ROSA,GOIÁS,Brasil,5212808,52,33,,,,Cerrado,0.6
21c35edf-b34e-3180-a654-bc2216895590, -15.318790, -52.786560,2026-08-27 04:36:00,NOAA-21,BARRA DO GARÇAS,MATO GROSSO,Brasil,5101803,51,33,,,,Cerrado,1.2
eb1d41a0-46c7-35ed-81f8-e9b7b54289a9, -14.581410, -52.010670,2026-08-27 04:36:00,NOAA-21,NOVA NAZARÉ,MATO GROSSO,Brasil,5106174,51,33,,,,Cerrado,3.3
e699d9c7-f8f0-38f8-89bb-c85c1916b193, -14.764940, -48.760020,2026-08-27 04:36:00,NOAA-21,BARRO ALTO,GOIÁS,Brasil,5203203,52,33,,,,Cerrado,1.2
e8e9002e-1693-336b-bd2a-88314ff1e323, -13.367420, -51.446100,2026-08-27 04:36:00,NOAA-21,RIBEIRÃO CASCALHEIRA,MATO GROSSO,Brasil,5107180,51,33,,,,Cerrado,2.8
37d02905-de7e-3394-97a6-26d66b891808, -15.523580, -55.947600,2026-08-27 04:36:00,NOAA-21,CUIABÁ,MATO GROSSO,Brasil,5103403,51,33,,,,Cerrado,1.7
d1e554ed-c7de-3346-b351-8a24f19b76d5, -14.927130, -41.308210,2026-08-27 04:36:00,NOAA-21,TREMEDAL,BAHIA,Brasil,2931806,29,33,,,,Mata Atlântica,0.7
50137d9b-3a96-37cd-b84f-be0002e4ab6a, -13.371130, -51.466120,2026-08-27 04:36:00,NOAA-21,RIBEIRÃO CASCALHEIRA,MATO GROSSO,Brasil,5107180,51,33,,,,Cerrado,2.1
3161fc07-8d33-34e5-9b4d-6e22be601927, -13.411710, -51.813920,2026-08-27 04:36:00,NOAA-21,RIBEIRÃO CASCALHEIRA,MATO GROSSO,Brasil,5107180,51,33,,,,Cerrado,2.5
bb04e5b2-c31f-3088-8a47-bf8c33e76b0c, -13.846650, -54.060370,2026-08-27 04:36:00,NOAA-21,PARANATINGA,MATO GROSSO,Brasil,5106307,51,33,,,,Cerrado,1.6
75176d5b-c4c2-3d71-9b16-d9b0e42e284a, -13.351410, -51.478210,2026-08-27 04:36:00,NOAA-21,RIBEIRÃO CASCALHEIRA,MATO GROSSO,Brasil,5107180,51,33,,,,Cerrado,18.1
d43de72e-61cd-37a5-b88a-18a19db0bb0a, -13.394080, -51.454490,2026-08-27 04:36:00,NOAA-21,RIBEIRÃO CASCALHEIRA,MATO GROSSO,Brasil,5107180,51,33,,,,Cerrado,20.2
5e613506-15a7-3675-b335-ff66180ecc3a, -13.365570, -51.434050,2026-08-27 04:36:00,NOAA-21,RIBEIRÃO CASCALHEIRA,MATO GROSSO,Brasil,5107180,51,33,,,,Cerrado,2.4
3489a433-4a27-33fd-94f6-1d7612dd9259, -14.276460, -42.703560,2026-08-27 04:36:00,NOAA-21,GUANAMBI,BAHIA,Brasil,2911709,29,33,,,,Caatinga,5.3
17cfb021-8767-3393-be4f-a0ce8779f1ec, -13.312250, -51.417260,2026-08-27 04:36:00,NOAA-21,RIBEIRÃO CASCALHEIRA,MATO GROSSO,Brasil,5107180,51,33,,,,Cerrado,6.7
0799d6db-f3a4-3cf0-b41a-5f02590c321f, -13.660620, -49.004440,2026-08-27 04:36:00,NOAA-21,SANTA TEREZA DE GOIÁS,GOIÁS,Brasil,5219605,52,33,,,,Cerrado,1.3
190f3306-51dc-3bb0-a6ac-2b2a143c81d6, -13.377330, -51.471050,2026-08-27 04:36:00,NOAA-21,RIBEIRÃO CASCALHEIRA,MATO GROSSO,Brasil,5107180,51,33,,,,Cerrado,2.4
1f23a47e-a558-3adb-a6ec-cbfb7c362474, -13.357620, -51.483150,2026-08-27 04:36:00,NOAA-21,RIBEIRÃO CASCALHEIRA,MATO GROSSO,Brasil,5107180,51,33,,,,Cerrado,3.0
09c6c6d8-36dd-358e-86b6-3fc5d5e7fa6b, -13.270050, -51.503280,2026-08-27 04:36:00,NOAA-21,RIBEIRÃO CASCALHEIRA,MATO GROSSO,Brasil,5107180,51,33,,,,Cerrado,3.8
99a682f7-70c4-3d2f-80c4-6a63a6ceacc6, -13.619150, -51.840890,2026-08-27 04:36:00,NOAA-21,CANARANA,MATO GROSSO,Brasil,5102702,51,33,,,,Cerrado,3.1
2e5d3119-482f-3db5-853e-c8ffbc288fa0, -13.358240, -51.479370,2026-08-27 04:36:00,NOAA-21,RIBEIRÃO CASCALHEIRA,MATO GROSSO,Brasil,5107180,51,33,,,,Cerrado,26.5
16e5ee63-95e5-30e3-80c3-5209d5a8151f, -13.411470, -51.778800,2026-08-27 04:36:00,NOAA-21,RIBEIRÃO CASCALHEIRA,MATO GROSSO,Brasil,5107180,51,33,,,,Cerrado,2.6
21aa8a20-ebca-3200-977e-ca7d12d7da0d, -15.339190, -52.815860,2026-08-27 04:36:00,NOAA-21,BARRA DO GARÇAS,MATO GROSSO,Brasil,5101803,51,33,,,,Cerrado,1.9
4a48d0a2-f36c-3ef0-9c1b-2dc7d9c4eb6d, -13.849600, -54.066090,2026-08-27 04:36:00,NOAA-21,PARANATINGA,MATO GROSSO,Brasil,5106307,51,33,,,,Cerrado,0.8
678cbb6b-c3ed-3211-8807-2c728bae9511, -16.151230, -49.800180,2026-08-27 04:36:00,NOAA-21,ITABERAÍ,GOIÁS,Brasil,5210406,52,33,,,,Cerrado,1.0
a21b5762-928c-3103-87ff-6edd10d73256, -14.328320, -53.010780,2026-08-27 04:36:00,NOAA-21,CAMPINÁPOLIS,MATO GROSSO,Brasil,5102603,51,33,,,,Cerrado,1.8
22cdb853-fc2a-3332-846b-ed0cfa944185, -15.344840, -52.825360,2026-08-27 04:36:00,NOAA-21,BARRA DO GARÇAS,MATO GROSSO,Brasil,5101803,51,33,,,,Cerrado,2.4
3ef52404-7c87-3c04-ab7a-26412f797b04, -14.482040, -53.516030,2026-08-27 04:36:00,NOAA-21,SANTO ANTÔNIO DO LESTE,MATO GROSSO,Brasil,5107792,51,33,,,,Cerrado,1.3
0fcd4e67-be9d-3003-b795-9b2db82e0ed0, -13.361800, -51.480070,2026-08-27 04:36:00,NOAA-21,RIBEIRÃO CASCALHEIRA,MATO GROSSO,Brasil,5107180,51,33,,,,Cerrado,7.3
e7283d7a-9af7-3740-876b-2d74b418ef7e, -13.287140, -51.420750,2026-08-27 04:36:00,NOAA-21,RIBEIRÃO CASCALHEIRA,MATO GROSSO,Brasil,5107180,51,33,,,,Cerrado,2.0
f7c2121b-2e22-3da4-966b-ec924e05c418, -13.231750, -51.307560,2026-08-27 04:36:00,NOAA-21,RIBEIRÃO CASCALHEIRA,MATO GROSSO,Brasil,5107180,51,33,,,,Cerrado,0.8
39f240f9-a79e-3dbc-920d-c41fb27c5ca3, -14.806820, -48.793300,2026-08-27 04:36:00,NOAA-21,BARRO ALTO,GOIÁS,Brasil,5203203,52,33,,,,Cerrado,2.3
b1d8b3e0-c20a-3dc0-9473-60e406546e36, -13.365880, -51.434220,2026-08-27 04:36:00,NOAA-21,RIBEIRÃO CASCALHEIRA,MATO GROSSO,Brasil,5107180,51,33,,,,Cerrado,4.1
26c40fce-9080-3fbe-b1a5-08d4e8922358, -13.360580, -51.421590,2026-08-27 04:36:00,NOAA-21,RIBEIRÃO CASCALHEIRA,MATO GROSSO,Brasil,5107180,51,33,,,,Cerrado,22.7
792c3d14-754f-328c-a4a9-2ab212465018, -15.023790, -48.886270,2026-08-27 04:36:00,NOAA-21,BARRO ALTO,GOIÁS,Brasil,5203203,52,33,,,,Cerrado,0.5
741d23c5-e2b6-35bb-b129-64b1285fffbc, -13.349130, -51.427390,2026-08-27 04:36:00,NOAA-21,RIBEIRÃO CASCALHEIRA,MATO GROSSO,Brasil,5107180,51,33,,,,Cerrado,6.6
7f0c7ca4-ec42-3856-9b5b-12870d1fc4e9, -13.857260, -54.067510,2026-08-27 04:36:00,NOAA-21,PARANATINGA,MATO GROSSO,Brasil,5106307,51,33,,,,Cerrado,2.3
3e08c3f5-0d0b-3371-aa86-2ebf3066c997, -14.551550, -51.981680,2026-08-27 04:36:00,NOAA-21,NOVA NAZARÉ,MATO GROSSO,Brasil,5106174,51,33,,,,Cerrado,0.6
dd36f7f4-fd12-352b-bd88-d082a6cac1d1, -13.309450, -51.412910,2026-08-27 04:36:00,NOAA-21,RIBEIRÃO CASCALHEIRA,MATO GROSSO,Brasil,5107180,51,33,,,,Cerrado,6.7
7a883032-751b-32b7-91b5-83c405707d70, -13.376730, -51.432170,2026-08-27 04:36:00,NOAA-21,RIBEIRÃO CASCALHEIRA,MATO GROSSO,Brasil,5107180,51,33,,,,Cerrado,19.4
efb65624-b99b-3574-9d3b-c5c8339c6367, -14.176500, -47.081140,2026-08-27 04:36:00,NOAA-21,FLORES DE GOIÁS,GOIÁS,Brasil,5207907,52,33,,,,Cerrado,0.3
2be72142-dd67-3141-9e19-5f80263c7952, -15.827430, -56.096290,2026-08-27 04:36:00,NOAA-21,SANTO ANTÔNIO DO LEVERGER,MATO GROSSO,Brasil,5107800,51,33,,,,Pantanal,1.5
80504bbe-3d77-3d71-bae7-265c2909ec17, -14.666300, -46.890200,2026-08-27 04:36:00,NOAA-21,FLORES DE GOIÁS,GOIÁS,Brasil,5207907,52,33,,,,Cerrado,1.6
a2e9e358-a9a9-3a2d-8a52-9c94e067e15e, -13.629750, -48.985240,2026-08-27 04:36:00,NOAA-21,SANTA TEREZA DE GOIÁS,GOIÁS,Brasil,5219605,52,33,,,,Cerrado,2.4
0e02d109-8d43-3bcb-9006-fdc8327b14c3, -13.376080, -51.478610,2026-08-27 04:36:00,NOAA-21,RIBEIRÃO CASCALHEIRA,MATO GROSSO,Brasil,5107180,51,33,,,,Cerrado,50.4
a63dcc11-3d63-3427-b3d2-cfe1de41fc62, -14.315770, -49.252200,2026-08-27 04:36:00,NOAA-21,NOVA IGUAÇU DE GOIÁS,GOIÁS,Brasil,5214879,52,33,,,,Cerrado,1.5
b29d8f22-790a-3610-b816-075d36f49a1a, -13.464620, -57.045590,2026-08-27 04:36:00,NOAA-21,NOVA MARINGÁ,MATO GROSSO,Brasil,5108907,51,33,,,,Cerrado,3.7
c696d201-b33b-3cf6-b91a-7c509f1a095c, -14.223880, -45.270530,2026-08-27 04:36:00,NOAA-21,COCOS,BAHIA,Brasil,2908101,29,33,,,,Cerrado,2.9
3fd89108-b851-3c09-9e5d-250dd37886e2, -15.775960, -47.798730,2026-08-27 04:36:00,NOAA-21,BRASÍLIA,DISTRITO FEDERAL,Brasil,5300108,53,33,,,,Cerrado,1.1
2fc8669a-4ea4-33e1-89ff-83ba10d6f2c3, -14.750420, -48.765340,2026-08-27 04:36:00,NOAA-21,BARRO ALTO,GOIÁS,Brasil,5203203,52,33,,,,Cerrado,1.2
e48e7bea-964a-3c14-8f89-492c05a8d6c4, -13.876830, -51.915680,2026-08-27 04:36:00,NOAA-21,NOVA NAZARÉ,MATO GROSSO,Brasil,5106174,51,33,,,,Cerrado,2.4
e0cd334b-eb69-3aae-acf7-95d697fdbc19, -15.773850, -47.799540,2026-08-27 04:36:00,NOAA-21,BRASÍLIA,DISTRITO FEDERAL,Brasil,5300108,53,33,,,,Cerrado,1.0
2451c931-2c01-31df-9ae2-45c73951bbb4, -14.385790, -51.835840,2026-08-27 04:36:00,NOAA-21,NOVA NAZARÉ,MATO GROSSO,Brasil,5106174,51,33,,,,Cerrado,1.5
4e797161-79da-3b90-8a4a-e7e4b709f7e1, -16.973140, -54.790090,2026-08-27 04:36:00,NOAA-21,RONDONÓPOLIS,MATO GROSSO,Brasil,5107602,51,33,,,,Cerrado,1.0
0de7d462-dd5c-37f4-aa4f-c8afd12c36f0, -13.412090, -51.774990,2026-08-27 04:36:00,NOAA-21,RIBEIRÃO CASCALHEIRA,MATO GROSSO,Brasil,5107180,51,33,,,,Cerrado,2.6
62080ad3-b606-3001-9ab3-c3ba2ab36ef7, -13.379500, -51.479190,2026-08-27 04:36:00,NOAA-21,RIBEIRÃO CASCALHEIRA,MATO GROSSO,Brasil,5107180,51,33,,,,Cerrado,37.9
e7f92f32-42b6-3f2d-9527-cac54963a559, -13.380140, -51.432750,2026-08-27 04:36:00,NOAA-21,RIBEIRÃO CASCALHEIRA,MATO GROSSO,Brasil,5107180,51,33,,,,Cerrado,5.2
f7912a0b-79e7-39fe-936f-f14518c9eb8d, -13.844530, -54.049870,2026-08-27 04:36:00,NOAA-21,PARANATINGA,MATO GROSSO,Brasil,5106307,51,33,,,,Cerrado,1.8
1665ace7-745c-36b1-9d23-085c3e7f1a62, -17.569120, -49.880910,2026-08-27 04:36:00,NOAA-21,EDEALINA,GOIÁS,Brasil,5207352,52,33,,,,Cerrado,0.6
93064d53-77f7-38ec-a7e2-daa3fb14eee3, -13.392840, -51.462040,2026-08-27 04:36:00,NOAA-21,RIBEIRÃO CASCALHEIRA,MATO GROSSO,Brasil,5107180,51,33,,,,Cerrado,3.1
7460037a-7aed-306d-bd8a-28c1f9bc21b4, -13.465740, -57.053250,2026-08-27 04:36:00,NOAA-21,NOVA MARINGÁ,MATO GROSSO,Brasil,5108907,51,33,,,,Cerrado,2.3
881627a8-6a28-3f67-acbb-657f814b972e, -14.580760, -52.014540,2026-08-27 04:36:00,NOAA-21,NOVA NAZARÉ,MATO GROSSO,Brasil,5106174,51,33,,,,Cerrado,3.3
37ff391f-4adf-323b-b98e-a833364dae09, -14.481260, -53.520570,2026-08-27 04:36:00,NOAA-21,SANTO ANTÔNIO DO LESTE,MATO GROSSO,Brasil,5107792,51,33,,,,Cerrado,1.3
eeef4f4e-34c2-38f6-b4aa-04b02122fe17, -13.850470, -54.061130,2026-08-27 04:36:00,NOAA-21,PARANATINGA,MATO GROSSO,Brasil,5106307,51,33,,,,Cerrado,3.4
f0c619ea-13fe-3b2b-942f-941fee0c14a7, -13.368630, -51.481230,2026-08-27 04:36:00,NOAA-21,RIBEIRÃO CASCALHEIRA,MATO GROSSO,Brasil,5107180,51,33,,,,Cerrado,20.3
888091f7-b7ef-3229-98c0-38e5c14fd2e9, -14.554350, -51.986130,2026-08-27 04:36:00,NOAA-21,NOVA NAZARÉ,MATO GROSSO,Brasil,5106174,51,33,,,,Cerrado,0.6
3e4ddb00-46fd-3866-a773-fd1177d5596b, -15.329280, -52.788820,2026-08-27 04:36:00,NOAA-21,BARRA DO GARÇAS,MATO GROSSO,Brasil,5101803,51,33,,,,Cerrado,1.8
6af3f75f-574a-346d-929d-f3f5bdc610d2, -13.400290, -51.459420,2026-08-27 04:36:00,NOAA-21,RIBEIRÃO CASCALHEIRA,MATO GROSSO,Brasil,5107180,51,33,,,,Cerrado,7.1
c46d9816-c72f-35da-970e-29fde3adbcf3, -13.606610, -51.830880,2026-08-27 04:36:00,NOAA-21,CANARANA,MATO GROSSO,Brasil,5102702,51,33,,,,Cerrado,2.0
cd66d6a4-1fdb-3fbc-89e0-af241f5e6a58, -13.861090, -54.068200,2026-08-27 04:36:00,NOAA-21,PARANATINGA,MATO GROSSO,Brasil,5106307,51,33,,,,Cerrado,2.3
da05a48d-00df-3216-8b5b-671455476637, -14.410540, -51.749260,2026-08-27 04:36:00,NOAA-21,NOVA NAZARÉ,MATO GROSSO,Brasil,5106174,51,33,,,,Cerrado,1.4
dfccb436-4eaf-3cc6-a0e2-6cfddc93dcb5, -13.373920, -51.470470,2026-08-27 04:36:00,NOAA-21,RIBEIRÃO CASCALHEIRA,MATO GROSSO,Brasil,5107180,51,33,,,,Cerrado,2.4
38135735-ec28-342f-8003-ed2e22cc0c6c, -14.584860, -52.011260,2026-08-27 04:36:00,NOAA-21,NOVA NAZARÉ,MATO GROSSO,Brasil,5106174,51,33,,,,Cerrado,1.2
c96ebad6-a6a1-3f74-a523-dc33cf86cab7, -15.342710, -52.816510,2026-08-27 04:36:00,NOAA-21,BARRA DO GARÇAS,MATO GROSSO,Brasil,5101803,51,33,,,,Cerrado,1.1
c07bee1a-473d-3f7c-84da-890623fbecb5, -13.346680, -51.442470,2026-08-27 04:36:00,NOAA-21,RIBEIRÃO CASCALHEIRA,MATO GROSSO,Brasil,5107180,51,33,,,,Cerrado,1.6
be91a1db-e54b-392d-b529-f26a5dc82c12, -15.827220, -56.096200,2026-08-27 04:36:00,NOAA-21,SANTO ANTÔNIO DO LEVERGER,MATO GROSSO,Brasil,5107800,51,33,,,,Pantanal,1.6
8bc5f96d-f7b0-32e1-80e1-bf6a870249d2, -13.347560, -51.415510,2026-08-27 04:36:00,NOAA-21,RIBEIRÃO CASCALHEIRA,MATO GROSSO,Brasil,5107180,51,33,,,,Cerrado,135.0
b9f6ba29-a0f1-30de-b90f-634ae382b34f, -14.486500, -53.512190,2026-08-27 04:36:00,NOAA-21,SANTO ANTÔNIO DO LESTE,MATO GROSSO,Brasil,5107792,51,33,,,,Cerrado,1.1
402d6844-1729-3db4-b10c-9e29c4fe8f30, -13.354370, -51.416670,2026-08-27 04:36:00,NOAA-21,RIBEIRÃO CASCALHEIRA,MATO GROSSO,Brasil,5107180,51,33,,,,Cerrado,81.4
06ca20b8-e833-39f2-af53-41c837852b50, -13.376710, -51.474830,2026-08-27 04:36:00,NOAA-21,RIBEIRÃO CASCALHEIRA,MATO GROSSO,Brasil,5107180,51,33,,,,Cerrado,2.4
da48ddc4-739f-3c3f-86dc-29e4e083c1d1, -13.392220, -51.465810,2026-08-27 04:36:00,NOAA-21,RIBEIRÃO CASCALHEIRA,MATO GROSSO,Brasil,5107180,51,33,,,,Cerrado,2.0
898f1e76-cca0-390d-9173-13681f5c58a0, -13.589060, -51.851340,2026-08-27 04:36:00,NOAA-21,CANARANA,MATO GROSSO,Brasil,5102702,51,33,,,,Cerrado,1.5
acd049a6-ac99-3bf2-ad40-eb01b70ea888, -14.737050, -48.763110,2026-08-27 04:36:00,NOAA-21,BARRO ALTO,GOIÁS,Brasil,5203203,52,33,,,,Cerrado,1.7
83b644d1-37e4-3735-94e6-9d5802efe695, -13.357760, -51.483270,2026-08-27 04:36:00,NOAA-21,RIBEIRÃO CASCALHEIRA,MATO GROSSO,Brasil,5107180,51,33,,,,Cerrado,2.2
56830afa-3a39-3646-ac21-f6383f9e4278, -13.471370, -57.049070,2026-08-27 04:36:00,NOAA-21,NOVA MARINGÁ,MATO GROSSO,Brasil,5108907,51,33,,,,Cerrado,2.7
33721099-15fc-35fb-bf46-a8f6fad078b7, -17.266210, -53.302560,2026-08-27 04:36:00,NOAA-21,ALTO ARAGUAIA,MATO GROSSO,Brasil,5100300,51,33,,,,Cerrado,0.8
10a0e113-e695-3c82-a195-09cddc707a14, -14.843920, -49.220200,2026-08-27 04:36:00,NOAA-21,HIDROLINA,GOIÁS,Brasil,5209804,52,33,,,,Cerrado,2.5
5f51bf52-9db9-3868-bdd0-1290afeb0da2, -13.468360, -57.051520,2026-08-27 04:36:00,NOAA-21,NOVA MARINGÁ,MATO GROSSO,Brasil,5108907,51,33,,,,Cerrado,5.5
54ae67eb-3d0a-3eea-b109-be6088e65d5a, -14.927480, -41.305210,2026-08-27 04:36:00,NOAA-21,TREMEDAL,BAHIA,Brasil,2931806,29,33,,,,Mata Atlântica,0.6
e9202935-1d8d-3812-8444-dd3d3f7dad80, -14.431030, -51.752770,2026-08-27 04:36:00,NOAA-21,NOVA NAZARÉ,MATO GROSSO,Brasil,5106174,51,33,,,,Cerrado,1.7
550744b8-f66c-3754-aba4-a97da5c1f524, -13.363990, -51.422160,2026-08-27 04:36:00,NOAA-21,RIBEIRÃO CASCALHEIRA,MATO GROSSO,Brasil,5107180,51,33,,,,Cerrado,15.1
b92cd674-1284-3f9e-ab2d-07971c4ca465, -13.296440, -51.406840,2026-08-27 04:36:00,NOAA-21,RIBEIRÃO CASCALHEIRA,MATO GROSSO,Brasil,5107180,51,33,,,,Cerrado,2.0
af2a53c5-8f0f-319c-b1ee-ecdbc42305af, -13.618840, -51.821090,2026-08-27 04:36:00,NOAA-21,CANARANA,MATO GROSSO,Brasil,5102702,51,33,,,,Cerrado,5.6
35f150a4-a106-35a5-a3cb-6ab309befa8c, -14.424830, -51.747800,2026-08-27 04:36:00,NOAA-21,NOVA NAZARÉ,MATO GROSSO,Brasil,5106174,51,33,,,,Cerrado,1.4
0f2f1733-cf83-3e97-b9e6-1cc81c30cc84, -17.327700, -53.240740,2026-08-27 04:36:00,NOAA-21,ALTO ARAGUAIA,MATO GROSSO,Brasil,5100300,51,33,,,,Cerrado,2.7
42a3a5aa-541c-3b9e-8157-0c6e1df073c3, -13.341160, -51.476460,2026-08-27 04:36:00,NOAA-21,RIBEIRÃO CASCALHEIRA,MATO GROSSO,Brasil,5107180,51,33,,,,Cerrado,10.5
ffcba2bc-f91a-3b04-aeb1-2d65a77350ba, -14.578080, -52.014110,2026-08-27 04:36:00,NOAA-21,NOVA NAZARÉ,MATO GROSSO,Brasil,5106174,51,33,,,,Cerrado,2.2
a63e27af-c177-3a04-a49d-a7fdf48d4bde, -13.359970, -51.425350,2026-08-27 04:36:00,NOAA-21,RIBEIRÃO CASCALHEIRA,MATO GROSSO,Brasil,5107180,51,33,,,,Cerrado,22.7
025b8d71-d259-3c68-aa90-b571011111bc, -16.206730, -57.753310,2026-08-27 04:36:00,NOAA-21,CÁCERES,MATO GROSSO,Brasil,5102504,51,33,,,,Pantanal,3.1
2c9fc724-9931-33fb-ab1a-be9af78024a3, -14.437870, -51.753950,2026-08-27 04:36:00,NOAA-21,NOVA NAZARÉ,MATO GROSSO,Brasil,5106174,51,33,,,,Cerrado,1.1
f0f3a19b-44d7-32db-8372-d180b34f4ea0, -13.387880, -51.492260,2026-08-27 04:36:00,NOAA-21,RIBEIRÃO CASCALHEIRA,MATO GROSSO,Brasil,5107180,51,33,,,,Cerrado,2.5
2292bec3-28f6-355c-a4e6-c3494aaaba24, -13.912250, -49.815800,2026-08-27 04:36:00,NOAA-21,MARA ROSA,GOIÁS,Brasil,5212808,52,33,,,,Cerrado,0.6
5fa48195-c084-37e5-8a04-0459afaffed9, -15.522830, -55.951640,2026-08-27 04:36:00,NOAA-21,CUIABÁ,MATO GROSSO,Brasil,5103403,51,33,,,,Cerrado,1.5
14fae9b8-d24e-3ff9-a5ae-2452b0d98afc, -15.512230, -48.503380,2026-08-27 04:36:00,NOAA-21,PADRE BERNARDO,GOIÁS,Brasil,5215603,52,33,,,,Cerrado,1.5
169c6211-6d7d-33e1-8ee8-dbe2af5d8627, -13.361800, -51.414050,2026-08-27 04:36:00,NOAA-21,RIBEIRÃO CASCALHEIRA,MATO GROSSO,Brasil,5107180,51,33,,,,Cerrado,67.3
48b03a11-f805-3e8f-bd8f-5cf5ef3dbd2b, -13.364600, -51.418390,2026-08-27 04:36:00,NOAA-21,RIBEIRÃO CASCALHEIRA,MATO GROSSO,Brasil,5107180,51,33,,,,Cerrado,1.8
1f05626e-0a5d-300b-9866-d9897cae41e6, -14.505200, -59.807030,2026-08-27 04:36:00,NOAA-21,NOVA LACERDA,MATO GROSSO,Brasil,5106182,51,33,,,,Amazônia,2.2
fdb5163d-1aa4-3a38-82e2-98248bda40c0, -14.758250, -48.758940,2026-08-27 04:36:00,NOAA-21,BARRO ALTO,GOIÁS,Brasil,5203203,52,33,,,,Cerrado,2.3
5a19e0f8-af97-3a55-b81f-acecfae8aae8, -14.442130, -53.091500,2026-08-27 04:36:00,NOAA-21,CAMPINÁPOLIS,MATO GROSSO,Brasil,5102603,51,33,,,,Cerrado,1.2
ae60d8b4-7b3a-3f91-b214-57f829892c6e, -15.108860, -49.640770,2026-08-27 04:36:00,NOAA-21,IPIRANGA DE GOIÁS,GOIÁS,Brasil,5210158,52,33,,,,Cerrado,3.5
be060414-4528-315b-8d52-f6ede98e5412, -14.761590, -48.759480,2026-08-27 04:36:00,NOAA-21,BARRO ALTO,GOIÁS,Brasil,5203203,52,33,,,,Cerrado,1.2
f9e29540-8646-3af2-90f7-7652a0c9cadc, -13.396880, -51.458840,2026-08-27 04:36:00,NOAA-21,RIBEIRÃO CASCALHEIRA,MATO GROSSO,Brasil,5107180,51,33,,,,Cerrado,7.1
ef5d6294-d1ab-3b81-9fe1-4439f14d9303, -13.300460, -51.403650,2026-08-27 04:36:00,NOAA-21,RIBEIRÃO CASCALHEIRA,MATO GROSSO,Brasil,5107180,51,33,,,,Cerrado,2.0
b89386e0-8a27-3305-ac00-d039502cda91, -14.937270, -52.614490,2026-08-27 04:36:00,NOAA-21,BARRA DO GARÇAS,MATO GROSSO,Brasil,5101803,51,33,,,,Cerrado,1.1
0202b405-351f-3a3f-ac69-2be681d3692f, -13.345190, -51.473270,2026-08-27 04:36:00,NOAA-21,RIBEIRÃO CASCALHEIRA,MATO GROSSO,Brasil,5107180,51,33,,,,Cerrado,10.5
e36f6f08-9506-3ebd-84e4-27013d128de9, -14.368400, -51.727020,2026-08-27 04:36:00,NOAA-21,NOVA NAZARÉ,MATO GROSSO,Brasil,5106174,51,33,,,,Cerrado,0.7
a70b0697-ec5d-3ea6-9c32-c4fb1453ffc0, -15.300750, -52.784370,2026-08-27 04:36:00,NOAA-21,BARRA DO GARÇAS,MATO GROSSO,Brasil,5101803,51,33,,,,Cerrado,0.9
95b73efd-9fbf-344f-882d-1be0dd02bdcf, -14.754900, -48.758390,2026-08-27 04:36:00,NOAA-21,BARRO ALTO,GOIÁS,Brasil,5203203,52,33,,,,Cerrado,2.3
95a9bc93-85eb-3786-8f85-97d35749714d, -13.413970, -51.806990,2026-08-27 04:36:00,NOAA-21,RIBEIRÃO CASCALHEIRA,MATO GROSSO,Brasil,5107180,51,33,,,,Cerrado,1.0
d141cdbc-62f2-3f2f-ba72-2fcc755c913f, -15.909460, -56.262820,2026-08-27 04:36:00,NOAA-21,NOSSA SENHORA DO LIVRAMENTO,MATO GROSSO,Brasil,5106109,51,33,,,,Pantanal,2.6
2c1e35d0-9dee-3f92-8fc7-7e7c384b7215, -13.316640, -51.476180,2026-08-27 04:36:00,NOAA-21,RIBEIRÃO CASCALHEIRA,MATO GROSSO,Brasil,5107180,51,33,,,,Cerrado,3.8
bf5d255a-3e67-359d-9da7-d2ad46d124f2, -13.374860, -51.443480,2026-08-27 04:36:00,NOAA-21,RIBEIRÃO CASCALHEIRA,MATO GROSSO,Brasil,5107180,51,33,,,,Cerrado,2.7
12728270-47b7-382b-b8b4-306470204acf, -17.565800, -49.880360,2026-08-27 04:36:00,NOAA-21,EDEALINA,GOIÁS,Brasil,5207352,52,33,,,,Cerrado,0.6
6c109d34-58ec-321b-a1e7-f84bdebe1f98, -17.258470, -53.305350,2026-08-27 04:36:00,NOAA-21,ALTO ARAGUAIA,MATO GROSSO,Brasil,5100300,51,33,,,,Cerrado,1.6
79e431f7-3655-3f33-b1c6-a33b59270072, -14.418160, -53.341500,2026-08-27 04:36:00,NOAA-21,CAMPINÁPOLIS,MATO GROSSO,Brasil,5102603,51,33,,,,Cerrado,3.0
9c423d50-3135-3a9a-b487-2df2e718bfc1, -14.747630, -48.761100,2026-08-27 04:36:00,NOAA-21,BARRO ALTO,GOIÁS,Brasil,5203203,52,33,,,,Cerrado,1.2
2e96fa8c-7a7a-32d3-b1e6-a4dd225ff68a, -14.507770, -53.257140,2026-08-27 04:36:00,NOAA-21,CAMPINÁPOLIS,MATO GROSSO,Brasil,5102603,51,33,,,,Cerrado,0.9
f962992c-cc8a-3716-a966-5d0cd20d84b4, -14.799050, -48.799360,2026-08-27 04:36:00,NOAA-21,BARRO ALTO,GOIÁS,Brasil,5203203,52,33,,,,Cerrado,1.9
f0631aae-6bf9-38e4-b468-d06ea46b6bd1, -13.391600, -51.469590,2026-08-27 04:36:00,NOAA-21,RIBEIRÃO CASCALHEIRA,MATO GROSSO,Brasil,5107180,51,33,,,,Cerrado,2.0
8e6812d0-d126-3983-8067-7d5c75725389, -14.922050, -41.307520,2026-08-27 04:36:00,NOAA-21,TREMEDAL,BAHIA,Brasil,2931806,29,33,,,,Mata Atlântica,0.6
9cfbee75-9056-3071-875c-bb73a499be65, -15.522300, -55.951260,2026-08-27 04:36:00,NOAA-21,CUIABÁ,MATO GROSSO,Brasil,5103403,51,33,,,,Cerrado,2.0
aa67e223-17f3-394b-a64f-12c27958468a, -14.438510, -53.090880,2026-08-27 04:36:00,NOAA-21,CAMPINÁPOLIS,MATO GROSSO,Brasil,5102603,51,33,,,,Cerrado,1.2
87124ff1-acef-36f7-bbf5-89a77ec408fd, -14.591090, -52.016310,2026-08-27 04:36:00,NOAA-21,NOVA NAZARÉ,MATO GROSSO,Brasil,5106174,51,33,,,,Cerrado,1.0
0f4f154e-3440-33ad-ab3a-dca87347cbb8, -14.922390, -41.304530,2026-08-27 04:36:00,NOAA-21,TREMEDAL,BAHIA,Brasil,2931806,29,33,,,,Mata Atlântica,1.0
8f24081b-d427-3684-8bbf-2d182dced063, -14.227040, -51.753420,2026-08-27 04:36:00,NOAA-21,NOVA NAZARÉ,MATO GROSSO,Brasil,5106174,51,33,,,,Cerrado,1.4
db1e66ff-6490-3c15-8750-7e5fdd86e991, -13.394700, -51.450720,2026-08-27 04:36:00,NOAA-21,RIBEIRÃO CASCALHEIRA,MATO GROSSO,Brasil,5107180,51,33,,,,Cerrado,20.2
1be3710a-d384-39c9-836c-08767d5fe345, -13.354980, -51.412900,2026-08-27 04:36:00,NOAA-21,RIBEIRÃO CASCALHEIRA,MATO GROSSO,Brasil,5107180,51,33,,,,Cerrado,81.4
e14d70a5-f2d5-35d5-aaf8-4ad2b69e75d1, -16.684830, -44.244750,2026-08-27 04:36:00,NOAA-21,SÃO JOÃO DA LAGOA,MINAS GERAIS,Brasil,3162252,31,33,,,,Cerrado,0.9
a308c831-44e8-3620-b857-a4e189a15292, -15.331440, -52.840010,2026-08-27 04:36:00,NOAA-21,BARRA DO GARÇAS,MATO GROSSO,Brasil,5101803,51,33,,,,Cerrado,0.9
42856d1c-7481-369a-89bf-a0fe8c047318, -14.224550, -45.265590,2026-08-27 04:36:00,NOAA-21,COCOS,BAHIA,Brasil,2908101,29,33,,,,Cerrado,1.5
4ff7cb57-46b1-325d-9f47-5aed70c0072c, -14.305670, -51.724060,2026-08-27 04:36:00,NOAA-21,NOVA NAZARÉ,MATO GROSSO,Brasil,5106174,51,33,,,,Cerrado,2.0
cfa7d71f-c221-3d00-8dd5-a7203bc7cc65, -14.431910, -53.371380,2026-08-27 04:36:00,NOAA-21,CAMPINÁPOLIS,MATO GROSSO,Brasil,5102603,51,33,,,,Cerrado,7.3
86fcb990-daac-3436-b0d3-f033fc6535ae, -14.271270, -42.707660,2026-08-27 04:36:00,NOAA-21,GUANAMBI,BAHIA,Brasil,2911709,29,33,,,,Caatinga,11.0
764af0de-b77e-336e-8dfb-c0216a2e9419, -13.402140, -51.448100,2026-08-27 04:36:00,NOAA-21,RIBEIRÃO CASCALHEIRA,MATO GROSSO,Brasil,5107180,51,33,,,,Cerrado,5.4
67bb1ca4-e622-3707-a08a-e4f743fb5bbe, -15.592560, -56.397370,2026-08-27 04:36:00,NOAA-21,NOSSA SENHORA DO LIVRAMENTO,MATO GROSSO,Brasil,5106109,51,33,,,,Cerrado,5.3
456d50ae-76fa-366d-b4bd-c326029dacfa, -14.229840, -51.757820,2026-08-27 04:36:00,NOAA-21,NOVA NAZARÉ,MATO GROSSO,Brasil,5106174,51,33,,,,Cerrado,1.4
17f6004f-336b-3450-9cce-3948eb9d4abb, -14.933750, -52.613930,2026-08-27 04:36:00,NOAA-21,BARRA DO GARÇAS,MATO GROSSO,Brasil,5101803,51,33,,,,Cerrado,1.1
a9456679-9ebe-3f35-93c5-a90b6360dd21, -14.214780, -45.279360,2026-08-27 04:36:00,NOAA-21,COCOS,BAHIA,Brasil,2908101,29,33,,,,Cerrado,8.1
a7c01536-c0bc-37cb-ab6d-71c9102f53fa, -15.201370, -53.857720,2026-08-27 04:36:00,NOAA-21,NOVO SÃO JOAQUIM,MATO GROSSO,Brasil,5106281,51,33,,,,Cerrado,1.3
bf56e67b-8520-3668-bf06-2d785deec19f, -15.141620, -48.665580,2026-08-27 04:36:00,NOAA-21,VILA PROPÍCIO,GOIÁS,Brasil,5222302,52,33,,,,Cerrado,1.2
ab4abaef-3cbc-3b61-8da6-14980e06d268, -14.740950, -48.759980,2026-08-27 04:36:00,NOAA-21,BARRO ALTO,GOIÁS,Brasil,5203203,52,33,,,,Cerrado,1.2
05fb1b60-dd2e-3045-8fe5-b516dd0b7db3, -14.354260, -51.877750,2026-08-27 04:36:00,NOAA-21,NOVA NAZARÉ,MATO GROSSO,Brasil,5106174,51,33,,,,Cerrado,0.8
8fc5f04a-c193-3286-a479-f15058edc181, -13.385700, -51.484120,2026-08-27 04:36:00,NOAA-21,RIBEIRÃO CASCALHEIRA,MATO GROSSO,Brasil,5107180,51,33,,,,Cerrado,12.7
80af1eda-eac9-3fe9-b00d-654309cc9e94, -15.889130, -48.933880,2026-08-27 04:36:00,NOAA-21,PIRENÓPOLIS,GOIÁS,Brasil,5217302,52,33,,,,Cerrado,0.6
898fb576-8574-30bf-937c-2f2a48eb6de1, -15.576150, -56.389740,2026-08-27 04:36:00,NOAA-21,VÁRZEA GRANDE,MATO GROSSO,Brasil,5108402,51,33,,,,Cerrado,5.5
a57739f1-7100-39af-a047-5bb802fbeda2, -13.358140, -51.436660,2026-08-27 04:36:00,NOAA-21,RIBEIRÃO CASCALHEIRA,MATO GROSSO,Brasil,5107180,51,33,,,,Cerrado,1.2
9fd3b7f0-20ed-33a0-b6a0-0cc340efbdac, -17.578540, -49.886200,2026-08-27 04:36:00,NOAA-21,EDEALINA,GOIÁS,Brasil,5207352,52,33,,,,Cerrado,2.4
757a8766-c619-3efb-ad44-ebef8a2cb5b5, -13.366180, -51.430270,2026-08-27 04:36:00,NOAA-21,RIBEIRÃO CASCALHEIRA,MATO GROSSO,Brasil,5107180,51,33,,,,Cerrado,2.4
2f838baf-1055-38bf-a94e-f66361c13a04, -13.297060, -51.403070,2026-08-27 04:36:00,NOAA-21,RIBEIRÃO CASCALHEIRA,MATO GROSSO,Brasil,5107180,51,33,,,,Cerrado,2.0
4a2770e7-b245-3837-9c4e-0b3f149704d6, -13.379520, -51.436530,2026-08-27 04:36:00,NOAA-21,RIBEIRÃO CASCALHEIRA,MATO GROSSO,Brasil,5107180,51,33,,,,Cerrado,5.2
9f3d788d-bd2b-34bc-9d7d-251b6371c1e2, -13.911700, -49.819340,2026-08-27 04:36:00,NOAA-21,MARA ROSA,GOIÁS,Brasil,5212808,52,33,,,,Cerrado,1.1
8e46b2da-5175-33b7-828a-16d23bac7f10, -13.354210, -51.482570,2026-08-27 04:36:00,NOAA-21,RIBEIRÃO CASCALHEIRA,MATO GROSSO,Brasil,5107180,51,33,,,,Cerrado,3.0
8ceda055-ebeb-3b49-8839-c994ab195da5, -13.384470, -51.448990,2026-08-27 04:36:00,NOAA-21,RIBEIRÃO CASCALHEIRA,MATO GROSSO,Brasil,5107180,51,33,,,,Cerrado,10.1
24cdd433-dfc9-3ffa-86f0-a4816345f0bf, -14.337330, -51.745120,2026-08-27 04:36:00,NOAA-21,NOVA NAZARÉ,MATO GROSSO,Brasil,5106174,51,33,,,,Cerrado,1.5
2a97abe2-78d8-368c-bfe5-f2d000de9d77, -13.334540, -51.409440,2026-08-27 04:36:00,NOAA-21,RIBEIRÃO CASCALHEIRA,MATO GROSSO,Brasil,5107180,51,33,,,,Cerrado,27.1
5b5197df-7847-3402-9e6b-5b28ca94d0ac, -13.375460, -51.482390,2026-08-27 04:36:00,NOAA-21,RIBEIRÃO CASCALHEIRA,MATO GROSSO,Brasil,5107180,51,33,,,,Cerrado,50.4
a650adf8-e650-3936-ba36-7e12c6cac929, -13.459010, -57.049840,2026-08-27 04:36:00,NOAA-21,NOVA MARINGÁ,MATO GROSSO,Brasil,5108907,51,33,,,,Cerrado,3.7
0a05face-bf1b-39e2-835e-42ec3022926a, -15.304160, -52.763920,2026-08-27 04:36:00,NOAA-21,BARRA DO GARÇAS,MATO GROSSO,Brasil,5101803,51,33,,,,Cerrado,1.6
94382747-5e30-3b84-9366-686fb1406a3e, -14.733160, -48.766120,2026-08-27 04:36:00,NOAA-21,BARRO ALTO,GOIÁS,Brasil,5203203,52,33,,,,Cerrado,1.8
eb68fbbd-6844-391b-a557-833c5e4ed846, -13.363920, -51.531000,2026-08-27 04:36:00,NOAA-21,RIBEIRÃO CASCALHEIRA,MATO GROSSO,Brasil,5107180,51,33,,,,Cerrado,0.9
b35fadca-acaf-3c92-b6c5-d11f85e47c17, -14.511440, -59.804360,2026-08-27 04:36:00,NOAA-21,NOVA LACERDA,MATO GROSSO,Brasil,5106182,51,33,,,,Amazônia,2.2
4349262d-f30d-32e9-8af9-f9980428deb3, -14.587650, -52.015710,2026-08-27 04:36:00,NOAA-21,NOVA NAZARÉ,MATO GROSSO,Brasil,5106174,51,33,,,,Cerrado,1.2
97512df6-e79e-3dd9-9ac8-5b9537969e59, -13.469290, -57.046470,2026-08-27 04:36:00,NOAA-21,NOVA MARINGÁ,MATO GROSSO,Brasil,5108907,51,33,,,,Cerrado,5.5
cabe925d-417b-36ae-ba08-4de5c3d5518e, -17.582820, -52.462050,2026-08-27 04:36:00,NOAA-21,MINEIROS,GOIÁS,Brasil,5213103,52,33,,,,Cerrado,1.1
8f0aca7e-7654-3419-b442-ff0979f3bd79, -13.414290, -51.783240,2026-08-27 04:36:00,NOAA-21,RIBEIRÃO CASCALHEIRA,MATO GROSSO,Brasil,5107180,51,33,,,,Cerrado,1.3
9d52863f-b9f5-322e-a7fa-9930391ab836, -13.357780, -51.417240,2026-08-27 04:36:00,NOAA-21,RIBEIRÃO CASCALHEIRA,MATO GROSSO,Brasil,5107180,51,33,,,,Cerrado,67.3
3f03c1c9-108d-37a6-bead-1dcc7cdbe8f5, -15.910280, -56.263810,2026-08-27 04:36:00,NOAA-21,NOSSA SENHORA DO LIVRAMENTO,MATO GROSSO,Brasil,5106109,51,33,,,,Pantanal,3.2
c4522e4f-f32e-3fc6-bde3-4379aaebb57c, -13.596580, -51.848740,2026-08-27 04:36:00,NOAA-21,CANARANA,MATO GROSSO,Brasil,5102702,51,33,,,,Cerrado,2.7
09b85fd7-1b1a-3fbd-a006-c2ebdf0c92ad, -13.283110, -51.423940,2026-08-27 04:36:00,NOAA-21,RIBEIRÃO CASCALHEIRA,MATO GROSSO,Brasil,5107180,51,33,,,,Cerrado,6.7
f359a2fb-2650-39a8-9c3b-1d0f55e202a4, -13.381680, -51.444640,2026-08-27 04:36:00,NOAA-21,RIBEIRÃO CASCALHEIRA,MATO GROSSO,Brasil,5107180,51,33,,,,Cerrado,25.9
b2dcec27-869d-3f40-ac87-3e9995badfe9, -13.586230, -51.846950,2026-08-27 04:36:00,NOAA-21,CANARANA,MATO GROSSO,Brasil,5102702,51,33,,,,Cerrado,3.8
e8fabe27-2f75-33ee-8779-3e4a34bc3573, -13.388500, -51.488480,2026-08-27 04:36:00,NOAA-21,RIBEIRÃO CASCALHEIRA,MATO GROSSO,Brasil,5107180,51,33,,,,Cerrado,2.5
c8f75445-5158-3ffe-81bb-ea133d033511, -15.304270, -52.785020,2026-08-27 04:36:00,NOAA-21,BARRA DO GARÇAS,MATO GROSSO,Brasil,5101803,51,33,,,,Cerrado,0.9
c6379276-d303-3c00-ad0a-7eebb7506a7c, -13.323090, -51.415230,2026-08-27 04:36:00,NOAA-21,RIBEIRÃO CASCALHEIRA,MATO GROSSO,Brasil,5107180,51,33,,,,Cerrado,12.1
5d3974cf-e85e-3569-9f76-5426b9d5c567, -13.369910, -51.431020,2026-08-27 04:36:00,NOAA-21,RIBEIRÃO CASCALHEIRA,MATO GROSSO,Brasil,5107180,51,33,,,,Cerrado,4.1
5d334578-964d-31e8-8790-f0dfc4cbf0ad, -13.366500, -51.430450,2026-08-27 04:36:00,NOAA-21,RIBEIRÃO CASCALHEIRA,MATO GROSSO,Brasil,5107180,51,33,,,,Cerrado,4.1
0fdfb16e-f8ca-3abf-9607-3fe6fb768e60, -13.864930, -54.068880,2026-08-27 04:36:00,NOAA-21,PARANATINGA,MATO GROSSO,Brasil,5106307,51,33,,,,Cerrado,0.8
efcae8c7-26ba-380f-9c5f-bb60e18b4f81, -13.372080, -51.439140,2026-08-27 04:36:00,NOAA-21,RIBEIRÃO CASCALHEIRA,MATO GROSSO,Brasil,5107180,51,33,,,,Cerrado,2.7
55114a3b-f03d-32f6-a547-c0788f6f0e67, -13.357170, -51.421010,2026-08-27 04:36:00,NOAA-21,RIBEIRÃO CASCALHEIRA,MATO GROSSO,Brasil,5107180,51,33,,,,Cerrado,22.7
f0eb57fa-b4dd-3eee-8e33-0f717890e3e0, -13.386330, -51.480340,2026-08-27 04:36:00,NOAA-21,RIBEIRÃO CASCALHEIRA,MATO GROSSO,Brasil,5107180,51,33,,,,Cerrado,12.7
54c268a9-af7e-3372-8bcd-467c048aa975, -13.978030, -56.065160,2026-08-27 04:36:00,NOAA-21,NOVA MUTUM,MATO GROSSO,Brasil,5106224,51,33,,,,Cerrado,1.6
40860048-587f-3326-ad94-062238ed4cf3, -15.775400, -47.802640,2026-08-27 04:36:00,NOAA-21,BRASÍLIA,DISTRITO FEDERAL,Brasil,5300108,53,33,,,,Cerrado,1.1
b9069a08-d1f0-3147-a436-73459b00439d, -14.275860, -42.708220,2026-08-27 04:36:00,NOAA-21,GUANAMBI,BAHIA,Brasil,2911709,29,33,,,,Caatinga,11.0
ce578a64-e5e6-379e-b8e9-7a1867819a6c, -13.263690, -51.347620,2026-08-27 04:36:00,NOAA-21,RIBEIRÃO CASCALHEIRA,MATO GROSSO,Brasil,5107180,51,33,,,,Cerrado,4.2
0f8093c1-680c-3ba5-ae9f-71816494a739, -13.372050, -51.481810,2026-08-27 04:36:00,NOAA-21,RIBEIRÃO CASCALHEIRA,MATO GROSSO,Brasil,5107180,51,33,,,,Cerrado,50.4
0bd65725-5b4f-3da0-81fd-183760a72507, -13.346940, -51.419280,2026-08-27 04:36:00,NOAA-21,RIBEIRÃO CASCALHEIRA,MATO GROSSO,Brasil,5107180,51,33,,,,Cerrado,1.3
990188fb-2e9e-30bc-89a7-430c3923c99e, -13.387260, -51.453330,2026-08-27 04:36:00,NOAA-21,RIBEIRÃO CASCALHEIRA,MATO GROSSO,Brasil,5107180,51,33,,,,Cerrado,10.1
3d0528dd-feb1-34ec-9b6c-f2788b343aa4, -13.340740, -51.414360,2026-08-27 04:36:00,NOAA-21,RIBEIRÃO CASCALHEIRA,MATO GROSSO,Brasil,5107180,51,33,,,,Cerrado,39.9
6de5a18c-5796-3575-a9af-3eb5b1c3824f, -15.310500, -52.769410,2026-08-27 04:36:00,NOAA-21,BARRA DO GARÇAS,MATO GROSSO,Brasil,5101803,51,33,,,,Cerrado,1.6
f97cb05b-7e1a-3401-82ec-4231f5d1b413, -14.611530, -47.989280,2026-08-27 04:36:00,NOAA-21,NIQUELÂNDIA,GOIÁS,Brasil,5214606,52,33,,,,Cerrado,1.2
6e092d9c-edac-3efd-8395-cb8f2475524c, -13.370830, -51.446670,2026-08-27 04:36:00,NOAA-21,RIBEIRÃO CASCALHEIRA,MATO GROSSO,Brasil,5107180,51,33,,,,Cerrado,3.6
84f70452-991e-3696-b86b-96454eca1e5c, -13.333930, -51.413190,2026-08-27 04:36:00,NOAA-21,RIBEIRÃO CASCALHEIRA,MATO GROSSO,Brasil,5107180,51,33,,,,Cerrado,27.1
ecccd8b9-09e6-3f02-b012-d54429a8f40a, -13.334330, -51.475310,2026-08-27 04:36:00,NOAA-21,RIBEIRÃO CASCALHEIRA,MATO GROSSO,Brasil,5107180,51,33,,,,Cerrado,4.7
0d154678-6706-3c65-8d4e-933d0e32fd69, -15.516720, -48.496460,2026-08-27 04:36:00,NOAA-21,PADRE BERNARDO,GOIÁS,Brasil,5215603,52,33,,,,Cerrado,1.2
e43c9332-809c-3852-93ba-6f24256d1248, -13.316890, -51.410310,2026-08-27 04:36:00,NOAA-21,RIBEIRÃO CASCALHEIRA,MATO GROSSO,Brasil,5107180,51,33,,,,Cerrado,26.3
d2ef22e8-225a-3e8c-ac78-1f2337d8c06f, -14.357130, -52.972150,2026-08-27 04:36:00,NOAA-21,CAMPINÁPOLIS,MATO GROSSO,Brasil,5102603,51,33,,,,Cerrado,0.8
aab4b218-119a-3407-9c3a-979c4ddac177, -13.364630, -51.441750,2026-08-27 04:36:00,NOAA-21,RIBEIRÃO CASCALHEIRA,MATO GROSSO,Brasil,5107180,51,33,,,,Cerrado,2.0
2357c582-1f72-364f-b1cc-956f26c7b4fc, -13.324090, -51.473570,2026-08-27 04:36:00,NOAA-21,RIBEIRÃO CASCALHEIRA,MATO GROSSO,Brasil,5107180,51,33,,,,Cerrado,5.5
7baed567-c553-3976-8ef6-b4a75237ce5b, -17.571340, -49.888730,2026-08-27 04:36:00,NOAA-21,EDEALINA,GOIÁS,Brasil,5207352,52,33,,,,Cerrado,0.8
e8eb6e10-f886-3c90-874d-315d55380e04, -14.428250, -53.370710,2026-08-27 04:36:00,NOAA-21,CAMPINÁPOLIS,MATO GROSSO,Brasil,5102603,51,33,,,,Cerrado,7.3
ee22f016-5419-34fd-b463-12f233ebc7c6, -13.330520, -51.412620,2026-08-27 04:36:00,NOAA-21,RIBEIRÃO CASCALHEIRA,MATO GROSSO,Brasil,5107180,51,33,,,,Cerrado,27.1
22d0da02-b2a5-351f-b746-9512a95b76d8, -14.281620, -42.699670,2026-08-27 04:36:00,NOAA-21,GUANAMBI,BAHIA,Brasil,2911709,29,33,,,,Caatinga,1.2
9ea64416-a791-3e02-a7da-4304a5c7d143, -13.331130, -51.408850,2026-08-27 04:36:00,NOAA-21,RIBEIRÃO CASCALHEIRA,MATO GROSSO,Brasil,5107180,51,33,,,,Cerrado,27.1
d81701d6-496e-3c4a-88cf-5edd6ec88360, -13.404320, -51.456210,2026-08-27 04:36:00,NOAA-21,RIBEIRÃO CASCALHEIRA,MATO GROSSO,Brasil,5107180,51,33,,,,Cerrado,1.6
44582705-b4e3-3a6a-803f-38db37aeb376, -13.385090, -51.445220,2026-08-27 04:36:00,NOAA-21,RIBEIRÃO CASCALHEIRA,MATO GROSSO,Brasil,5107180,51,33,,,,Cerrado,18.7
f0ad9758-42e4-381e-b60a-0fc427da492c, -17.797300, -39.704850,2026-08-27 04:36:00,NOAA-21,NOVA VIÇOSA,BAHIA,Brasil,2923001,29,33,,,,Mata Atlântica,2.2
dfa72cb5-6506-3130-87c7-e9f860898fcd, -13.366800, -51.449860,2026-08-27 04:36:00,NOAA-21,RIBEIRÃO CASCALHEIRA,MATO GROSSO,Brasil,5107180,51,33,,,,Cerrado,2.8
6d41c255-894b-3b46-a175-ab9459834566, -14.578380, -52.049930,2026-08-27 04:36:00,NOAA-21,NOVA NAZARÉ,MATO GROSSO,Brasil,5106174,51,33,,,,Cerrado,3.4
20699f12-1911-3d89-a724-5b7ef8946158, -13.353760, -51.420430,2026-08-27 04:36:00,NOAA-21,RIBEIRÃO CASCALHEIRA,MATO GROSSO,Brasil,5107180,51,33,,,,Cerrado,6.6
54b05134-3df7-37aa-b181-40e06756f54b, -14.311910, -49.255230,2026-08-27 04:36:00,NOAA-21,NOVA IGUAÇU DE GOIÁS,GOIÁS,Brasil,5214879,52,33,,,,Cerrado,1.5
4944bd36-182c-34d0-ab0b-29872cad15eb, -15.202160, -53.853140,2026-08-27 04:36:00,NOAA-21,NOVO SÃO JOAQUIM,MATO GROSSO,Brasil,5106281,51,33,,,,Cerrado,1.5
6f56a764-e897-30c3-8579-3430223fe490, -13.915560, -49.816340,2026-08-27 04:36:00,NOAA-21,MARA ROSA,GOIÁS,Brasil,5212808,52,33,,,,Cerrado,0.6
ed9fc765-104c-3c1e-9b43-1a058eb5a7d0, -13.369290, -51.434790,2026-08-27 04:36:00,NOAA-21,RIBEIRÃO CASCALHEIRA,MATO GROSSO,Brasil,5107180,51,33,,,,Cerrado,4.1
aab48733-b779-3c1f-bf20-bac2bbd7ba45, -13.390360, -51.477150,2026-08-27 04:36:00,NOAA-21,RIBEIRÃO CASCALHEIRA,MATO GROSSO,Brasil,5107180,51,33,,,,Cerrado,1.4
ba32d42f-3041-3368-87bd-c48457eac385, -14.269830, -52.997490,2026-08-27 04:36:00,NOAA-21,CAMPINÁPOLIS,MATO GROSSO,Brasil,5102603,51,33,,,,Cerrado,2.2
2989adbe-1e93-31aa-b459-2d1d9fc85b7f, -14.380810, -52.919580,2026-08-27 04:36:00,NOAA-21,CAMPINÁPOLIS,MATO GROSSO,Brasil,5102603,51,33,,,,Cerrado,1.3
f4e89565-3eeb-342d-8649-0769b144a2ad, -17.582170, -52.465910,2026-08-27 04:36:00,NOAA-21,MINEIROS,GOIÁS,Brasil,5213103,52,33,,,,Cerrado,1.1
57462fdc-d157-3037-8d58-85b6bc91003e, -14.947860, -52.616020,2026-08-27 04:36:00,NOAA-21,BARRA DO GARÇAS,MATO GROSSO,Brasil,5101803,51,33,,,,Cerrado,2.2
8be9b2ef-fe13-3ecc-9144-54d7ec40831a, -13.320060, -51.476760,2026-08-27 04:36:00,NOAA-21,RIBEIRÃO CASCALHEIRA,MATO GROSSO,Brasil,5107180,51,33,,,,Cerrado,11.2
19c911dc-42f6-31af-9c02-2ea4be4276a8, -13.330920, -51.474730,2026-08-27 04:36:00,NOAA-21,RIBEIRÃO CASCALHEIRA,MATO GROSSO,Brasil,5107180,51,33,,,,Cerrado,17.1
0e4bebe8-4ac0-381a-819d-a5e75313b226, -13.390050, -51.457690,2026-08-27 04:36:00,NOAA-21,RIBEIRÃO CASCALHEIRA,MATO GROSSO,Brasil,5107180,51,33,,,,Cerrado,3.1
1ba00de4-79df-30b3-b58c-bde16dce8d5b, -14.393820, -51.828670,2026-08-27 04:36:00,NOAA-21,NOVA NAZARÉ,MATO GROSSO,Brasil,5106174,51,33,,,,Cerrado,1.6
ecf1b1cf-b62a-323a-bcb2-481e13f0c1f9, -15.773270, -47.803440,2026-08-27 04:36:00,NOAA-21,BRASÍLIA,DISTRITO FEDERAL,Brasil,5300108,53,33,,,,Cerrado,1.0
87b5134e-310f-3efb-b5e7-2a844fd7a482, -17.574110, -49.870550,2026-08-27 04:36:00,NOAA-21,EDEALINA,GOIÁS,Brasil,5207352,52,33,,,,Cerrado,2.1
06cd733a-823e-3fb6-9590-f9ece5a5cd41, -13.398730, -51.447530,2026-08-27 04:36:00,NOAA-21,RIBEIRÃO CASCALHEIRA,MATO GROSSO,Brasil,5107180,51,33,,,,Cerrado,5.4
bc08c880-9be9-3354-8689-a29464acaf1e, -13.344580, -51.477050,2026-08-27 04:36:00,NOAA-21,RIBEIRÃO CASCALHEIRA,MATO GROSSO,Brasil,5107180,51,33,,,,Cerrado,10.5
07db4f13-bece-3fb9-97d4-5d25ae2abd67, -14.495980, -53.413060,2026-08-27 04:36:00,NOAA-21,SANTO ANTÔNIO DO LESTE,MATO GROSSO,Brasil,5107792,51,33,,,,Cerrado,1.3
c79384ff-a029-36d7-a6ac-658a7df2663b, -13.386640, -51.457110,2026-08-27 04:36:00,NOAA-21,RIBEIRÃO CASCALHEIRA,MATO GROSSO,Brasil,5107180,51,33,,,,Cerrado,4.0
51982849-714d-3bb2-a92f-44b2b9f44f3a, -13.416210, -51.786960,2026-08-27 04:36:00,NOAA-21,RIBEIRÃO CASCALHEIRA,MATO GROSSO,Brasil,5107180,51,33,,,,Cerrado,2.5
77733f68-2091-3a28-a8c1-daff04606449, -14.312460, -49.251670,2026-08-27 04:36:00,NOAA-21,NOVA IGUAÇU DE GOIÁS,GOIÁS,Brasil,5214879,52,33,,,,Cerrado,1.5
6afaa553-ad25-3410-bd25-296934979fad, -13.595970, -51.852500,2026-08-27 04:36:00,NOAA-21,CANARANA,MATO GROSSO,Brasil,5102702,51,33,,,,Cerrado,1.4
310453a3-9e5c-3a52-bd62-f568469b5833, -13.327510, -51.474140,2026-08-27 04:36:00,NOAA-21,RIBEIRÃO CASCALHEIRA,MATO GROSSO,Brasil,5107180,51,33,,,,Cerrado,17.1
b481c7ef-dfe2-3126-9456-82342e23885b, -13.334950, -51.471530,2026-08-27 04:36:00,NOAA-21,RIBEIRÃO CASCALHEIRA,MATO GROSSO,Brasil,5107180,51,33,,,,Cerrado,4.7
9f77cb0b-08fc-390c-a697-45200dc0dbc7, -17.574660, -49.889280,2026-08-27 04:36:00,NOAA-21,EDEALINA,GOIÁS,Brasil,5207352,52,33,,,,Cerrado,0.8
3a62555e-a885-3a32-856c-5ff825446aa4, -14.305270, -49.254160,2026-08-27 04:36:00,NOAA-21,NOVA IGUAÇU DE GOIÁS,GOIÁS,Brasil,5214879,52,33,,,,Cerrado,1.1
6a45b3f8-6bae-326d-a50c-400fbee01571, -14.516550, -53.403130,2026-08-27 04:36:00,NOAA-21,SANTO ANTÔNIO DO LESTE,MATO GROSSO,Brasil,5107792,51,33,,,,Cerrado,1.2
e7934a2a-0141-3456-8e53-f20119e1ee95, -15.342010, -52.820610,2026-08-27 04:36:00,NOAA-21,BARRA DO GARÇAS,MATO GROSSO,Brasil,5101803,51,33,,,,Cerrado,1.1
f0385a74-c047-3d01-b8fb-e3816facf3e5, -13.355340, -51.432320,2026-08-27 04:36:00,NOAA-21,RIBEIRÃO CASCALHEIRA,MATO GROSSO,Brasil,5107180,51,33,,,,Cerrado,2.9
416622c2-f9f9-3181-9445-1a2b20016a25, -13.398120, -51.451300,2026-08-27 04:36:00,NOAA-21,RIBEIRÃO CASCALHEIRA,MATO GROSSO,Brasil,5107180,51,33,,,,Cerrado,109.6
24164555-0921-3d81-b96c-e6a8e6b552f6, -14.841150, -49.216070,2026-08-27 04:36:00,NOAA-21,HIDROLINA,GOIÁS,Brasil,5209804,52,33,,,,Cerrado,1.7
e203fdf6-dfa8-3960-8097-33eff4be2001, -15.464670, -53.980870,2026-08-27 04:36:00,NOAA-21,POXORÉU,MATO GROSSO,Brasil,5107008,51,33,,,,Cerrado,15.7
074fc402-a9f9-3755-a6c3-76e8f012ca48, -14.302880, -51.719680,2026-08-27 04:36:00,NOAA-21,NOVA NAZARÉ,MATO GROSSO,Brasil,5106174,51,33,,,,Cerrado,7.5
68826722-362a-3a11-af37-40c284218863, -13.389430, -51.461460,2026-08-27 04:36:00,NOAA-21,RIBEIRÃO CASCALHEIRA,MATO GROSSO,Brasil,5107180,51,33,,,,Cerrado,3.1
9685e094-cd24-3e1f-b116-dfc1691169e9, -13.357010, -51.486930,2026-08-27 04:36:00,NOAA-21,RIBEIRÃO CASCALHEIRA,MATO GROSSO,Brasil,5107180,51,33,,,,Cerrado,3.0
7f4b7893-c315-301d-ae09-1432602e4f99, -13.327110, -51.412040,2026-08-27 04:36:00,NOAA-21,RIBEIRÃO CASCALHEIRA,MATO GROSSO,Brasil,5107180,51,33,,,,Cerrado,58.7
b0cf8c95-64c8-3995-9e44-cb1498220124, -15.523030, -55.947220,2026-08-27 04:36:00,NOAA-21,CUIABÁ,MATO GROSSO,Brasil,5103403,51,33,,,,Cerrado,1.7
ab6f2e67-410c-3683-8a9f-aedb7c3a5bfa, -13.312860, -51.413490,2026-08-27 04:36:00,NOAA-21,RIBEIRÃO CASCALHEIRA,MATO GROSSO,Brasil,5107180,51,33,,,,Cerrado,6.7
3aeef15f-9aa8-3606-8201-128dd1b574bb, -13.380740, -51.471630,2026-08-27 04:36:00,NOAA-21,RIBEIRÃO CASCALHEIRA,MATO GROSSO,Brasil,5107180,51,33,,,,Cerrado,1.7
fdb204a0-0037-3c4b-a514-64aac298ab15, -15.147790, -48.670360,2026-08-27 04:36:00,NOAA-21,VILA PROPÍCIO,GOIÁS,Brasil,5222302,52,33,,,,Cerrado,3.1
666ce90d-8984-3a09-a13a-3459acb5effe, -14.581190, -52.054390,2026-08-27 04:36:00,NOAA-21,NOVA NAZARÉ,MATO GROSSO,Brasil,5106174,51,33,,,,Cerrado,3.4
0d603860-e5ab-3c48-8565-86dda2eb65b7, -13.333720, -51.479090,2026-08-27 04:36:00,NOAA-21,RIBEIRÃO CASCALHEIRA,MATO GROSSO,Brasil,5107180,51,33,,,,Cerrado,2.1
6725764b-d7b0-3a3c-b0b7-cbdbf0fb4abc, -15.319000, -52.783680,2026-08-27 04:36:00,NOAA-21,BARRA DO GARÇAS,MATO GROSSO,Brasil,5101803,51,33,,,,Cerrado,0.7
d1a89e62-b609-34f5-8ef4-0386dab759c5, -13.378270, -51.444060,2026-08-27 04:36:00,NOAA-21,RIBEIRÃO CASCALHEIRA,MATO GROSSO,Brasil,5107180,51,33,,,,Cerrado,25.9
dc71de58-fb4d-367b-869a-c5ef93e5f2b3, -13.337130, -51.479670,2026-08-27 04:36:00,NOAA-21,RIBEIRÃO CASCALHEIRA,MATO GROSSO,Brasil,5107180,51,33,,,,Cerrado,2.1
3ba139a0-1920-3f4c-b916-f7e40a9032a8, -14.844470, -49.216610,2026-08-27 04:36:00,NOAA-21,HIDROLINA,GOIÁS,Brasil,5209804,52,33,,,,Cerrado,1.7
576d1f3e-e492-33d7-be61-ea138fb48d72, -14.729820, -48.765530,2026-08-27 04:36:00,NOAA-21,BARRO ALTO,GOIÁS,Brasil,5203203,52,33,,,,Cerrado,0.9
7d532938-0141-333b-afc8-c539dc2894fb, -15.525410, -47.097000,2026-08-27 04:36:00,NOAA-21,FORMOSA,GOIÁS,Brasil,5208004,52,33,,,,Cerrado,1.5
48362c36-c381-39a1-b6a0-8be84b742e49, -13.607230, -51.827030,2026-08-27 04:36:00,NOAA-21,CANARANA,MATO GROSSO,Brasil,5102702,51,33,,,,Cerrado,4.5
bea2a044-e349-3d7a-aa71-fabd7fed48c6, -13.368670, -51.438560,2026-08-27 04:36:00,NOAA-21,RIBEIRÃO CASCALHEIRA,MATO GROSSO,Brasil,5107180,51,33,,,,Cerrado,2.0
4f08e411-4d39-3a05-97ce-93bd9a28ef33, -14.733710, -48.762480,2026-08-27 04:36:00,NOAA-21,BARRO ALTO,GOIÁS,Brasil,5203203,52,33,,,,Cerrado,1.7
6582c3f7-9fc3-311d-b86a-55713eeb4bfb, -13.337940, -51.410010,2026-08-27 04:36:00,NOAA-21,RIBEIRÃO CASCALHEIRA,MATO GROSSO,Brasil,5107180,51,33,,,,Cerrado,39.9
c4072420-753c-3947-aed2-fcc91762ab83, -13.230280, -51.338080,2026-08-27 04:36:00,NOAA-21,RIBEIRÃO CASCALHEIRA,MATO GROSSO,Brasil,5107180,51,33,,,,Cerrado,2.9
61ad044d-b515-3bd6-852f-5dbe11a046e6, -14.943660, -52.619530,2026-08-27 04:36:00,NOAA-21,BARRA DO GARÇAS,MATO GROSSO,Brasil,5101803,51,33,,,,Cerrado,0.9
c9d92f06-4035-30dd-a756-34ea47f1a1eb, -13.413340, -51.810830,2026-08-27 04:36:00,NOAA-21,RIBEIRÃO CASCALHEIRA,MATO GROSSO,Brasil,5107180,51,33,,,,Cerrado,1.0
bf74e36f-e8f0-3805-b0ab-015c3b6c7c0c, -15.304950, -52.780950,2026-08-27 04:36:00,NOAA-21,BARRA DO GARÇAS,MATO GROSSO,Brasil,5101803,51,33,,,,Cerrado,1.2
8093fffd-a99e-3223-b1a2-4c60dd8f0472, -14.364980, -51.726430,2026-08-27 04:36:00,NOAA-21,NOVA NAZARÉ,MATO GROSSO,Brasil,5106174,51,33,,,,Cerrado,0.3
4febfd07-12b3-3530-b8f6-de4de7adcb9b, -14.517060, -59.804720,2026-08-27 04:36:00,NOAA-21,NOVA LACERDA,MATO GROSSO,Brasil,5106182,51,33,,,,Amazônia,2.7
ec008d17-a9ea-33db-bd45-abb8c8c83d10, -16.380060, -54.577240,2026-08-27 04:36:00,NOAA-21,RONDONÓPOLIS,MATO GROSSO,Brasil,5107602,51,33,,,,Cerrado,2.3
b420b68e-7c5b-3979-a2f3-df581e2e695a, -15.322500, -52.784390,2026-08-27 04:36:00,NOAA-21,BARRA DO GARÇAS,MATO GROSSO,Brasil,5101803,51,33,,,,Cerrado,0.7
44982e12-1102-3a81-83cd-7bdf727936f7, -17.579100, -49.882560,2026-08-27 04:36:00,NOAA-21,EDEALINA,GOIÁS,Brasil,5207352,52,33,,,,Cerrado,0.8
0c01528c-2a1a-3e72-9b2a-56dcc6a54b80, -13.848370, -54.050500,2026-08-27 04:36:00,NOAA-21,PARANATINGA,MATO GROSSO,Brasil,5106307,51,33,,,,Cerrado,1.8
d1206403-ae2c-3c83-ac55-d2e8bc3599d9, -13.871410, -54.100010,2026-08-27 04:36:00,NOAA-21,PARANATINGA,MATO GROSSO,Brasil,5106307,51,33,,,,Cerrado,2.9
fc08b9a9-ccf9-3e2f-b496-2a4d02564978, -14.271870, -42.702960,2026-08-27 04:36:00,NOAA-21,GUANAMBI,BAHIA,Brasil,2911709,29,33,,,,Caatinga,5.3
16f7681f-efdf-3e35-a1b0-364662ce38e0, -14.349950, -52.970890,2026-08-27 04:36:00,NOAA-21,CAMPINÁPOLIS,MATO GROSSO,Brasil,5102603,51,33,,,,Cerrado,1.5
b1a0c463-f39c-36e0-955d-f6483178894e, -13.345720, -51.426810,2026-08-27 04:36:00,NOAA-21,RIBEIRÃO CASCALHEIRA,MATO GROSSO,Brasil,5107180,51,33,,,,Cerrado,1.3
5e1bef14-7257-31f3-b8c3-a4140fb9c509, -16.207710, -57.748270,2026-08-27 04:36:00,NOAA-21,CÁCERES,MATO GROSSO,Brasil,5102504,51,33,,,,Pantanal,3.8
d6bdc6cb-039b-3158-b86a-4f1669471cf6, -13.353600, -51.486350,2026-08-27 04:36:00,NOAA-21,RIBEIRÃO CASCALHEIRA,MATO GROSSO,Brasil,5107180,51,33,,,,Cerrado,3.0
e5f72653-5e5c-3bac-b0eb-6c7ceb3ae586, -14.308590, -49.254700,2026-08-27 04:36:00,NOAA-21,NOVA IGUAÇU DE GOIÁS,GOIÁS,Brasil,5214879,52,33,,,,Cerrado,1.1
a4e5eabc-4085-339d-bae0-074afd3bbc92, -14.736500, -48.766730,2026-08-27 04:36:00,NOAA-21,BARRO ALTO,GOIÁS,Brasil,5203203,52,33,,,,Cerrado,1.8
d19d8543-5835-323f-8799-6d716c13a797, -14.508470, -53.406270,2026-08-27 04:36:00,NOAA-21,SANTO ANTÔNIO DO LESTE,MATO GROSSO,Brasil,5107792,51,33,,,,Cerrado,1.4
e6ca17ba-eb0e-39d6-9d2e-d277a6243514, -17.568010, -49.888180,2026-08-27 04:36:00,NOAA-21,EDEALINA,GOIÁS,Brasil,5207352,52,33,,,,Cerrado,0.8
bddbcf74-5c3b-3237-a503-329943afff30, -13.323470, -51.477340,2026-08-27 04:36:00,NOAA-21,RIBEIRÃO CASCALHEIRA,MATO GROSSO,Brasil,5107180,51,33,,,,Cerrado,11.2
2b1597c6-ac83-37db-8807-f53ccde0a330, -13.391290, -51.450140,2026-08-27 04:36:00,NOAA-21,RIBEIRÃO CASCALHEIRA,MATO GROSSO,Brasil,5107180,51,33,,,,Cerrado,20.2
042fedb0-75a2-380a-b992-b07669930f7b, -13.417100, -51.787710,2026-08-27 04:36:00,NOAA-21,RIBEIRÃO CASCALHEIRA,MATO GROSSO,Brasil,5107180,51,33,,,,Cerrado,1.3
8a2da48f-3eb3-3455-952c-6e329c7ea38c, -14.434450, -51.753360,2026-08-27 04:36:00,NOAA-21,NOVA NAZARÉ,MATO GROSSO,Brasil,5106174,51,33,,,,Cerrado,1.7
97f892e7-8b2e-3e24-8ce2-7d91dd648aee, -14.923980, -52.628920,2026-08-27 04:36:00,NOAA-21,BARRA DO GARÇAS,MATO GROSSO,Brasil,5101803,51,33,,,,Cerrado,1.0
eb46481e-fb21-381e-b8de-dca091488a00, -13.337750, -51.475890,2026-08-27 04:36:00,NOAA-21,RIBEIRÃO CASCALHEIRA,MATO GROSSO,Brasil,5107180,51,33,,,,Cerrado,4.7
6632fa1f-f2a4-384e-b54a-8111966ccc28, -14.750980, -48.761630,2026-08-27 04:36:00,NOAA-21,BARRO ALTO,GOIÁS,Brasil,5203203,52,33,,,,Cerrado,1.2
e5bd5645-b443-3efa-b199-8c2aac44db8c, -13.356560, -51.424770,2026-08-27 04:36:00,NOAA-21,RIBEIRÃO CASCALHEIRA,MATO GROSSO,Brasil,5107180,51,33,,,,Cerrado,22.7
b3f1910f-2443-37ec-ad8b-0a62278a1611, -14.556150, -52.267490,2026-08-27 04:36:00,NOAA-21,NOVA NAZARÉ,MATO GROSSO,Brasil,5106174,51,33,,,,Cerrado,0.9
5e70ad14-c38c-3eac-896f-a5c2a2977bdc, -15.908700, -56.266860,2026-08-27 04:36:00,NOAA-21,NOSSA SENHORA DO LIVRAMENTO,MATO GROSSO,Brasil,5106109,51,33,,,,Pantanal,2.3
7b675c9a-1ba8-3b8c-9e6d-131262fa3cae, -14.383680, -52.924410,2026-08-27 04:36:00,NOAA-21,CAMPINÁPOLIS,MATO GROSSO,Brasil,5102603,51,33,,,,Cerrado,1.3
93f54a9c-b02b-31a8-8e94-5b427e31794f, -13.326500, -51.415810,2026-08-27 04:36:00,NOAA-21,RIBEIRÃO CASCALHEIRA,MATO GROSSO,Brasil,5107180,51,33,,,,Cerrado,12.1
6d8b734f-5ed9-3062-bd8a-7e90ebd2abdf, -13.409260, -51.814060,2026-08-27 04:36:00,NOAA-21,RIBEIRÃO CASCALHEIRA,MATO GROSSO,Brasil,5107180,51,33,,,,Cerrado,2.6
9d9528b0-6d8c-342f-a5c8-9cf8e9179368, -13.313230, -51.475600,2026-08-27 04:36:00,NOAA-21,RIBEIRÃO CASCALHEIRA,MATO GROSSO,Brasil,5107180,51,33,,,,Cerrado,3.8
4ce599c0-7b9e-3019-aeb9-38ffd697e1b0, -13.352020, -51.474430,2026-08-27 04:36:00,NOAA-21,RIBEIRÃO CASCALHEIRA,MATO GROSSO,Brasil,5107180,51,33,,,,Cerrado,18.1
8f084ecc-fcd6-3cb3-83a0-75f23cd7a136, -15.596080, -56.402390,2026-08-27 04:36:00,NOAA-21,NOSSA SENHORA DO LIVRAMENTO,MATO GROSSO,Brasil,5106109,51,33,,,,Cerrado,5.3
489d09f0-edc4-3976-a32e-95da0ab651e2, -13.413660, -51.787070,2026-08-27 04:36:00,NOAA-21,RIBEIRÃO CASCALHEIRA,MATO GROSSO,Brasil,5107180,51,33,,,,Cerrado,1.3
3f7e9539-0f19-34de-9ef1-c8a554e8c979, -14.308830, -51.126350,2026-08-27 04:36:00,NOAA-21,COCALINHO,MATO GROSSO,Brasil,5103106,51,33,,,,Cerrado,0.8
0e39196d-065e-392c-a372-91cfcf4a4ace, -14.432660, -53.366960,2026-08-27 04:36:00,NOAA-21,CAMPINÁPOLIS,MATO GROSSO,Brasil,5102603,51,33,,,,Cerrado,1.8
c7b18245-7f32-3339-b644-f502da49603e, -13.466700, -57.048190,2026-08-27 04:36:00,NOAA-21,NOVA MARINGÁ,MATO GROSSO,Brasil,5108907,51,33,,,,Cerrado,5.3
d9df41f9-8be6-3a4e-b3dc-6b3db2b9a17a, -13.367340, -51.531570,2026-08-27 04:36:00,NOAA-21,RIBEIRÃO CASCALHEIRA,MATO GROSSO,Brasil,5107180,51,33,,,,Cerrado,0.9
d1f23b6f-3ed3-3d41-890d-1b8cb198051f, -13.382290, -51.483540,2026-08-27 04:36:00,NOAA-21,RIBEIRÃO CASCALHEIRA,MATO GROSSO,Brasil,5107180,51,33,,,,Cerrado,37.9
1cc7aece-1ba7-3296-815b-7a39a7b2cbab, -13.383530, -51.475990,2026-08-27 04:36:00,NOAA-21,RIBEIRÃO CASCALHEIRA,MATO GROSSO,Brasil,5107180,51,33,,,,Cerrado,1.7
d2d40ec7-4df6-32d9-ae94-480bb9ec430c, -13.344150, -51.414930,2026-08-27 04:36:00,NOAA-21,RIBEIRÃO CASCALHEIRA,MATO GROSSO,Brasil,5107180,51,33,,,,Cerrado,135.0
2178d177-6417-30e4-8611-46c433edd1bb, -14.291810, -51.146080,2026-08-27 04:36:00,NOAA-21,COCALINHO,MATO GROSSO,Brasil,5103106,51,33,,,,Cerrado,1.5
bede8b13-702b-3a44-a331-cc45148b3d9c, -14.382990, -51.957210,2026-08-27 04:36:00,NOAA-21,NOVA NAZARÉ,MATO GROSSO,Brasil,5106174,51,33,,,,Cerrado,0.9
8430705b-889b-35ac-8639-fe1a29db3bfb, -13.331530, -51.470950,2026-08-27 04:36:00,NOAA-21,RIBEIRÃO CASCALHEIRA,MATO GROSSO,Brasil,5107180,51,33,,,,Cerrado,17.1
709fb99e-34a0-3e8f-b352-abbc28560ea5, -14.556770, -53.101600,2026-08-27 04:36:00,NOAA-21,CAMPINÁPOLIS,MATO GROSSO,Brasil,5102603,51,33,,,,Cerrado,1.0
e7d75ca6-8d3d-386b-a3db-63cf61ac1036, -14.353540, -52.971530,2026-08-27 04:36:00,NOAA-21,CAMPINÁPOLIS,MATO GROSSO,Brasil,5102603,51,33,,,,Cerrado,1.5
200f449a-1b62-3e86-81e9-41e0bab509a2, -14.520230, -53.403700,2026-08-27 04:36:00,NOAA-21,SANTO ANTÔNIO DO LESTE,MATO GROSSO,Brasil,5107792,51,33,,,,Cerrado,1.2
8b528df9-423e-3861-9a7f-fa622e2c4cd7, -15.144980, -48.666150,2026-08-27 04:36:00,NOAA-21,VILA PROPÍCIO,GOIÁS,Brasil,5222302,52,33,,,,Cerrado,1.2
dc004f4f-7397-30a8-afb9-485c3c8e48ba, -14.747070, -48.764800,2026-08-27 04:36:00,NOAA-21,BARRO ALTO,GOIÁS,Brasil,5203203,52,33,,,,Cerrado,1.2
3fe5108f-3b84-3bc7-bfbc-3dcf8bb8cca8, -14.730380, -48.761860,2026-08-27 04:36:00,NOAA-21,BARRO ALTO,GOIÁS,Brasil,5203203,52,33,,,,Cerrado,2.4
4abcb945-7259-36c4-9c58-3c95b5fda5cd, -14.424200, -51.751600,2026-08-27 04:36:00,NOAA-21,NOVA NAZARÉ,MATO GROSSO,Brasil,5106174,51,33,,,,Cerrado,1.4
33d24cb7-56e3-3d9d-86ef-b96f968ef364, -15.860660, -48.326380,2026-08-27 04:36:00,NOAA-21,SANTO ANTÔNIO DO DESCOBERTO,GOIÁS,Brasil,5219753,52,33,,,,Cerrado,1.0
6c02f3a8-7e9e-3b88-bc76-992d3bf580c5, -14.427620, -51.752190,2026-08-27 04:36:00,NOAA-21,NOVA NAZARÉ,MATO GROSSO,Brasil,5106174,51,33,,,,Cerrado,1.4
3c22daa6-23f2-38ce-b88b-0a63b24a64b2, -14.754330, -48.762150,2026-08-27 04:36:00,NOAA-21,BARRO ALTO,GOIÁS,Brasil,5203203,52,33,,,,Cerrado,5.7
29e316fb-8cbb-3d06-8b10-679bb08e32e3, -14.388480, -51.124720,2026-08-27 04:36:00,NOAA-21,COCALINHO,MATO GROSSO,Brasil,5103106,51,33,,,,Cerrado,2.0
0e82bd95-3498-32a3-b1c2-0533a3a002cd, -15.341300, -52.824780,2026-08-27 04:36:00,NOAA-21,BARRA DO GARÇAS,MATO GROSSO,Brasil,5101803,51,33,,,,Cerrado,2.4
e0249347-b528-3ee2-8e56-1b27afb191bf, -14.333210, -47.243570,2026-08-27 04:36:00,NOAA-21,SÃO JOÃO D'ALIANÇA,GOIÁS,Brasil,5220009,52,33,,,,Cerrado,1.3
1e23734b-22f5-394f-98cf-86e5f194142e, -13.357140, -51.487050,2026-08-27 04:36:00,NOAA-21,RIBEIRÃO CASCALHEIRA,MATO GROSSO,Brasil,5107180,51,33,,,,Cerrado,2.2
b41c0115-f471-356a-90f6-c54df93c12f6, -13.884120, -51.893050,2026-08-27 04:36:00,NOAA-21,NOVA NAZARÉ,MATO GROSSO,Brasil,5106174,51,33,,,,Cerrado,1.8
168757ca-4c36-3cd1-a74f-291043ed5134, -18.467580, -42.279850,2026-08-27 04:36:00,NOAA-21,VIRGOLÂNDIA,MINAS GERAIS,Brasil,3171907,31,33,,,,Mata Atlântica,3.6
1f71fda8-344a-3a19-ad43-1976902e62ab, -14.425460, -53.342860,2026-08-27 04:36:00,NOAA-21,CAMPINÁPOLIS,MATO GROSSO,Brasil,5102603,51,33,,,,Cerrado,1.8
b1c3a8ab-a3a3-3c74-9680-e312269f8a42, -13.286520, -51.424520,2026-08-27 04:36:00,NOAA-21,RIBEIRÃO CASCALHEIRA,MATO GROSSO,Brasil,5107180,51,33,,,,Cerrado,7.9
8983c8ca-3e61-3121-99e0-210d75364f19, -16.098290, -48.850010,2026-08-27 04:36:00,NOAA-21,ABADIÂNIA,GOIÁS,Brasil,5200100,52,33,,,,Cerrado,2.8
e9c65b48-1fb4-3e81-b112-06b0a30cd215, -13.362770, -51.429700,2026-08-27 04:36:00,NOAA-21,RIBEIRÃO CASCALHEIRA,MATO GROSSO,Brasil,5107180,51,33,,,,Cerrado,2.4
6583565e-0900-33d5-ab29-28a3f00731b9, -13.378880, -51.482960,2026-08-27 04:36:00,NOAA-21,RIBEIRÃO CASCALHEIRA,MATO GROSSO,Brasil,5107180,51,33,,,,Cerrado,37.9
051da441-d7e0-3279-bffa-08d9bd9e6e60, -14.434900, -53.090260,2026-08-27 04:36:00,NOAA-21,CAMPINÁPOLIS,MATO GROSSO,Brasil,5102603,51,33,,,,Cerrado,3.0
5165fd22-363d-36a4-b235-86eea5d0462b, -13.462030, -57.047340,2026-08-27 04:36:00,NOAA-21,NOVA MARINGÁ,MATO GROSSO,Brasil,5108907,51,33,,,,Cerrado,5.3
f5eb61c9-1df6-3510-b82e-29f21e61a0d0, -15.830610, -56.433360,2026-08-27 04:36:00,NOAA-21,NOSSA SENHORA DO LIVRAMENTO,MATO GROSSO,Brasil,5106109,51,33,,,,Cerrado,3.1
6de87e6a-ddf8-38eb-8c30-9f49eddf1e43, -13.412350, -51.810080,2026-08-27 04:36:00,NOAA-21,RIBEIRÃO CASCALHEIRA,MATO GROSSO,Brasil,5107180,51,33,,,,Cerrado,2.0
b35b5a7f-4247-3029-8e68-9fb042b383b4, -13.350790, -51.481990,2026-08-27 04:36:00,NOAA-21,RIBEIRÃO CASCALHEIRA,MATO GROSSO,Brasil,5107180,51,33,,,,Cerrado,1.7
4ea37f08-d109-38bb-b3ab-92e890d5a93f, -13.280010, -51.442790,2026-08-27 04:36:00,NOAA-21,RIBEIRÃO CASCALHEIRA,MATO GROSSO,Brasil,5107180,51,33,,,,Cerrado,1.0
1360989e-0974-33f4-9c12-3edce223e99e, -14.215460, -45.274360,2026-08-27 04:36:00,NOAA-21,COCOS,BAHIA,Brasil,2908101,29,33,,,,Cerrado,10.5
0f6afece-3244-382e-bca6-7463b0305556, -13.316270, -51.414070,2026-08-27 04:36:00,NOAA-21,RIBEIRÃO CASCALHEIRA,MATO GROSSO,Brasil,5107180,51,33,,,,Cerrado,19.7
a28c78f6-8729-369e-a47c-0947e7e89d4d, -14.591740, -52.012450,2026-08-27 04:36:00,NOAA-21,NOVA NAZARÉ,MATO GROSSO,Brasil,5106174,51,33,,,,Cerrado,1.0
1ba3b383-e668-3f28-b87c-d41c2ad0f4a0, -13.617580, -51.828810,2026-08-27 04:36:00,NOAA-21,CANARANA,MATO GROSSO,Brasil,5102702,51,33,,,,Cerrado,2.7
35f5be8b-8bf9-378d-8c43-b4c5e5d8a584, -17.260320, -52.049980,2026-08-27 04:36:00,NOAA-21,CAIAPÔNIA,GOIÁS,Brasil,5204409,52,33,,,,Cerrado,0.5
c3f8f712-bbdd-3b8e-bff4-6620d8eb5ac4, -14.605250, -47.984520,2026-08-27 04:36:00,NOAA-21,NIQUELÂNDIA,GOIÁS,Brasil,5214606,52,33,,,,Cerrado,1.3
2e40eab8-ec36-32c5-b138-ca70c39f1975, -13.395640, -51.466390,2026-08-27 04:36:00,NOAA-21,RIBEIRÃO CASCALHEIRA,MATO GROSSO,Brasil,5107180,51,33,,,,Cerrado,2.9
83b39737-61d2-3152-a697-0d180844110f, -15.148640, -50.063320,2026-08-27 04:36:00,NOAA-21,ARAGUAPAZ,GOIÁS,Brasil,5202155,52,33,,,,Cerrado,1.2
28a86d95-cb86-30d9-bf8b-e9b1af150b7c, -14.900740, -44.806020,2026-08-27 04:36:00,NOAA-21,BONITO DE MINAS,MINAS GERAIS,Brasil,3108255,31,33,,,,Cerrado,1.2
6a93f8b9-ddfb-3014-a427-4c32298ca446, -13.360940, -51.441010,2026-08-27 04:36:00,NOAA-21,RIBEIRÃO CASCALHEIRA,MATO GROSSO,Brasil,5107180,51,33,,,,Cerrado,2.6
05a0a28a-fefc-353a-873a-f0ecd529a290, -17.256940, -52.049400,2026-08-27 04:36:00,NOAA-21,CAIAPÔNIA,GOIÁS,Brasil,5204409,52,33,,,,Cerrado,0.5
e415289d-f5de-3fcd-a78d-88bd79542a42, -13.385080, -51.487900,2026-08-27 04:36:00,NOAA-21,RIBEIRÃO CASCALHEIRA,MATO GROSSO,Brasil,5107180,51,33,,,,Cerrado,2.5
579d6181-52bf-3be0-801c-42bda13d1a1c, -13.350350, -51.419850,2026-08-27 04:36:00,NOAA-21,RIBEIRÃO CASCALHEIRA,MATO GROSSO,Brasil,5107180,51,33,,,,Cerrado,6.6
a0e4342b-ca39-3972-8a28-b428524c0d50, -13.463690, -57.050660,2026-08-27 04:36:00,NOAA-21,NOVA MARINGÁ,MATO GROSSO,Brasil,5108907,51,33,,,,Cerrado,3.7
a7d1f95d-2c89-370a-8536-1c249d8b9da6, -16.100310, -45.140670,2026-08-27 04:36:00,NOAA-21,PINTÓPOLIS,MINAS GERAIS,Brasil,3150570,31,33,,,,Cerrado,2.6
97dc5ede-682c-3e59-9946-33939a6e4cd7, -13.312610, -51.479390,2026-08-27 04:36:00,NOAA-21,RIBEIRÃO CASCALHEIRA,MATO GROSSO,Brasil,5107180,51,33,,,,Cerrado,3.8
9d8fdfa6-bb01-3294-8bdd-9009271efe5c, -14.417370, -51.750430,2026-08-27 04:36:00,NOAA-21,NOVA NAZARÉ,MATO GROSSO,Brasil,5106174,51,33,,,,Cerrado,3.2
cc9ba68a-1427-3955-af35-08d583330ba6, -13.397500, -51.455070,2026-08-27 04:36:00,NOAA-21,RIBEIRÃO CASCALHEIRA,MATO GROSSO,Brasil,5107180,51,33,,,,Cerrado,109.6
2d4f3e49-fe52-3144-8b09-5f3d99fdfbc5, -14.378410, -51.123000,2026-08-27 04:36:00,NOAA-21,COCALINHO,MATO GROSSO,Brasil,5103106,51,33,,,,Cerrado,1.5
66c7641b-05cb-3874-8b62-a18b482c5cbc, -15.921520, -43.526470,2026-08-27 04:36:00,NOAA-21,JANAÚBA,MINAS GERAIS,Brasil,3135100,31,33,,,,Cerrado,0.9
5306f2bc-54a8-352c-922e-1b87fed11b07, -13.383850, -51.452760,2026-08-27 04:36:00,NOAA-21,RIBEIRÃO CASCALHEIRA,MATO GROSSO,Brasil,5107180,51,33,,,,Cerrado,10.1
36ab1ef7-0c1e-3a20-ab0b-d59c68c6fa2b, -14.312780, -47.236430,2026-08-27 04:36:00,NOAA-21,SÃO JOÃO D'ALIANÇA,GOIÁS,Brasil,5220009,52,33,,,,Cerrado,1.3
55052a87-df0f-392a-a708-bcedbe33355f, -14.802390, -48.799890,2026-08-27 04:36:00,NOAA-21,BARRO ALTO,GOIÁS,Brasil,5203203,52,33,,,,Cerrado,2.9
9a82bde2-befc-319d-90b9-bbbd8962e65d, -14.576230, -52.041600,2026-08-27 04:36:00,NOAA-21,NOVA NAZARÉ,MATO GROSSO,Brasil,5106174,51,33,,,,Cerrado,3.3
24331d27-3ce9-30da-aea1-b4a54d69e05a, -13.364350, -51.441590,2026-08-27 04:36:00,NOAA-21,RIBEIRÃO CASCALHEIRA,MATO GROSSO,Brasil,5107180,51,33,,,,Cerrado,2.6
2563fa86-0590-3826-9005-efd04e2242ee, -13.369260, -51.477450,2026-08-27 04:36:00,NOAA-21,RIBEIRÃO CASCALHEIRA,MATO GROSSO,Brasil,5107180,51,33,,,,Cerrado,20.3
6d223caa-5c9b-302c-8274-980f712f41b0, -13.416440, -51.806850,2026-08-27 04:36:00,NOAA-21,RIBEIRÃO CASCALHEIRA,MATO GROSSO,Brasil,5107180,51,33,,,,Cerrado,2.0
6d0518c7-ee4c-3a5d-ab03-3588083210b9, -14.208390, -45.268170,2026-08-27 04:36:00,NOAA-21,COCOS,BAHIA,Brasil,2908101,29,33,,,,Cerrado,2.9
301bb2d0-fee3-3511-801e-693c7dab10f7, -13.619770, -51.837100,2026-08-27 04:36:00,NOAA-21,CANARANA,MATO GROSSO,Brasil,5102702,51,33,,,,Cerrado,2.7
9b1d56c9-24f9-3e9c-babf-c133a1163bb6, -13.337330, -51.413780,2026-08-27 04:36:00,NOAA-21,RIBEIRÃO CASCALHEIRA,MATO GROSSO,Brasil,5107180,51,33,,,,Cerrado,39.9
db15959e-d6af-37c6-bcc4-dec759aed892, -13.349740, -51.423620,2026-08-27 04:36:00,NOAA-21,RIBEIRÃO CASCALHEIRA,MATO GROSSO,Brasil,5107180,51,33,,,,Cerrado,6.6
bc8f17c7-7eeb-3857-9202-8a833a2fb779, -13.409890, -51.810210,2026-08-27 04:36:00,NOAA-21,RIBEIRÃO CASCALHEIRA,MATO GROSSO,Brasil,5107180,51,33,,,,Cerrado,1.0
f071e5b6-7b18-3a0e-9fca-80950ac77b12, -13.404940, -51.452440,2026-08-27 04:36:00,NOAA-21,RIBEIRÃO CASCALHEIRA,MATO GROSSO,Brasil,5107180,51,33,,,,Cerrado,1.6
7edcc8f6-f73a-30db-bef5-def22b69d4c1, -14.275250, -42.713000,2026-08-27 04:36:00,NOAA-21,GUANAMBI,BAHIA,Brasil,2911709,29,33,,,,Caatinga,11.0
3e2982f1-7f43-3487-8ac8-3982e6046fa8, -13.374240, -51.447250,2026-08-27 04:36:00,NOAA-21,RIBEIRÃO CASCALHEIRA,MATO GROSSO,Brasil,5107180,51,33,,,,Cerrado,3.6
02a2cb07-8950-30dc-a116-68f506f4f4de, -18.321260, -42.638090,2026-08-27 04:36:00,NOAA-21,SÃO PEDRO DO SUAÇUÍ,MINAS GERAIS,Brasil,3164100,31,33,,,,Mata Atlântica,0.8
33a828f2-af5a-3166-bb68-dfb77dfb9ca0, -17.569680, -49.877270,2026-08-27 04:36:00,NOAA-21,EDEALINA,GOIÁS,Brasil,5207352,52,33,,,,Cerrado,0.6
eacbab90-3013-3d8e-adbc-edb630f400f4, -13.247580, -51.554100,2026-08-27 04:36:00,NOAA-21,RIBEIRÃO CASCALHEIRA,MATO GROSSO,Brasil,5107180,51,33,,,,Cerrado,0.7
aa6c9e48-98b6-3f54-b7a0-fbcb2e606e55, -13.343540, -51.418690,2026-08-27 04:36:00,NOAA-21,RIBEIRÃO CASCALHEIRA,MATO GROSSO,Brasil,5107180,51,33,,,,Cerrado,1.3
90e45949-63cd-3698-885b-204fdeaebbe6, -14.230460, -51.754010,2026-08-27 04:36:00,NOAA-21,NOVA NAZARÉ,MATO GROSSO,Brasil,5106174,51,33,,,,Cerrado,1.4
c8db3121-e25d-3368-a9ed-e343432d641e, -14.505820, -59.803950,2026-08-27 04:36:00,NOAA-21,NOVA LACERDA,MATO GROSSO,Brasil,5106182,51,33,,,,Amazônia,2.2
f2895a13-30b9-31af-9ac8-b5b823f3ca4b, -13.853430, -54.066810,2026-08-27 04:36:00,NOAA-21,PARANATINGA,MATO GROSSO,Brasil,5106307,51,33,,,,Cerrado,0.8
a639bc4b-ce98-3d4a-9016-7c7ff926b77d, -14.418910, -53.337120,2026-08-27 04:36:00,NOAA-21,CAMPINÁPOLIS,MATO GROSSO,Brasil,5102603,51,33,,,,Cerrado,4.0
72358102-7ce1-39fb-afcd-a6cc3e79d0bd, -14.429000, -53.366290,2026-08-27 04:36:00,NOAA-21,CAMPINÁPOLIS,MATO GROSSO,Brasil,5102603,51,33,,,,Cerrado,1.8
05528fd4-2410-354c-a8e0-fe01c84a8624, -13.461060, -57.052430,2026-08-27 04:36:00,NOAA-21,NOVA MARINGÁ,MATO GROSSO,Brasil,5108907,51,33,,,,Cerrado,2.3
f47d33b4-d396-3040-b64f-439c362196de, -13.365840, -51.476880,2026-08-27 04:36:00,NOAA-21,RIBEIRÃO CASCALHEIRA,MATO GROSSO,Brasil,5107180,51,33,,,,Cerrado,20.3
42167684-b3f6-3211-930d-6a3fb9ddf00c, -13.372670, -51.478030,2026-08-27 04:36:00,NOAA-21,RIBEIRÃO CASCALHEIRA,MATO GROSSO,Brasil,5107180,51,33,,,,Cerrado,50.4
897d7f92-c4cf-35a7-bac6-ea8f2f13636e, -15.516160, -48.500200,2026-08-27 04:36:00,NOAA-21,PADRE BERNARDO,GOIÁS,Brasil,5215603,52,33,,,,Cerrado,1.2
460a4ca5-e288-38bb-8ca4-351d0db6e03f, -13.390670, -51.453910,2026-08-27 04:36:00,NOAA-21,RIBEIRÃO CASCALHEIRA,MATO GROSSO,Brasil,5107180,51,33,,,,Cerrado,20.2
6e57cd01-8f5a-368b-9e49-ec3a893bc187, -13.365220, -51.480650,2026-08-27 04:36:00,NOAA-21,RIBEIRÃO CASCALHEIRA,MATO GROSSO,Brasil,5107180,51,33,,,,Cerrado,20.3
5f4dcdea-928e-30e8-9399-2bcc319919c4, -14.469480, -52.155420,2026-08-27 04:36:00,NOAA-21,NOVA NAZARÉ,MATO GROSSO,Brasil,5106174,51,33,,,,Cerrado,0.7
d204ce98-5772-360a-b3dd-d9495cc3c552, -13.359360, -51.429120,2026-08-27 04:36:00,NOAA-21,RIBEIRÃO CASCALHEIRA,MATO GROSSO,Brasil,5107180,51,33,,,,Cerrado,2.9
649ddab0-f4a3-3d7c-8012-db70c8282bee, -13.354820, -51.478790,2026-08-27 04:36:00,NOAA-21,RIBEIRÃO CASCALHEIRA,MATO GROSSO,Brasil,5107180,51,33,,,,Cerrado,26.5
a7a92fa7-c8c2-37eb-aa3c-8b26da93ecf1, -17.574660, -49.866910,2026-08-27 04:36:00,NOAA-21,EDEALINA,GOIÁS,Brasil,5207352,52,33,,,,Cerrado,1.0
604d532a-8a78-37ca-9c41-3fb9e89439af, -25.771130, -52.507990,2026-08-27 04:38:00,NOAA-21,CHOPINZINHO,PARANÁ,Brasil,4105409,41,33,,,,Mata Atlântica,1.1
5fbdf8c5-3c45-3814-b6b7-94f8f8732b15, -21.039750, -57.852910,2026-08-27 04:38:00,NOAA-21,PORTO MURTINHO,MATO GROSSO DO SUL,Brasil,5006903,50,33,,,,Pantanal,1.5
157629ef-9a56-3681-aa34-f1e7bdd5f020, -21.044030, -57.853850,2026-08-27 04:38:00,NOAA-21,PORTO MURTINHO,MATO GROSSO DO SUL,Brasil,5006903,50,33,,,,Pantanal,0.8
4aca35bc-75c2-3ffc-af02-5d2ab36efb6d, -25.708260, -49.948680,2026-08-27 04:38:00,NOAA-21,LAPA,PARANÁ,Brasil,4113205,41,33,,,,Mata Atlântica,1.1
a8c33647-8006-34d2-84b0-32fd0cf526cb, -22.218970, -51.480640,2026-08-27 04:38:00,NOAA-21,PIRAPOZINHO,SÃO PAULO,Brasil,3539202,35,33,,,,Mata Atlântica,0.4
e5a78124-fab4-317c-86bb-81b25f277728,  -8.813500, -50.058300,2026-08-27 04:40:00,GOES-19,SANTA MARIA DAS BARREIRAS,PARÁ,Brasil,1506583,15,33,,,,Amazônia,64.8
1c280bb6-0d27-3ec9-a378-63de17fa2e14,  -9.228200, -51.542800,2026-08-27 04:40:00,GOES-19,SÃO FÉLIX DO XINGU,PARÁ,Brasil,1507300,15,33,,,,Amazônia,73.6
318a5abf-106c-36b1-961a-8e9ebfde456a,  -5.999600, -57.824900,2026-08-27 04:40:00,GOES-19,JACAREACANGA,PARÁ,Brasil,1503754,15,33,,,,Amazônia,63.4
7cedf3a9-226f-3cd3-bc65-d28071ff4b51,  -8.795000, -50.038700,2026-08-27 04:40:00,GOES-19,SANTA MARIA DAS BARREIRAS,PARÁ,Brasil,1506583,15,33,,,,Amazônia,72.4
d3e51098-708b-39b3-ad91-a1e19c3e00cb, -10.759600, -54.038400,2026-08-27 04:40:00,GOES-19,MARCELÂNDIA,MATO GROSSO,Brasil,5105580,51,33,,,,Amazônia,32.6
3c39fcb2-7e0a-3700-8486-8e251474e766, -12.208300, -50.603000,2026-08-27 04:40:00,GOES-19,FORMOSO DO ARAGUAIA,TOCANTINS,Brasil,1708205,17,33,,,,Cerrado,109.8
9f8782a4-9245-3f3b-9a62-fa7ee38c77da,  -8.794700, -50.060000,2026-08-27 04:40:00,GOES-19,SANTA MARIA DAS BARREIRAS,PARÁ,Brasil,1506583,15,33,,,,Amazônia,58.1
8428740d-d2c1-3f27-9691-a2a17cc30788, -10.759800, -54.017900,2026-08-27 04:40:00,GOES-19,MARCELÂNDIA,MATO GROSSO,Brasil,5105580,51,33,,,,Amazônia,43.7
243102c4-187d-3b01-8d55-3ff115a025b3, -29.023580, -51.127760,2026-08-27 04:40:00,NOAA-21,FLORES DA CUNHA,RIO GRANDE DO SUL,Brasil,4308201,43,33,,,,Mata Atlântica,0.7
345d7892-f098-3fdf-b69a-9d89463ddc3a, -29.087410, -54.379350,2026-08-27 04:40:00,NOAA-21,TUPANCIRETÃ,RIO GRANDE DO SUL,Brasil,4322202,43,33,,,,Pampa,0.2
7487b9c7-3505-30bf-9ac5-dd855a143ff9, -27.936790, -51.079030,2026-08-27 04:40:00,NOAA-21,ESMERALDA,RIO GRANDE DO SUL,Brasil,4307401,43,33,,,,Mata Atlântica,0.6
6501550e-6416-3025-9511-f831d4c2e84a, -29.741260, -51.265060,2026-08-27 04:40:00,NOAA-21,PORTÃO,RIO GRANDE DO SUL,Brasil,4314803,43,33,,,,Pampa,1.0
18b06de4-492d-31b6-a707-637187cfc791, -29.090730, -54.380040,2026-08-27 04:40:00,NOAA-21,TUPANCIRETÃ,RIO GRANDE DO SUL,Brasil,4322202,43,33,,,,Pampa,0.2
5795f4d6-9b60-3bff-9b75-e5d3ca2335d3, -29.139960, -50.376770,2026-08-27 04:40:00,NOAA-21,SÃO FRANCISCO DE PAULA,RIO GRANDE DO SUL,Brasil,4318200,43,33,,,,Mata Atlântica,3.4
01bd786d-fbb1-32ab-8557-e9b882d567da, -27.342990, -50.728840,2026-08-27 04:40:00,NOAA-21,CURITIBANOS,SANTA CATARINA,Brasil,4204806,42,33,,,,Mata Atlântica,0.7
ec96cadc-5e11-3cca-b3e2-76d2e39d5d8a, -29.142900, -50.381970,2026-08-27 04:40:00,NOAA-21,SÃO FRANCISCO DE PAULA,RIO GRANDE DO SUL,Brasil,4318200,43,33,,,,Mata Atlântica,2.2
611fab75-8714-3960-a68f-f95cdb85ed9b, -27.343580, -50.724660,2026-08-27 04:40:00,NOAA-21,CURITIBANOS,SANTA CATARINA,Brasil,4204806,42,33,,,,Mata Atlântica,0.7
467b79fc-9fe8-3304-a239-4fb0c7e00e1d, -29.143510, -50.377390,2026-08-27 04:40:00,NOAA-21,SÃO FRANCISCO DE PAULA,RIO GRANDE DO SUL,Brasil,4318200,43,33,,,,Mata Atlântica,1.9
f8605380-b77b-3395-9a09-9a3e0186f744, -29.392770, -50.422650,2026-08-27 04:40:00,NOAA-21,SÃO FRANCISCO DE PAULA,RIO GRANDE DO SUL,Brasil,4318200,43,33,,,,Mata Atlântica,0.6
56819a5a-730c-3410-aca8-76dd8c977746, -27.937380, -51.074850,2026-08-27 04:40:00,NOAA-21,ESMERALDA,RIO GRANDE DO SUL,Brasil,4307401,43,33,,,,Mata Atlântica,0.4
b97df668-8570-35fb-9b10-b2450dc46e7d, -29.139350, -50.381350,2026-08-27 04:40:00,NOAA-21,SÃO FRANCISCO DE PAULA,RIO GRANDE DO SUL,Brasil,4318200,43,33,,,,Mata Atlântica,1.0
e92213f8-b6ba-3805-935c-d08e61d6f70a, -12.208600, -50.581500,2026-08-27 04:50:00,GOES-19,FORMOSO DO ARAGUAIA,TOCANTINS,Brasil,1708205,17,33,,,,Cerrado,74.1
26c7a869-e09c-3bb0-a00d-b753139827ab,  -8.795000, -50.038700,2026-08-27 04:50:00,GOES-19,SANTA MARIA DAS BARREIRAS,PARÁ,Brasil,1506583,15,33,,,,Amazônia,56.2
0bd3504f-eb8b-37fd-97e5-ff9f5ddcdc66, -10.759800, -54.017900,2026-08-27 04:50:00,GOES-19,MARCELÂNDIA,MATO GROSSO,Brasil,5105580,51,33,,,,Amazônia,36.1
747d4fff-9e70-3496-8ad1-52e9ad07b5a5,  -9.228200, -51.542800,2026-08-27 04:50:00,GOES-19,SÃO FÉLIX DO XINGU,PARÁ,Brasil,1507300,15,33,,,,Amazônia,64.9
9e140a12-5b92-3765-85d6-01a48fd4f399,  -5.999600, -57.824900,2026-08-27 04:50:00,GOES-19,JACAREACANGA,PARÁ,Brasil,1503754,15,33,,,,Amazônia,64.4
16c2b634-0262-305e-aa21-73153b7c891c, -10.759600, -54.038400,2026-08-27 04:50:00,GOES-19,MARCELÂNDIA,MATO GROSSO,Brasil,5105580,51,33,,,,Amazônia,31.4
2f63dbc8-5a31-32fe-b770-dcf7317efa4d, -12.208300, -50.603000,2026-08-27 04:50:00,GOES-19,FORMOSO DO ARAGUAIA,TOCANTINS,Brasil,1708205,17,33,,,,Cerrado,129.4
05c1727c-b3d5-3b07-8ee9-3897d4673bba, -12.227400, -50.600700,2026-08-27 04:50:00,GOES-19,FORMOSO DO ARAGUAIA,TOCANTINS,Brasil,1708205,17,33,,,,Cerrado,84.9
826a65fa-d238-3d51-be3e-ff55d29b821e, -12.208600, -50.581500,2026-08-27 05:00:00,GOES-19,FORMOSO DO ARAGUAIA,TOCANTINS,Brasil,1708205,17,33,,,,Cerrado,64.5
656b80c8-ce57-380c-a28d-ed788963368e,  -5.999600, -57.824900,2026-08-27 05:00:00,GOES-19,JACAREACANGA,PARÁ,Brasil,1503754,15,33,,,,Amazônia,41.1
9fb0bab8-85b4-3227-96af-0e21b7e06f37, -12.208300, -50.603000,2026-08-27 05:00:00,GOES-19,FORMOSO DO ARAGUAIA,TOCANTINS,Brasil,1708205,17,33,,,,Cerrado,135.2
2f01cafd-ef6d-37e4-a7f1-96d6a6833498, -10.759800, -54.017900,2026-08-27 05:00:00,GOES-19,MARCELÂNDIA,MATO GROSSO,Brasil,5105580,51,33,,,,Amazônia,40.3
cfc1cb23-0074-379b-8cb6-04a2218401b5, -12.227400, -50.600700,2026-08-27 05:00:00,GOES-19,FORMOSO DO ARAGUAIA,TOCANTINS,Brasil,1708205,17,33,,,,Cerrado,78.3
3cb52b7c-7a57-389f-a68b-538cfbde5104,  -9.228200, -51.542800,2026-08-27 05:00:00,GOES-19,SÃO FÉLIX DO XINGU,PARÁ,Brasil,1507300,15,33,,,,Amazônia,70.7
ad753b57-cae3-37ed-a9df-ee3294d40c1d, -12.208300, -50.603000,2026-08-27 05:10:00,GOES-19,FORMOSO DO ARAGUAIA,TOCANTINS,Brasil,1708205,17,33,,,,Cerrado,59.3
669fd974-be45-3b54-80a9-ab0d13ab7fd6, -10.759600, -54.038400,2026-08-27 05:10:00,GOES-19,MARCELÂNDIA,MATO GROSSO,Brasil,5105580,51,33,,,,Amazônia,55.6
710e9149-447a-31a8-b6d4-936f1a05d162, -12.227400, -50.600700,2026-08-27 05:10:00,GOES-19,FORMOSO DO ARAGUAIA,TOCANTINS,Brasil,1708205,17,33,,,,Cerrado,71.4
a9dea3d6-1261-3868-a7e7-2a7a578ebf26,  -5.919800, -43.626400,2026-08-27 05:10:00,GOES-19,LAGOA DO MATO,MARANHÃO,Brasil,2105922,21,33,,,,Cerrado,46.3
dd95173c-3dc5-336d-b32a-4db0a39f02fc,  -9.228200, -51.542800,2026-08-27 05:10:00,GOES-19,SÃO FÉLIX DO XINGU,PARÁ,Brasil,1507300,15,33,,,,Amazônia,69.1
9e53482f-9d6e-3a60-8467-4120117e39ae, -13.380000, -51.470000,2026-08-27 05:15:00,MSG-03,RIBEIRÃO CASCALHEIRA,MATO GROSSO,Brasil,5107180,51,33,,,,Cerrado,
f3741c84-fe32-3cb6-9e4a-b7628277cf20, -13.350000, -51.400000,2026-08-27 05:15:00,MSG-03,RIBEIRÃO CASCALHEIRA,MATO GROSSO,Brasil,5107180,51,33,,,,Cerrado,
de3a55d1-43f5-34ef-8b50-90fe62a15dc8, -13.350000, -51.460000,2026-08-27 05:15:00,MSG-03,RIBEIRÃO CASCALHEIRA,MATO GROSSO,Brasil,5107180,51,33,,,,Cerrado,
8873ee89-f893-35eb-a487-2d1684c7eda9, -13.380000, -51.410000,2026-08-27 05:15:00,MSG-03,RIBEIRÃO CASCALHEIRA,MATO GROSSO,Brasil,5107180,51,33,,,,Cerrado,
7a2349ea-5550-3b8a-9137-a6ec0b496004,  -9.228200, -51.542800,2026-08-27 05:20:00,GOES-19,SÃO FÉLIX DO XINGU,PARÁ,Brasil,1507300,15,33,,,,Amazônia,75.2
4550d03f-c778-3e2e-9fbf-2e8026e59148, -12.227400, -50.600700,2026-08-27 05:20:00,GOES-19,FORMOSO DO ARAGUAIA,TOCANTINS,Brasil,1708205,17,33,,,,Cerrado,60.4
c6fa3b09-557b-3fe3-b323-c02017652ee5,  -9.228200, -51.542800,2026-08-27 05:30:00,GOES-19,SÃO FÉLIX DO XINGU,PARÁ,Brasil,1507300,15,33,,,,Amazônia,70.6
3bd21e3e-b162-395c-aaba-28b54a065279, -10.759600, -54.038400,2026-08-27 05:30:00,GOES-19,MARCELÂNDIA,MATO GROSSO,Brasil,5105580,51,33,,,,Amazônia,47.0
40c89eef-9b49-398b-9237-f8e978cbe1f9, -12.227400, -50.600700,2026-08-27 05:30:00,GOES-19,FORMOSO DO ARAGUAIA,TOCANTINS,Brasil,1708205,17,33,,,,Cerrado,90.6
57d639a6-3d90-3e5e-86c1-2be6a5868241, -12.227400, -50.600700,2026-08-27 05:40:00,GOES-19,FORMOSO DO ARAGUAIA,TOCANTINS,Brasil,1708205,17,33,,,,Cerrado,76.9
1de53b68-5e4d-3676-a2c7-2a8cdc07e848, -10.759600, -54.038400,2026-08-27 05:40:00,GOES-19,MARCELÂNDIA,MATO GROSSO,Brasil,5105580,51,33,,,,Amazônia,53.6
7ab20494-a321-369c-84f5-7db41dfa4142,  -9.228200, -51.542800,2026-08-27 05:40:00,GOES-19,SÃO FÉLIX DO XINGU,PARÁ,Brasil,1507300,15,33,,,,Amazônia,69.2
7b32d33d-402e-3ad1-b754-9c047ac06866, -14.582400, -52.053100,2026-08-27 05:40:00,GOES-19,NOVA NAZARÉ,MATO GROSSO,Brasil,5106174,51,33,,,,Cerrado,56.7
1a458d7c-1910-3a14-b2c7-174dc5b17616, -13.323300, -51.406600,2026-08-27 05:40:00,GOES-19,RIBEIRÃO CASCALHEIRA,MATO GROSSO,Brasil,5107180,51,33,,,,Cerrado,148.1
cdcf0fbb-238b-32c0-8e47-590aaff07373, -13.323300, -51.406600,2026-08-27 05:50:00,GOES-19,RIBEIRÃO CASCALHEIRA,MATO GROSSO,Brasil,5107180,51,33,,,,Cerrado,128.6
61b29ed8-9729-3c9d-a434-023cb3e27fec,  -9.228200, -51.542800,2026-08-27 05:50:00,GOES-19,SÃO FÉLIX DO XINGU,PARÁ,Brasil,1507300,15,33,,,,Amazônia,66.3
b04724e9-d989-32f0-9c1c-0858c1250adf, -13.361800, -51.401800,2026-08-27 05:50:00,GOES-19,RIBEIRÃO CASCALHEIRA,MATO GROSSO,Brasil,5107180,51,33,,,,Cerrado,98.6
be23957a-1865-3a2b-a61f-4940dad43c8f, -12.227400, -50.600700,2026-08-27 05:50:00,GOES-19,FORMOSO DO ARAGUAIA,TOCANTINS,Brasil,1708205,17,33,,,,Cerrado,97.6
994581fa-2710-36e9-83ff-f4ebae807790, -10.759600, -54.038400,2026-08-27 06:00:00,GOES-19,MARCELÂNDIA,MATO GROSSO,Brasil,5105580,51,33,,,,Amazônia,53.5
e89e4a9c-5d91-3ae5-a81d-eee491e7e882, -13.323300, -51.406600,2026-08-27 06:00:00,GOES-19,RIBEIRÃO CASCALHEIRA,MATO GROSSO,Brasil,5107180,51,33,,,,Cerrado,133.1
dcd54b7d-5b82-3881-bd47-f3e731f6bc46, -12.227100, -50.622200,2026-08-27 06:00:00,GOES-19,FORMOSO DO ARAGUAIA,TOCANTINS,Brasil,1708205,17,33,,,,Cerrado,80.3
e76d70b1-ee5c-34af-b2fa-de9a6c3cc9f9, -12.227400, -50.600700,2026-08-27 06:00:00,GOES-19,FORMOSO DO ARAGUAIA,TOCANTINS,Brasil,1708205,17,33,,,,Cerrado,112.1
e90c429d-790a-3aa3-a424-22e8a6807ce1, -13.304100, -51.409000,2026-08-27 06:10:00,GOES-19,RIBEIRÃO CASCALHEIRA,MATO GROSSO,Brasil,5107180,51,33,,,,Cerrado,52.7
1c2608a8-0e44-3723-aaf3-55d308328a97,  -9.228200, -51.542800,2026-08-27 06:10:00,GOES-19,SÃO FÉLIX DO XINGU,PARÁ,Brasil,1507300,15,33,,,,Amazônia,61.8
590e9ab5-dee4-3099-bf36-ea3362565e66, -13.323300, -51.406600,2026-08-27 06:10:00,GOES-19,RIBEIRÃO CASCALHEIRA,MATO GROSSO,Brasil,5107180,51,33,,,,Cerrado,79.9
a470ecc8-74b7-34b5-bb06-21683769e11e, -12.227100, -50.622200,2026-08-27 06:10:00,GOES-19,FORMOSO DO ARAGUAIA,TOCANTINS,Brasil,1708205,17,33,,,,Cerrado,100.8
3c09286d-9f74-329d-b27a-6f3b58c9ff05, -10.759600, -54.038400,2026-08-27 06:10:00,GOES-19,MARCELÂNDIA,MATO GROSSO,Brasil,5105580,51,33,,,,Amazônia,51.6
706b92c4-a5c8-356d-bece-064fbc1108da, -12.227400, -50.600700,2026-08-27 06:10:00,GOES-19,FORMOSO DO ARAGUAIA,TOCANTINS,Brasil,1708205,17,33,,,,Cerrado,149.4
e9382f72-88ff-3950-9168-87608d17ceca, -13.350000, -51.460000,2026-08-27 06:15:00,MSG-03,RIBEIRÃO CASCALHEIRA,MATO GROSSO,Brasil,5107180,51,33,,,,Cerrado,
8af3ea27-8ccc-3b37-bdf4-22d82a7bd045, -12.227400, -50.600700,2026-08-27 06:20:00,GOES-19,FORMOSO DO ARAGUAIA,TOCANTINS,Brasil,1708205,17,33,,,,Cerrado,175.5
6592a14a-eb9c-3b64-a981-e0bb2b61a0e6, -13.360700, -51.465900,2026-08-27 06:20:00,GOES-19,RIBEIRÃO CASCALHEIRA,MATO GROSSO,Brasil,5107180,51,33,,,,Cerrado,122.8
aaf9b230-b820-3552-b9d2-db87ed1138ae, -13.322300, -51.470700,2026-08-27 06:20:00,GOES-19,RIBEIRÃO CASCALHEIRA,MATO GROSSO,Brasil,5107180,51,33,,,,Cerrado,87.3
3079b40f-b3a5-3a14-9cab-c46ddb4ef25f, -12.227100, -50.622200,2026-08-27 06:20:00,GOES-19,FORMOSO DO ARAGUAIA,TOCANTINS,Brasil,1708205,17,33,,,,Cerrado,76.4
f74cc619-2562-3bac-9e2b-72f44bf7fbbd, -13.341900, -51.446900,2026-08-27 06:20:00,GOES-19,RIBEIRÃO CASCALHEIRA,MATO GROSSO,Brasil,5107180,51,33,,,,Cerrado,98.8
10fc8b23-3394-38a2-b174-235389491313, -13.361100, -51.444500,2026-08-27 06:20:00,GOES-19,RIBEIRÃO CASCALHEIRA,MATO GROSSO,Brasil,5107180,51,33,,,,Cerrado,100.5
4e222a41-967a-3118-b6b2-f487320deaf6, -13.322600, -51.449300,2026-08-27 06:20:00,GOES-19,RIBEIRÃO CASCALHEIRA,MATO GROSSO,Brasil,5107180,51,33,,,,Cerrado,76.3
3718d497-53fb-3b5a-891a-6bf77e6ba6ba,  -9.228200, -51.542800,2026-08-27 06:20:00,GOES-19,SÃO FÉLIX DO XINGU,PARÁ,Brasil,1507300,15,33,,,,Amazônia,60.6
9c276581-da50-3d83-b842-2cda30e7fc4e, -13.341500, -51.468300,2026-08-27 06:20:00,GOES-19,RIBEIRÃO CASCALHEIRA,MATO GROSSO,Brasil,5107180,51,33,,,,Cerrado,144.4
a6ec69d8-7d3b-3b3f-b836-625c3e8af213, -13.341900, -51.446900,2026-08-27 06:30:00,GOES-19,RIBEIRÃO CASCALHEIRA,MATO GROSSO,Brasil,5107180,51,33,,,,Cerrado,241.7
acfe423b-18a4-3778-b604-e33c00c9f063, -13.341500, -51.468300,2026-08-27 06:30:00,GOES-19,RIBEIRÃO CASCALHEIRA,MATO GROSSO,Brasil,5107180,51,33,,,,Cerrado,186.4
58eef265-cb4a-3d95-9dd3-2052c92e89a4, -13.323300, -51.406600,2026-08-27 06:30:00,GOES-19,RIBEIRÃO CASCALHEIRA,MATO GROSSO,Brasil,5107180,51,33,,,,Cerrado,69.9
6334a134-5e59-371f-b7b1-c50e5d72fb8f, -12.227400, -50.600700,2026-08-27 06:30:00,GOES-19,FORMOSO DO ARAGUAIA,TOCANTINS,Brasil,1708205,17,33,,,,Cerrado,193.6
1e093a37-4c29-3ef6-bad6-9d76ad052377,  -9.228200, -51.542800,2026-08-27 06:30:00,GOES-19,SÃO FÉLIX DO XINGU,PARÁ,Brasil,1507300,15,33,,,,Amazônia,63.5
83aefe46-65de-3b43-9007-9aa99a49cd7f, -13.361100, -51.444500,2026-08-27 06:30:00,GOES-19,RIBEIRÃO CASCALHEIRA,MATO GROSSO,Brasil,5107180,51,33,,,,Cerrado,86.0
3c1e544b-6866-3fbb-9071-cdf2b2cbc378, -13.322600, -51.449300,2026-08-27 06:30:00,GOES-19,RIBEIRÃO CASCALHEIRA,MATO GROSSO,Brasil,5107180,51,33,,,,Cerrado,122.6
ff70ec89-0c17-3fe7-8687-198d64961a30, -13.360700, -51.465900,2026-08-27 06:30:00,GOES-19,RIBEIRÃO CASCALHEIRA,MATO GROSSO,Brasil,5107180,51,33,,,,Cerrado,96.7
75a44a41-4452-315b-afc4-fedd2da76b51, -10.759600, -54.038400,2026-08-27 06:30:00,GOES-19,MARCELÂNDIA,MATO GROSSO,Brasil,5105580,51,33,,,,Amazônia,46.3
05401057-1e77-3c18-8563-606670cb8eae, -12.246500, -50.598400,2026-08-27 06:30:00,GOES-19,FORMOSO DO ARAGUAIA,TOCANTINS,Brasil,1708205,17,33,,,,Cerrado,67.3
eaf25a1f-4fcd-3c1f-aa7e-bbc1e12ab5c4, -12.227100, -50.622200,2026-08-27 06:30:00,GOES-19,FORMOSO DO ARAGUAIA,TOCANTINS,Brasil,1708205,17,33,,,,Cerrado,80.0
c95d1fcf-3a49-3b2a-a4a6-a73e66b647ae, -13.322300, -51.470700,2026-08-27 06:30:00,GOES-19,RIBEIRÃO CASCALHEIRA,MATO GROSSO,Brasil,5107180,51,33,,,,Cerrado,87.4
3116663b-c6b5-3fd1-8730-6af4f35ad7bc, -13.360700, -51.465900,2026-08-27 06:40:00,GOES-19,RIBEIRÃO CASCALHEIRA,MATO GROSSO,Brasil,5107180,51,33,,,,Cerrado,84.0
1195998e-3f5a-35fc-9119-21f29cdc5387, -13.361100, -51.444500,2026-08-27 06:40:00,GOES-19,RIBEIRÃO CASCALHEIRA,MATO GROSSO,Brasil,5107180,51,33,,,,Cerrado,92.9
bb30582a-f8c6-3e72-81b3-f174277acf44, -13.322600, -51.449300,2026-08-27 06:40:00,GOES-19,RIBEIRÃO CASCALHEIRA,MATO GROSSO,Brasil,5107180,51,33,,,,Cerrado,74.4
44b62f92-8dc2-34fb-9971-6a50b6cafb8f, -13.341900, -51.446900,2026-08-27 06:40:00,GOES-19,RIBEIRÃO CASCALHEIRA,MATO GROSSO,Brasil,5107180,51,33,,,,Cerrado,212.8
38e0df20-8323-3180-89c7-9d40bfa6447e, -12.227100, -50.622200,2026-08-27 06:40:00,GOES-19,FORMOSO DO ARAGUAIA,TOCANTINS,Brasil,1708205,17,33,,,,Cerrado,72.9
8fa35661-1260-3517-ab5c-efb347e0bad7, -10.759600, -54.038400,2026-08-27 06:40:00,GOES-19,MARCELÂNDIA,MATO GROSSO,Brasil,5105580,51,33,,,,Amazônia,50.1
8878714e-09bf-3345-a044-31e9e469e324, -13.323300, -51.406600,2026-08-27 06:40:00,GOES-19,RIBEIRÃO CASCALHEIRA,MATO GROSSO,Brasil,5107180,51,33,,,,Cerrado,83.3
c07d906c-5d3f-3875-9b92-02f4b92b185f, -12.208300, -50.603000,2026-08-27 06:40:00,GOES-19,FORMOSO DO ARAGUAIA,TOCANTINS,Brasil,1708205,17,33,,,,Cerrado,67.3
3e4d8f1a-b9d3-3791-a540-17c4588ed3fc, -13.341500, -51.468300,2026-08-27 06:40:00,GOES-19,RIBEIRÃO CASCALHEIRA,MATO GROSSO,Brasil,5107180,51,33,,,,Cerrado,118.3
034e1749-1aaa-3e5c-8bd3-75339a73194e, -12.246500, -50.598400,2026-08-27 06:40:00,GOES-19,FORMOSO DO ARAGUAIA,TOCANTINS,Brasil,1708205,17,33,,,,Cerrado,95.7
4287595f-f861-3c4a-bddf-af4cbc8501bc, -13.304100, -51.409000,2026-08-27 06:40:00,GOES-19,RIBEIRÃO CASCALHEIRA,MATO GROSSO,Brasil,5107180,51,33,,,,Cerrado,73.2
4507f3b9-4620-3795-aaa4-878ee806ee6a, -12.227400, -50.600700,2026-08-27 06:40:00,GOES-19,FORMOSO DO ARAGUAIA,TOCANTINS,Brasil,1708205,17,33,,,,Cerrado,198.9
29b2167d-181b-3ec2-9f79-91516e17b6bf, -12.208300, -50.603000,2026-08-27 06:50:00,GOES-19,FORMOSO DO ARAGUAIA,TOCANTINS,Brasil,1708205,17,33,,,,Cerrado,73.6
7f13415a-2fc5-3810-988c-c636fb5bbc6b, -12.227400, -50.600700,2026-08-27 06:50:00,GOES-19,FORMOSO DO ARAGUAIA,TOCANTINS,Brasil,1708205,17,33,,,,Cerrado,207.6
4c31ef2a-9596-39da-8f3b-3a53c61d13d7, -12.246500, -50.598400,2026-08-27 06:50:00,GOES-19,FORMOSO DO ARAGUAIA,TOCANTINS,Brasil,1708205,17,33,,,,Cerrado,140.4
5e789d00-69b8-354a-92e9-496d042bd4fe, -10.759600, -54.038400,2026-08-27 06:50:00,GOES-19,MARCELÂNDIA,MATO GROSSO,Brasil,5105580,51,33,,,,Amazônia,53.5
f054bbfb-47d6-339a-9c0b-94f587386d22, -12.227400, -50.600700,2026-08-27 07:00:00,GOES-19,FORMOSO DO ARAGUAIA,TOCANTINS,Brasil,1708205,17,33,,,,Cerrado,186.3
be350309-a36d-3881-953b-0f3d42efa4f3, -12.246500, -50.598400,2026-08-27 07:00:00,GOES-19,FORMOSO DO ARAGUAIA,TOCANTINS,Brasil,1708205,17,33,,,,Cerrado,162.3
84b4098e-e4f0-307c-87c8-5b5980e1779e, -10.759600, -54.038400,2026-08-27 07:00:00,GOES-19,MARCELÂNDIA,MATO GROSSO,Brasil,5105580,51,33,,,,Amazônia,51.3
94908617-3c9c-3f7b-959b-a151f85456f4,  -9.228200, -51.542800,2026-08-27 07:00:00,GOES-19,SÃO FÉLIX DO XINGU,PARÁ,Brasil,1507300,15,33,,,,Amazônia,55.5
8eb5eb59-af52-3a46-b78b-011a67c1e829, -12.246200, -50.619900,2026-08-27 07:00:00,GOES-19,FORMOSO DO ARAGUAIA,TOCANTINS,Brasil,1708205,17,33,,,,Cerrado,54.3
efea273e-24ec-3d85-8920-724419108b8c, -12.208300, -50.603000,2026-08-27 07:10:00,GOES-19,FORMOSO DO ARAGUAIA,TOCANTINS,Brasil,1708205,17,33,,,,Cerrado,72.9
3e5e9189-5a58-3008-8196-21e6a307b777, -12.227400, -50.600700,2026-08-27 07:10:00,GOES-19,FORMOSO DO ARAGUAIA,TOCANTINS,Brasil,1708205,17,33,,,,Cerrado,226.1
be2478e4-9ce4-3804-831b-96ef9d03237f, -12.246500, -50.598400,2026-08-27 07:10:00,GOES-19,FORMOSO DO ARAGUAIA,TOCANTINS,Brasil,1708205,17,33,,,,Cerrado,195.2
f04c29be-5c05-3c99-b1a9-3cf4ab0e9071,  -7.341800, -44.105300,2026-08-27 07:10:00,GOES-19,LANDRI SALES,PIAUÍ,Brasil,2205607,22,33,,,,Cerrado,57.9
6bc95e90-f643-3b40-996c-e7014cf29343, -12.227700, -50.579200,2026-08-27 07:10:00,GOES-19,FORMOSO DO ARAGUAIA,TOCANTINS,Brasil,1708205,17,33,,,,Cerrado,69.0
974cf967-2c32-3ced-b22e-f72bc01d115b, -13.320000, -51.450000,2026-08-27 07:15:00,MSG-03,RIBEIRÃO CASCALHEIRA,MATO GROSSO,Brasil,5107180,51,33,,,,Cerrado,
d4e6ef69-5898-3ed6-862b-3c1dba6a661b, -13.350000, -51.460000,2026-08-27 07:15:00,MSG-03,RIBEIRÃO CASCALHEIRA,MATO GROSSO,Brasil,5107180,51,33,,,,Cerrado,
a1a7898a-7898-3740-85f5-3a92ccff3c59, -13.322600, -51.449300,2026-08-27 07:20:00,GOES-19,RIBEIRÃO CASCALHEIRA,MATO GROSSO,Brasil,5107180,51,33,,,,Cerrado,64.0
25b9abc8-03c8-3472-8e64-fb62e0424547, -13.341500, -51.468300,2026-08-27 07:20:00,GOES-19,RIBEIRÃO CASCALHEIRA,MATO GROSSO,Brasil,5107180,51,33,,,,Cerrado,67.6
a7a90a77-61b9-313e-b3b6-c04a3f67cebd, -13.304100, -51.409000,2026-08-27 07:20:00,GOES-19,RIBEIRÃO CASCALHEIRA,MATO GROSSO,Brasil,5107180,51,33,,,,Cerrado,168.4
1adf0fc1-77b3-35de-8135-6a7f6d19f23b, -13.341900, -51.446900,2026-08-27 07:20:00,GOES-19,RIBEIRÃO CASCALHEIRA,MATO GROSSO,Brasil,5107180,51,33,,,,Cerrado,190.8
48274450-00f7-38d9-ac94-728734bdbdf1, -13.323700, -51.385300,2026-08-27 07:20:00,GOES-19,RIBEIRÃO CASCALHEIRA,MATO GROSSO,Brasil,5107180,51,33,,,,Cerrado,88.2
a6bd91ff-95d0-37c2-bdee-fc5d9e622923, -13.304500, -51.387700,2026-08-27 07:20:00,GOES-19,RIBEIRÃO CASCALHEIRA,MATO GROSSO,Brasil,5107180,51,33,,,,Cerrado,117.3
c988d9be-143d-3f1f-a5ab-187cec9fff2c, -12.227400, -50.600700,2026-08-27 07:20:00,GOES-19,FORMOSO DO ARAGUAIA,TOCANTINS,Brasil,1708205,17,33,,,,Cerrado,199.6
c350566d-fe2a-3776-bf42-81f43c44f93b, -13.413200, -51.778400,2026-08-27 07:20:00,GOES-19,RIBEIRÃO CASCALHEIRA,MATO GROSSO,Brasil,5107180,51,33,,,,Cerrado,54.8
498e28db-47e4-3775-a0e7-24e7616d95a4, -12.208600, -50.581500,2026-08-27 07:20:00,GOES-19,FORMOSO DO ARAGUAIA,TOCANTINS,Brasil,1708205,17,33,,,,Cerrado,47.9
24835250-5902-3187-a8f9-13485b875a49, -12.246500, -50.598400,2026-08-27 07:20:00,GOES-19,FORMOSO DO ARAGUAIA,TOCANTINS,Brasil,1708205,17,33,,,,Cerrado,160.9
ec7c0345-1546-32ef-a583-c40511a72c9c, -13.361100, -51.444500,2026-08-27 07:20:00,GOES-19,RIBEIRÃO CASCALHEIRA,MATO GROSSO,Brasil,5107180,51,33,,,,Cerrado,92.1
40c98532-7025-3966-9b80-945360e2cb41, -13.323300, -51.406600,2026-08-27 07:20:00,GOES-19,RIBEIRÃO CASCALHEIRA,MATO GROSSO,Brasil,5107180,51,33,,,,Cerrado,79.6
a7a8cb12-d562-3f3a-b01e-ac9723919930, -12.208300, -50.603000,2026-08-27 07:20:00,GOES-19,FORMOSO DO ARAGUAIA,TOCANTINS,Brasil,1708205,17,33,,,,Cerrado,85.0
30e4583c-acd3-3c43-acc7-9d3dc0f2672b, -12.246800, -50.577000,2026-08-27 07:20:00,GOES-19,FORMOSO DO ARAGUAIA,TOCANTINS,Brasil,1708205,17,33,,,,Cerrado,51.3
26d7414c-338e-3f91-b85e-49f89d97fa99, -12.227700, -50.579200,2026-08-27 07:20:00,GOES-19,FORMOSO DO ARAGUAIA,TOCANTINS,Brasil,1708205,17,33,,,,Cerrado,80.6
ab1da0a3-64c1-3d5c-8bcf-32934bc53312, -13.323700, -51.385300,2026-08-27 07:30:00,GOES-19,RIBEIRÃO CASCALHEIRA,MATO GROSSO,Brasil,5107180,51,33,,,,Cerrado,76.6
e687785e-410f-363a-8dc5-419373b05e7d, -12.246500, -50.598400,2026-08-27 07:30:00,GOES-19,FORMOSO DO ARAGUAIA,TOCANTINS,Brasil,1708205,17,33,,,,Cerrado,172.2
242dc7c2-ecce-38f2-87a0-0f01958317e6, -12.227700, -50.579200,2026-08-27 07:30:00,GOES-19,FORMOSO DO ARAGUAIA,TOCANTINS,Brasil,1708205,17,33,,,,Cerrado,98.6
c20f0e8d-d2f6-398b-9e0f-9ce354235234, -12.208600, -50.581500,2026-08-27 07:30:00,GOES-19,FORMOSO DO ARAGUAIA,TOCANTINS,Brasil,1708205,17,33,,,,Cerrado,53.1
b5d60663-d999-3e6c-8d98-595425f76b37, -12.246800, -50.577000,2026-08-27 07:30:00,GOES-19,FORMOSO DO ARAGUAIA,TOCANTINS,Brasil,1708205,17,33,,,,Cerrado,53.5
f70e32bf-34b2-33d4-8dac-07c36c3dd261, -13.341900, -51.446900,2026-08-27 07:30:00,GOES-19,RIBEIRÃO CASCALHEIRA,MATO GROSSO,Brasil,5107180,51,33,,,,Cerrado,70.9
00277c8e-7e54-371d-8bc8-ffcdea618627, -12.227400, -50.600700,2026-08-27 07:30:00,GOES-19,FORMOSO DO ARAGUAIA,TOCANTINS,Brasil,1708205,17,33,,,,Cerrado,183.9
e3bfe5ee-4589-36f2-a070-ec07ab2060d2, -13.304500, -51.387700,2026-08-27 07:30:00,GOES-19,RIBEIRÃO CASCALHEIRA,MATO GROSSO,Brasil,5107180,51,33,,,,Cerrado,106.5
d8f6fc15-58d3-355f-b24c-d647f6d2e332, -13.304100, -51.409000,2026-08-27 07:30:00,GOES-19,RIBEIRÃO CASCALHEIRA,MATO GROSSO,Brasil,5107180,51,33,,,,Cerrado,70.0
2c4aa911-53c0-3cfe-8f4f-30d1c5db2fd2, -12.208300, -50.603000,2026-08-27 07:30:00,GOES-19,FORMOSO DO ARAGUAIA,TOCANTINS,Brasil,1708205,17,33,,,,Cerrado,67.9
366fb22f-4198-3838-94b7-77fc0e99b722,  -8.116000, -45.471500,2026-08-27 07:40:00,GOES-19,RIBEIRO GONÇALVES,PIAUÍ,Brasil,2208908,22,33,,,,Cerrado,60.4
453e961a-bde7-3d32-89ac-4bbd22e6b34d, -12.227400, -50.600700,2026-08-27 07:40:00,GOES-19,FORMOSO DO ARAGUAIA,TOCANTINS,Brasil,1708205,17,33,,,,Cerrado,153.4
dfddfc4d-cf0a-3b51-a121-5a8f14eff9f5, -12.208300, -50.603000,2026-08-27 07:40:00,GOES-19,FORMOSO DO ARAGUAIA,TOCANTINS,Brasil,1708205,17,33,,,,Cerrado,70.0
8fb654f9-591a-38be-8ab0-510be3473245, -13.304500, -51.387700,2026-08-27 07:40:00,GOES-19,RIBEIRÃO CASCALHEIRA,MATO GROSSO,Brasil,5107180,51,33,,,,Cerrado,96.7
ac1a3454-433d-3416-a165-9596b6202e63, -12.246500, -50.598400,2026-08-27 07:40:00,GOES-19,FORMOSO DO ARAGUAIA,TOCANTINS,Brasil,1708205,17,33,,,,Cerrado,126.9
d57f29ab-6496-3247-b13d-1b25bf2d2dfc, -12.227700, -50.579200,2026-08-27 07:40:00,GOES-19,FORMOSO DO ARAGUAIA,TOCANTINS,Brasil,1708205,17,33,,,,Cerrado,71.6
15afff79-29e6-3b4a-ab95-ae6d383c1e69, -12.208600, -50.581500,2026-08-27 07:40:00,GOES-19,FORMOSO DO ARAGUAIA,TOCANTINS,Brasil,1708205,17,33,,,,Cerrado,56.3
